source_dataset,source_video_id,identifier,source_url,video_url,title,description,creator,date,license_url,sport_label,candidate_gender,candidate_age,gender_category,age_category,search_phrase,video_filename,video_bytes,video_duration_sec,review_status,error
InternetArchive,IA:btvnj-Brookdale_Women_s_Basketball_vs_Northampton_16_February_2026,btvnj-Brookdale_Women_s_Basketball_vs_Northampton_16_February_2026,https://archive.org/details/btvnj-Brookdale_Women_s_Basketball_vs_Northampton_16_February_2026,https://archive.org/download/btvnj-Brookdale_Women_s_Basketball_vs_Northampton_16_February_2026/Brookdale_Women_s_Basketball_vs_Northampton_16_February_2026.mp4,Brookdale Women's Basketball vs Northampton 16 February 2026,Jersey Blues vs. Spartans,BrookdaleTV,2026-02-17,,basketball,female,,,,Women's Basketball,Brookdale_Women_s_Basketball_vs_Northampton_16_February_2026.mp4,850616133,8765.02,unreviewed,
InternetArchive,IA:cittvny-9-seed_Syracuse_Women_s_Basketball_vs._8-seed_Iowa_State_Cuse_Countdown_March_21st_2026,cittvny-9-seed_Syracuse_Women_s_Basketball_vs._8-seed_Iowa_State_Cuse_Countdown_March_21st_2026,https://archive.org/details/cittvny-9-seed_Syracuse_Women_s_Basketball_vs._8-seed_Iowa_State_Cuse_Countdown_March_21st_2026,https://archive.org/download/cittvny-9-seed_Syracuse_Women_s_Basketball_vs._8-seed_Iowa_State_Cuse_Countdown_March_21st_2026/9-seed_Syracuse_Women_s_Basketball_vs._8-seed_Iowa_State_Cuse_Countdown_March_21st_2026.mp4,"9-seed Syracuse Women's Basketball vs. 8-seed Iowa State - 'Cuse Countdown - March 21st, 2026",Host: AJ Myers<br />Analysts: Alex Burstein & Dan Shalam<br />Executive Producer: Landon Stilz<br />Sports Director: Matthew Parry,CitrusTV,2026-03-21,,basketball,female,,,,Women's Basketball,9-seed_Syracuse_Women_s_Basketball_vs._8-seed_Iowa_State_Cuse_Countdown_March_21st_2026.mp4,171627903,1800.94,unreviewed,
InternetArchive,IA:cittvny-Syracuse_women_s_basketball_postgame_press_conference_vs_Clemson,cittvny-Syracuse_women_s_basketball_postgame_press_conference_vs_Clemson,https://archive.org/details/cittvny-Syracuse_women_s_basketball_postgame_press_conference_vs_Clemson,https://archive.org/download/cittvny-Syracuse_women_s_basketball_postgame_press_conference_vs_Clemson/Syracuse_women_s_basketball_postgame_press_conference_vs_Clemson.mp4,Syracuse women's basketball postgame press conference vs Clemson,,CitrusTV,2026-02-16,,basketball,female,,,,Women's Basketball,Syracuse_women_s_basketball_postgame_press_conference_vs_Clemson.mp4,97191460,994.88,unreviewed,
InternetArchive,IA:klhsmo-Liberty_Blue_Jays_Women_s_Basketball_vs._St._Joe_Central_Indians_Feb_20_2026,klhsmo-Liberty_Blue_Jays_Women_s_Basketball_vs._St._Joe_Central_Indians_Feb_20_2026,https://archive.org/details/klhsmo-Liberty_Blue_Jays_Women_s_Basketball_vs._St._Joe_Central_Indians_Feb_20_2026,https://archive.org/download/klhsmo-Liberty_Blue_Jays_Women_s_Basketball_vs._St._Joe_Central_Indians_Feb_20_2026/Liberty_Blue_Jays_Women_s_Basketball_vs._St._Joe_Central_Indians_Feb_20_2026.mp4,"Liberty Blue Jays Women's Basketball vs. St. Joe Central Indians - Feb 20, 2026",,KLHS TV,2026-02-21,,basketball,female,,,,Women's Basketball,Liberty_Blue_Jays_Women_s_Basketball_vs._St._Joe_Central_Indians_Feb_20_2026.mp4,130753069,1367.19,unreviewed,
InternetArchive,IA:klhsmo-Liberty_Blue_Jays_Women_s_Basketball_vs._St._Joe_Central_Indians_PART_2_Feb_20_2026,klhsmo-Liberty_Blue_Jays_Women_s_Basketball_vs._St._Joe_Central_Indians_PART_2_Feb_20_2026,https://archive.org/details/klhsmo-Liberty_Blue_Jays_Women_s_Basketball_vs._St._Joe_Central_Indians_PART_2_Feb_20_2026,https://archive.org/download/klhsmo-Liberty_Blue_Jays_Women_s_Basketball_vs._St._Joe_Central_Indians_PART_2_Feb_20_2026/Liberty_Blue_Jays_Women_s_Basketball_vs._St._Joe_Central_Indians_PART_2_Feb_20_2026.mp4,"Liberty Blue Jays Women's Basketball vs. St. Joe Central Indians PART 2 - Feb 20, 2026",,KLHS TV,2026-02-21,,basketball,female,,,,Women's Basketball,Liberty_Blue_Jays_Women_s_Basketball_vs._St._Joe_Central_Indians_PART_2_Feb_20_2026.mp4,343114232,3589.78,unreviewed,
InternetArchive,IA:mctvmcma-Merrimack_vs._Canisius_-_Women_s_Basketball_Live_Pregame_Show,mctvmcma-Merrimack_vs._Canisius_-_Women_s_Basketball_Live_Pregame_Show,https://archive.org/details/mctvmcma-Merrimack_vs._Canisius_-_Women_s_Basketball_Live_Pregame_Show,https://archive.org/download/mctvmcma-Merrimack_vs._Canisius_-_Women_s_Basketball_Live_Pregame_Show/Merrimack_vs._Canisius_-_Women_s_Basketball_Live_Pregame_Show.mp4,Merrimack vs. Canisius - Women's Basketball Live Pregame Show!,Join MCTV for a live pregame show before the warriors take on the Griffins!,MCTV Merrimack College,2026-02-27,,basketball,female,,,,Women's Basketball,Merrimack_vs._Canisius_-_Women_s_Basketball_Live_Pregame_Show.mp4,316311289,3251.65,unreviewed,
InternetArchive,IA:pikevky-UPIKE_Women_s_Basketball_vs_Montreat_College_-_February_21_2026,pikevky-UPIKE_Women_s_Basketball_vs_Montreat_College_-_February_21_2026,https://archive.org/details/pikevky-UPIKE_Women_s_Basketball_vs_Montreat_College_-_February_21_2026,https://archive.org/download/pikevky-UPIKE_Women_s_Basketball_vs_Montreat_College_-_February_21_2026/UPIKE_Women_s_Basketball_vs_Montreat_College_-_February_21_2026.mp4,"UPIKE Women's Basketball vs Montreat College - February 21, 2026",,Pike TV,2026-02-26,,basketball,female,,,,Women's Basketball,UPIKE_Women_s_Basketball_vs_Montreat_College_-_February_21_2026.mp4,664687351,6814.2,unreviewed,
InternetArchive,IA:pikevky-UPIKE_Women_s_Basketball_vs_Spartanburg_Methodist_College_-_February_16_2026,pikevky-UPIKE_Women_s_Basketball_vs_Spartanburg_Methodist_College_-_February_16_2026,https://archive.org/details/pikevky-UPIKE_Women_s_Basketball_vs_Spartanburg_Methodist_College_-_February_16_2026,https://archive.org/download/pikevky-UPIKE_Women_s_Basketball_vs_Spartanburg_Methodist_College_-_February_16_2026/UPIKE_Women_s_Basketball_vs_Spartanburg_Methodist_College_-_February_16_2026.mp4,"UPIKE Women's Basketball vs Spartanburg Methodist College - February 16, 2026",,Pike TV,2026-02-21,,basketball,female,,,,Women's Basketball,UPIKE_Women_s_Basketball_vs_Spartanburg_Methodist_College_-_February_16_2026.mp4,609645346,6254.71,unreviewed,
InternetArchive,IA:rpttvny-RPI_Women_s_Basketball_VS_Skidmore_College_First_Round_Playoffs,rpttvny-RPI_Women_s_Basketball_VS_Skidmore_College_First_Round_Playoffs,https://archive.org/details/rpttvny-RPI_Women_s_Basketball_VS_Skidmore_College_First_Round_Playoffs,https://archive.org/download/rpttvny-RPI_Women_s_Basketball_VS_Skidmore_College_First_Round_Playoffs/RPI_Women_s_Basketball_VS_Skidmore_College_First_Round_Playoffs.mp4,RPI Women's Basketball VS Skidmore College - First Round Playoffs,,RPI TV,2026-02-25,,basketball,female,,,,Women's Basketball,RPI_Women_s_Basketball_VS_Skidmore_College_First_Round_Playoffs.mp4,626495657,6326.39,unreviewed,
InternetArchive,IA:sgtvsc-Gamecock_Women_s_Basketball_vs._17_Ole_Miss_Feb._22_2026,sgtvsc-Gamecock_Women_s_Basketball_vs._17_Ole_Miss_Feb._22_2026,https://archive.org/details/sgtvsc-Gamecock_Women_s_Basketball_vs._17_Ole_Miss_Feb._22_2026,https://archive.org/download/sgtvsc-Gamecock_Women_s_Basketball_vs._17_Ole_Miss_Feb._22_2026/Gamecock_Women_s_Basketball_vs._17_Ole_Miss_Feb._22_2026.mp4,"Gamecock Women's Basketball vs. #17 Ole Miss - Feb. 22, 2026",The #3 South Carolina Gamecocks Women’s Basketball team hosts the #17 Ole Miss and ESPN’s College Gameday with a chance to secure their fifth consecutive SEC Regular Season Title. <br /><br />Anchor: Pierce Morgan<br />Producer: Brett Calabrese,Student Gamecock Television - SGTV,2026-02-23,,basketball,female,,,,Women's Basketball,Gamecock_Women_s_Basketball_vs._17_Ole_Miss_Feb._22_2026.mp4,13720318,147.61,unreviewed,
InternetArchive,IA:sgtvsc-Gamecock_Women_s_Basketball_vs._Missouri_Feb._26_2026,sgtvsc-Gamecock_Women_s_Basketball_vs._Missouri_Feb._26_2026,https://archive.org/details/sgtvsc-Gamecock_Women_s_Basketball_vs._Missouri_Feb._26_2026,https://archive.org/download/sgtvsc-Gamecock_Women_s_Basketball_vs._Missouri_Feb._26_2026/Gamecock_Women_s_Basketball_vs._Missouri_Feb._26_2026.mp4,"Gamecock Women's Basketball vs. Missouri - Feb. 26, 2026",The South Carolina Women's Basketball team looks to clinch sole possession of the SEC regular season title with a win against the Missouri Tigers on Senior Night.<br /><br />Anchor: Zander Collins<br />Producer: Brett Calabrese,Student Gamecock Television - SGTV,2026-02-27,,basketball,female,,,,Women's Basketball,Gamecock_Women_s_Basketball_vs._Missouri_Feb._26_2026.mp4,13071497,138.58,unreviewed,
InternetArchive,IA:sgtvsc-Gamecock_Women_s_Basketball_vs._Southern_NCAA_Tournament_Mar._21_2026,sgtvsc-Gamecock_Women_s_Basketball_vs._Southern_NCAA_Tournament_Mar._21_2026,https://archive.org/details/sgtvsc-Gamecock_Women_s_Basketball_vs._Southern_NCAA_Tournament_Mar._21_2026,https://archive.org/download/sgtvsc-Gamecock_Women_s_Basketball_vs._Southern_NCAA_Tournament_Mar._21_2026/Gamecock_Women_s_Basketball_vs._Southern_NCAA_Tournament_Mar._21_2026.mp4,"Gamecock Women's Basketball vs. Southern NCAA Tournament - Mar. 21, 2026",The South Carolina Gamecocks take on the Southern Jaguars as the NCAA March Madness Tournament begins in Columbia. <br /><br />Anchor: Pierce Morgan<br />Producer: Zander Collins,Student Gamecock Television - SGTV,2026-03-22,,basketball,female,,,,Women's Basketball,Gamecock_Women_s_Basketball_vs._Southern_NCAA_Tournament_Mar._21_2026.mp4,11271433,117.84,unreviewed,
InternetArchive,IA:sgtvsc-Gamecock_Women_s_Basketball_vs._UCLA_National_Championship_April_5_2026,sgtvsc-Gamecock_Women_s_Basketball_vs._UCLA_National_Championship_April_5_2026,https://archive.org/details/sgtvsc-Gamecock_Women_s_Basketball_vs._UCLA_National_Championship_April_5_2026,https://archive.org/download/sgtvsc-Gamecock_Women_s_Basketball_vs._UCLA_National_Championship_April_5_2026/Gamecock_Women_s_Basketball_vs._UCLA_National_Championship_April_5_2026.mp4,"Gamecock Women's Basketball vs. UCLA National Championship - April 5, 2026","The Gamecocks battle it out against the Bruins to decide the National Champion. A South Carolina win would mean a fourth title, and for UCLA, it would mean winning its first in its first appearance in the title game.<br /><br />Anchor: Zander Collins<br />Producer: Brett Calabrese",Student Gamecock Television - SGTV,2026-04-06,,basketball,female,,,,Women's Basketball,Gamecock_Women_s_Basketball_vs._UCLA_National_Championship_April_5_2026.mp4,13167534,138.63,unreviewed,
InternetArchive,IA:sgtvsc-Gamecock_Women_s_Basketball_vs._UConn_Final_Four_April_3_2026,sgtvsc-Gamecock_Women_s_Basketball_vs._UConn_Final_Four_April_3_2026,https://archive.org/details/sgtvsc-Gamecock_Women_s_Basketball_vs._UConn_Final_Four_April_3_2026,https://archive.org/download/sgtvsc-Gamecock_Women_s_Basketball_vs._UConn_Final_Four_April_3_2026/Gamecock_Women_s_Basketball_vs._UConn_Final_Four_April_3_2026.mp4,"Gamecock Women's Basketball vs. UConn Final Four - April 3, 2026",The Gamecocks look to advance to the National Championship with a matchup against the undefeated UConn Huskies in a rematch of last year's title game. <br /><br />Anchor: Zander Collins<br />Producer: Brett Calabrese,Student Gamecock Television - SGTV,2026-04-04,,basketball,female,,,,Women's Basketball,Gamecock_Women_s_Basketball_vs._UConn_Final_Four_April_3_2026.mp4,12732352,135.26,unreviewed,
InternetArchive,IA:sgtvsc-Gamecock_Women_s_Basketball_vs._USC_NCAA_Tournament_Mar._23_2026,sgtvsc-Gamecock_Women_s_Basketball_vs._USC_NCAA_Tournament_Mar._23_2026,https://archive.org/details/sgtvsc-Gamecock_Women_s_Basketball_vs._USC_NCAA_Tournament_Mar._23_2026,https://archive.org/download/sgtvsc-Gamecock_Women_s_Basketball_vs._USC_NCAA_Tournament_Mar._23_2026/Gamecock_Women_s_Basketball_vs._USC_NCAA_Tournament_Mar._23_2026.mp4,"Gamecock Women's Basketball vs. USC NCAA Tournament - Mar. 23, 2026","A trip to the Sweet 16 and the title of ""the real USC"" are on the line in the matchup between the South Carolina Gamecocks and the Southern California Trojans.<br /><br />Anchor: Zander Collins<br />Producer: Jonah Spiegelman",Student Gamecock Television - SGTV,2026-03-24,,basketball,female,,,,Women's Basketball,Gamecock_Women_s_Basketball_vs._USC_NCAA_Tournament_Mar._23_2026.mp4,9872321,104.49,unreviewed,
InternetArchive,IA:ttval-Women_s_Basketball_Vs._Southern_Miss_-_TROY_TrojanVision_News,ttval-Women_s_Basketball_Vs._Southern_Miss_-_TROY_TrojanVision_News,https://archive.org/details/ttval-Women_s_Basketball_Vs._Southern_Miss_-_TROY_TrojanVision_News,https://archive.org/download/ttval-Women_s_Basketball_Vs._Southern_Miss_-_TROY_TrojanVision_News/Women_s_Basketball_Vs._Southern_Miss_-_TROY_TrojanVision_News.mp4,Women's Basketball Vs. Southern Miss - TROY TrojanVision News,"Makayley Boswell wasn't the only Trojan to be named player of the week, as zay dyer also earned the honors. This is following a dominate game against southern miss over the weekend. Donald Staplews has the action.",Troy Trojan Vision,2026-02-25,,basketball,female,,,,Women's Basketball,Women_s_Basketball_Vs._Southern_Miss_-_TROY_TrojanVision_News.mp4,10961207,117.03,unreviewed,
InternetArchive,IA:ttval-Women_s_Basketball_vs_App_St._-_TROY_TrojanVision_News,ttval-Women_s_Basketball_vs_App_St._-_TROY_TrojanVision_News,https://archive.org/details/ttval-Women_s_Basketball_vs_App_St._-_TROY_TrojanVision_News,https://archive.org/download/ttval-Women_s_Basketball_vs_App_St._-_TROY_TrojanVision_News/Women_s_Basketball_vs_App_St._-_TROY_TrojanVision_News.mp4,Women's Basketball vs App St.  - TROY TrojanVision News,The TROY women's basketball team welcomed Appalachian state to the Trojan Arena. Donald Stables has the story.,Troy Trojan Vision,2026-02-16,,basketball,female,,,,Women's Basketball,Women_s_Basketball_vs_App_St._-_TROY_TrojanVision_News.mp4,8347181,91.16,unreviewed,
InternetArchive,IA:ttval-Women_s_Basketball_vs_Louisiana_-_TROY_TrojanVision_News,ttval-Women_s_Basketball_vs_Louisiana_-_TROY_TrojanVision_News,https://archive.org/details/ttval-Women_s_Basketball_vs_Louisiana_-_TROY_TrojanVision_News,https://archive.org/download/ttval-Women_s_Basketball_vs_Louisiana_-_TROY_TrojanVision_News/Women_s_Basketball_vs_Louisiana_-_TROY_TrojanVision_News.mp4,Women's Basketball vs Louisiana - TROY TrojanVision News,History was made Thursday night in more ways than one. Hunter Boozer has the action.,Troy Trojan Vision,2026-02-16,,basketball,female,,,,Women's Basketball,Women_s_Basketball_vs_Louisiana_-_TROY_TrojanVision_News.mp4,9222804,94.74,unreviewed,
InternetArchive,IA:ttval-Women_s_Basketball_vs_South_-_TROY_TrojanVision_News,ttval-Women_s_Basketball_vs_South_-_TROY_TrojanVision_News,https://archive.org/details/ttval-Women_s_Basketball_vs_South_-_TROY_TrojanVision_News,https://archive.org/download/ttval-Women_s_Basketball_vs_South_-_TROY_TrojanVision_News/Women_s_Basketball_vs_South_-_TROY_TrojanVision_News.mp4,Women's Basketball vs South - TROY TrojanVision News,"Moving to the hardwood, TROY women's basketball is heading to that team in Mobile for their final game of the season as the Trojans hope to put an exclamation point on a historic season.\r<br />Moving to the hardwood, TROY women's basketball is heading to that team in Mobile for their final game of the season as the Trojans hope to put an exclamation point on a historic season.",Troy Trojan Vision,2026-03-02,,basketball,female,,,,Women's Basketball,Women_s_Basketball_vs_South_-_TROY_TrojanVision_News.mp4,4257321,43.75,unreviewed,
InternetArchive,IA:ttval-Women_s_Basketball_vs_University_of_Louisiana_at_Monroe_-_TROY_TrojanVision_News,ttval-Women_s_Basketball_vs_University_of_Louisiana_at_Monroe_-_TROY_TrojanVision_News,https://archive.org/details/ttval-Women_s_Basketball_vs_University_of_Louisiana_at_Monroe_-_TROY_TrojanVision_News,https://archive.org/download/ttval-Women_s_Basketball_vs_University_of_Louisiana_at_Monroe_-_TROY_TrojanVision_News/Women_s_Basketball_vs_University_of_Louisiana_at_Monroe_-_TROY_TrojanVision_News.mp4,Women's Basketball vs University of Louisiana at Monroe - TROY TrojanVision News,"The Trojans took on ULM and had a close call, here's the action.",Troy Trojan Vision,2026-02-16,,basketball,female,,,,Women's Basketball,Women_s_Basketball_vs_University_of_Louisiana_at_Monroe_-_TROY_TrojanVision_News.mp4,12499859,132.24,unreviewed,
InternetArchive,IA:uatvar-Arkansas_vs_Mississippi_State_Women_s_Basketball,uatvar-Arkansas_vs_Mississippi_State_Women_s_Basketball,https://archive.org/details/uatvar-Arkansas_vs_Mississippi_State_Women_s_Basketball,https://archive.org/download/uatvar-Arkansas_vs_Mississippi_State_Women_s_Basketball/Arkansas_vs_Mississippi_State_Women_s_Basketball.mp4,Arkansas vs Mississippi State Women's Basketball,,UATV News,2026-02-17,,basketball,female,,,,Women's Basketball,Arkansas_vs_Mississippi_State_Women_s_Basketball.mp4,739585434,7492.2,unreviewed,
InternetArchive,IA:uatvar-Razorback_Women_s_Basketball_-_4_Texas_Longhorns_vs._Arkansas,uatvar-Razorback_Women_s_Basketball_-_4_Texas_Longhorns_vs._Arkansas,https://archive.org/details/uatvar-Razorback_Women_s_Basketball_-_4_Texas_Longhorns_vs._Arkansas,https://archive.org/download/uatvar-Razorback_Women_s_Basketball_-_4_Texas_Longhorns_vs._Arkansas/Razorback_Women_s_Basketball_-_4_Texas_Longhorns_vs._Arkansas.mp4,Razorback Women's Basketball: #4 Texas Longhorns vs. Arkansas,,UATV News,2026-02-20,,basketball,female,,,,Women's Basketball,Razorback_Women_s_Basketball_-_4_Texas_Longhorns_vs._Arkansas.mp4,852274324,9065.33,unreviewed,
InternetArchive,IA:uctvct-UConn_Women_s_Basketball_Student_Athlete_Media_Availability_vs._Providence_Senior_Night,uctvct-UConn_Women_s_Basketball_Student_Athlete_Media_Availability_vs._Providence_Senior_Night,https://archive.org/details/uctvct-UConn_Women_s_Basketball_Student_Athlete_Media_Availability_vs._Providence_Senior_Night,https://archive.org/download/uctvct-UConn_Women_s_Basketball_Student_Athlete_Media_Availability_vs._Providence_Senior_Night/UConn_Women_s_Basketball_Student_Athlete_Media_Availability_vs._Providence_Senior_Night.mp4,UConn Women's Basketball Student Athlete Media Availability vs.  Providence (Senior Night),"Hear from Serah Williams, Caroline Ducharme, and Azzi Fudd ahead of tomorrow's Senior Night matchup against Providence.",UCTV,2026-02-21,,basketball,female,,,,Women's Basketball,UConn_Women_s_Basketball_Student_Athlete_Media_Availability_vs._Providence_Senior_Night.mp4,173006516,1794.83,unreviewed,
InternetArchive,IA:wtopny-SUNY_Oswego_Women_s_Basketball_vs_Buffalo_State_February_21st_2026,wtopny-SUNY_Oswego_Women_s_Basketball_vs_Buffalo_State_February_21st_2026,https://archive.org/details/wtopny-SUNY_Oswego_Women_s_Basketball_vs_Buffalo_State_February_21st_2026,https://archive.org/download/wtopny-SUNY_Oswego_Women_s_Basketball_vs_Buffalo_State_February_21st_2026/SUNY_Oswego_Women_s_Basketball_vs_Buffalo_State_February_21st_2026.mp4,"SUNY Oswego Women's Basketball vs Buffalo State  - February 21st, 2026",,WTOP10TV,2026-02-22,,basketball,female,,,,Women's Basketball,SUNY_Oswego_Women_s_Basketball_vs_Buffalo_State_February_21st_2026.mp4,619401676,6274.03,unreviewed,
InternetArchive,IA:wtopny-SUNY_Oswego_Women_s_Basketball_vs_Fredonia_February_20th_2026,wtopny-SUNY_Oswego_Women_s_Basketball_vs_Fredonia_February_20th_2026,https://archive.org/details/wtopny-SUNY_Oswego_Women_s_Basketball_vs_Fredonia_February_20th_2026,https://archive.org/download/wtopny-SUNY_Oswego_Women_s_Basketball_vs_Fredonia_February_20th_2026/SUNY_Oswego_Women_s_Basketball_vs_Fredonia_February_20th_2026.mp4,"SUNY Oswego Women's Basketball vs Fredonia - February 20th, 2026",,WTOP10TV,2026-02-21,,basketball,female,,,,Women's Basketball,SUNY_Oswego_Women_s_Basketball_vs_Fredonia_February_20th_2026.mp4,695884089,7011.2,unreviewed,
InternetArchive,IA:btvnj-2_November_Men_s_Basketball_Northern_Essex_vs_Monroe,btvnj-2_November_Men_s_Basketball_Northern_Essex_vs_Monroe,https://archive.org/details/btvnj-2_November_Men_s_Basketball_Northern_Essex_vs_Monroe,https://archive.org/download/btvnj-2_November_Men_s_Basketball_Northern_Essex_vs_Monroe/2_November_Men_s_Basketball_Northern_Essex_vs_Monroe.mp4,2 November Men's Basketball Northern Essex vs Monroe,,BrookdaleTV,2026-02-15,,basketball,male,,,,Men's Basketball,2_November_Men_s_Basketball_Northern_Essex_vs_Monroe.mp4,495701091,5124.41,unreviewed,
InternetArchive,IA:btvnj-Brookdale_Men_s_Basketball_vs_Union_14_February_2026,btvnj-Brookdale_Men_s_Basketball_vs_Union_14_February_2026,https://archive.org/details/btvnj-Brookdale_Men_s_Basketball_vs_Union_14_February_2026,https://archive.org/download/btvnj-Brookdale_Men_s_Basketball_vs_Union_14_February_2026/Brookdale_Men_s_Basketball_vs_Union_14_February_2026.mp4,Brookdale Men's Basketball vs Union 14 February 2026,Brookdale - 45<br />Union - 69,BrookdaleTV,2026-02-14,,basketball,male,,,,Men's Basketball,Brookdale_Men_s_Basketball_vs_Union_14_February_2026.mp4,247923134,2575.02,unreviewed,
InternetArchive,IA:cittvny-Syracuse_Men_s_Basketball_vs_Pittsburgh_Preview_Cuse_Countdown_Pregame_March_6th_2026,cittvny-Syracuse_Men_s_Basketball_vs_Pittsburgh_Preview_Cuse_Countdown_Pregame_March_6th_2026,https://archive.org/details/cittvny-Syracuse_Men_s_Basketball_vs_Pittsburgh_Preview_Cuse_Countdown_Pregame_March_6th_2026,https://archive.org/download/cittvny-Syracuse_Men_s_Basketball_vs_Pittsburgh_Preview_Cuse_Countdown_Pregame_March_6th_2026/Syracuse_Men_s_Basketball_vs_Pittsburgh_Preview_Cuse_Countdown_Pregame_March_6th_2026.mp4,"Syracuse Men's Basketball vs Pittsburgh Preview - 'Cuse Countdown Pregame - March 6th, 2026",Host: Nico Horning<br />Analysts: Jish Sokolsky & Nick King<br />Reporter: Gabe Perrin<br />Executive Producer: Landon Stilz<br />Sports Director: Matthew Parry,CitrusTV,2026-03-06,,basketball,male,,,,Men's Basketball,Syracuse_Men_s_Basketball_vs_Pittsburgh_Preview_Cuse_Countdown_Pregame_March_6th_2026.mp4,173678365,1799.48,unreviewed,
InternetArchive,IA:cittvny-UNC_Men_s_Basketball_Head_Coach_Hubert_Davis_Postgame_vs_Syracuse,cittvny-UNC_Men_s_Basketball_Head_Coach_Hubert_Davis_Postgame_vs_Syracuse,https://archive.org/details/cittvny-UNC_Men_s_Basketball_Head_Coach_Hubert_Davis_Postgame_vs_Syracuse,https://archive.org/download/cittvny-UNC_Men_s_Basketball_Head_Coach_Hubert_Davis_Postgame_vs_Syracuse/UNC_Men_s_Basketball_Head_Coach_Hubert_Davis_Postgame_vs_Syracuse.mp4,UNC Men's Basketball Head Coach Hubert Davis Postgame vs Syracuse,#16 North Carolina Men's Basketball Head Coach postgame press conference following 77-64 win vs. Syracuse.,CitrusTV,2026-02-21,,basketball,male,,,,Men's Basketball,UNC_Men_s_Basketball_Head_Coach_Hubert_Davis_Postgame_vs_Syracuse.mp4,54703803,567.66,unreviewed,
InternetArchive,IA:duke-tcu-ncaasecond-2026-bask,duke-tcu-ncaasecond-2026-bask,https://archive.org/details/duke-tcu-ncaasecond-2026-bask,https://archive.org/download/duke-tcu-ncaasecond-2026-bask/DUKE-TCU-NCAASECOND-2026-BASK.mp4,Duke vs TCU - NCAA Second Round Men's Basketball - 2026,"<div style=""color:rgb(44,44,44);font-family:'Helvetica Neue', Helvetica, Arial, sans-serif;font-size:14px;background-color:rgb(255,255,255);"">Recorded using my DVR box. May need to skip ahead to see the full game.</div><div style=""color:rgb(44,44,44);font-family:'Helvetica Neue', Helvetica, Arial, sans-serif;font-size:14px;background-color:rgb(255,255,255);"">NOTICE!</div><div style=""color:rgb(44,44,44);font-family:'Helvetica Neue', Helvetica, Arial, sans-serif;font-size:14px;background-color:rgb(255,255,255);""><div class=""html-div xdj266r x14z9mp xat24cr x1lziwak xexx8yu xyri2b x18d9i69 x1c1uobl""><div class=""html-div xdj266r x14z9mp xat24cr x1lziwak xexx8yu xyri2b x18d9i69 x1c1uobl""><div class=""x1l90r2v x1iorvi4 x1g0dm76 xpdmqnj""><div class=""x78zum5 xdt5ytf xz62fqu x16ldp7u""><div class=""xu06os2 x1ok221b""><span class=""x193iq5w xeuugli x13faqbe x1vvkbs x1xmvt09 x1lliihq x1s928wv xhkezso x1gmr53x x1cpjm7i x1fgarty x1943h6x xudqn12 x3x7a5m x6prxxf xvq8zen xo1l8bm xzsf02u x1yc453h""></span><div class=""html-div xdj266r x14z9mp xat24cr x1lziwak xexx8yu xyri2b x18d9i69 x1c1uobl""><div class=""xdj266r x14z9mp xat24cr x1lziwak x1vvkbs x126k92a""><div>The<br />Fair Use Act of 1976, also known as Section 107 of the Copyright Act,<br />allows for the use of copyrighted material for certain purposes without<br />infringing on the copyright holder's rights:</div><div>criticism, comment, news reporting, teaching, scholarship, and research.</div><div>ALL RIGHTS ARE GIVEN TO THE NCAA, CBS AND PARAMOUNT SKYDANCE. I DO NOT OWN THE RIGHTS TO THIS VIDEO.</div></div></div></div></div></div></div></div></div>",NCAA,2026-03-21,,basketball,male,,,,Men's Basketball,DUKE-TCU-NCAASECOND-2026-BASK.mp4,717966100,7272.87,unreviewed,
InternetArchive,IA:iast-ky-ncaasecond-2026-bask,iast-ky-ncaasecond-2026-bask,https://archive.org/details/iast-ky-ncaasecond-2026-bask,https://archive.org/download/iast-ky-ncaasecond-2026-bask/IAST-KY-NCAASECOND-2026-BASK.mp4,Iowa State vs Kentucky - NCAA Second Round Men's Basketball - 2026,"<div style=""color:rgb(44,44,44);font-family:'Helvetica Neue', Helvetica, Arial, sans-serif;font-size:14px;background-color:rgb(255,255,255);"">Recorded using my DVR box. May need to skip ahead to see the full game.</div><div style=""color:rgb(44,44,44);font-family:'Helvetica Neue', Helvetica, Arial, sans-serif;font-size:14px;background-color:rgb(255,255,255);"">NOTICE!</div><div style=""color:rgb(44,44,44);font-family:'Helvetica Neue', Helvetica, Arial, sans-serif;font-size:14px;background-color:rgb(255,255,255);""><div class=""html-div xdj266r x14z9mp xat24cr x1lziwak xexx8yu xyri2b x18d9i69 x1c1uobl""><div class=""html-div xdj266r x14z9mp xat24cr x1lziwak xexx8yu xyri2b x18d9i69 x1c1uobl""><div class=""x1l90r2v x1iorvi4 x1g0dm76 xpdmqnj""><div class=""x78zum5 xdt5ytf xz62fqu x16ldp7u""><div class=""xu06os2 x1ok221b""><span class=""x193iq5w xeuugli x13faqbe x1vvkbs x1xmvt09 x1lliihq x1s928wv xhkezso x1gmr53x x1cpjm7i x1fgarty x1943h6x xudqn12 x3x7a5m x6prxxf xvq8zen xo1l8bm xzsf02u x1yc453h""></span><div class=""html-div xdj266r x14z9mp xat24cr x1lziwak xexx8yu xyri2b x18d9i69 x1c1uobl""><div class=""xdj266r x14z9mp xat24cr x1lziwak x1vvkbs x126k92a""><div>The<br />Fair Use Act of 1976, also known as Section 107 of the Copyright Act,<br />allows for the use of copyrighted material for certain purposes without<br />infringing on the copyright holder's rights:</div><div>criticism, comment, news reporting, teaching, scholarship, and research.</div><div>ALL RIGHTS ARE GIVEN TO THE NCAA, CBS AND PARAMOUNT SKYDANCE. I DO NOT OWN THE RIGHTS TO THIS VIDEO.</div></div></div></div></div></div></div></div></div>",NCAA,2026-03-22,,basketball,male,,,,Men's Basketball,IAST-KY-NCAASECOND-2026-BASK.mp4,1122661035,11525.35,unreviewed,
InternetArchive,IA:klhsmo-Liberty_Blue_Jays_Men_s_Basketball_vs._St._Joe_Central_Indians_Feb_20_2026,klhsmo-Liberty_Blue_Jays_Men_s_Basketball_vs._St._Joe_Central_Indians_Feb_20_2026,https://archive.org/details/klhsmo-Liberty_Blue_Jays_Men_s_Basketball_vs._St._Joe_Central_Indians_Feb_20_2026,https://archive.org/download/klhsmo-Liberty_Blue_Jays_Men_s_Basketball_vs._St._Joe_Central_Indians_Feb_20_2026/Liberty_Blue_Jays_Men_s_Basketball_vs._St._Joe_Central_Indians_Feb_20_2026.mp4,"Liberty Blue Jays Men's Basketball vs. St. Joe Central Indians - Feb 20, 2026",,KLHS TV,2026-02-21,,basketball,male,,,,Men's Basketball,Liberty_Blue_Jays_Men_s_Basketball_vs._St._Joe_Central_Indians_Feb_20_2026.mp4,450071796,4726.42,unreviewed,
InternetArchive,IA:ks-stj-ncaasecond-2026-bask,ks-stj-ncaasecond-2026-bask,https://archive.org/details/ks-stj-ncaasecond-2026-bask,https://archive.org/download/ks-stj-ncaasecond-2026-bask/KS-STJ-NCAASECOND-2026-BASK.mp4,Kansas vs St Johns - NCAA Second Round Men's Basketball - 2026,"<div style=""color:rgb(44,44,44);font-family:'Helvetica Neue', Helvetica, Arial, sans-serif;font-size:14px;background-color:rgb(255,255,255);"">Recorded using my DVR box. May need to skip ahead to see the full game.</div><div style=""color:rgb(44,44,44);font-family:'Helvetica Neue', Helvetica, Arial, sans-serif;font-size:14px;background-color:rgb(255,255,255);"">NOTICE!</div><div style=""color:rgb(44,44,44);font-family:'Helvetica Neue', Helvetica, Arial, sans-serif;font-size:14px;background-color:rgb(255,255,255);""><div class=""html-div xdj266r x14z9mp xat24cr x1lziwak xexx8yu xyri2b x18d9i69 x1c1uobl""><div class=""html-div xdj266r x14z9mp xat24cr x1lziwak xexx8yu xyri2b x18d9i69 x1c1uobl""><div class=""x1l90r2v x1iorvi4 x1g0dm76 xpdmqnj""><div class=""x78zum5 xdt5ytf xz62fqu x16ldp7u""><div class=""xu06os2 x1ok221b""><span class=""x193iq5w xeuugli x13faqbe x1vvkbs x1xmvt09 x1lliihq x1s928wv xhkezso x1gmr53x x1cpjm7i x1fgarty x1943h6x xudqn12 x3x7a5m x6prxxf xvq8zen xo1l8bm xzsf02u x1yc453h""></span><div class=""html-div xdj266r x14z9mp xat24cr x1lziwak xexx8yu xyri2b x18d9i69 x1c1uobl""><div class=""xdj266r x14z9mp xat24cr x1lziwak x1vvkbs x126k92a""><div>The<br />Fair Use Act of 1976, also known as Section 107 of the Copyright Act,<br />allows for the use of copyrighted material for certain purposes without<br />infringing on the copyright holder's rights:</div><div>criticism, comment, news reporting, teaching, scholarship, and research.</div><div>ALL RIGHTS ARE GIVEN TO THE NCAA, CBS, AND PARAMOUNT SKYDANCE. I DO NOT OWN THE RIGHTS TO THIS VIDEO.</div></div></div></div></div></div></div></div></div>",NCAA,2026-03-22,,basketball,male,,,,Men's Basketball,KS-STJ-NCAASECOND-2026-BASK.mp4,712632123,7236.3,unreviewed,
InternetArchive,IA:msu-lou-ncaasecond-2026-bask,msu-lou-ncaasecond-2026-bask,https://archive.org/details/msu-lou-ncaasecond-2026-bask,https://archive.org/download/msu-lou-ncaasecond-2026-bask/MSU-LOU-NCAASECOND-2026-BASK.mp4,Michigan State vs Louisville - NCAA Second Round Men's Basketball - 2026,"<div style=""color:rgb(44,44,44);font-family:'Helvetica Neue', Helvetica, Arial, sans-serif;font-size:14px;background-color:rgb(255,255,255);"">Recorded using my DVR box. May need to skip ahead to see the full game.</div><div style=""color:rgb(44,44,44);font-family:'Helvetica Neue', Helvetica, Arial, sans-serif;font-size:14px;background-color:rgb(255,255,255);"">NOTICE!</div><div style=""color:rgb(44,44,44);font-family:'Helvetica Neue', Helvetica, Arial, sans-serif;font-size:14px;background-color:rgb(255,255,255);""><div class=""html-div xdj266r x14z9mp xat24cr x1lziwak xexx8yu xyri2b x18d9i69 x1c1uobl""><div class=""html-div xdj266r x14z9mp xat24cr x1lziwak xexx8yu xyri2b x18d9i69 x1c1uobl""><div class=""x1l90r2v x1iorvi4 x1g0dm76 xpdmqnj""><div class=""x78zum5 xdt5ytf xz62fqu x16ldp7u""><div class=""xu06os2 x1ok221b""><span class=""x193iq5w xeuugli x13faqbe x1vvkbs x1xmvt09 x1lliihq x1s928wv xhkezso x1gmr53x x1cpjm7i x1fgarty x1943h6x xudqn12 x3x7a5m x6prxxf xvq8zen xo1l8bm xzsf02u x1yc453h""></span><div class=""html-div xdj266r x14z9mp xat24cr x1lziwak xexx8yu xyri2b x18d9i69 x1c1uobl""><div class=""xdj266r x14z9mp xat24cr x1lziwak x1vvkbs x126k92a""><div>The<br />Fair Use Act of 1976, also known as Section 107 of the Copyright Act,<br />allows for the use of copyrighted material for certain purposes without<br />infringing on the copyright holder's rights:</div><div>criticism, comment, news reporting, teaching, scholarship, and research.</div><div>ALL RIGHTS ARE GIVEN TO THE NCAA, CBS AND PARAMOUNT SKYDANCE. I DO NOT OWN THE RIGHTS TO THIS VIDEO.</div></div></div></div></div></div></div></div></div>",NCAA,2026-03-21,,basketball,male,,,,Men's Basketball,MSU-LOU-NCAASECOND-2026-BASK.mp4,1101184231,11276.0,unreviewed,
InternetArchive,IA:pikevky-UPIKE_Men_s_Basketball_vs_Columbia_College_-_February_07_2026,pikevky-UPIKE_Men_s_Basketball_vs_Columbia_College_-_February_07_2026,https://archive.org/details/pikevky-UPIKE_Men_s_Basketball_vs_Columbia_College_-_February_07_2026,https://archive.org/download/pikevky-UPIKE_Men_s_Basketball_vs_Columbia_College_-_February_07_2026/UPIKE_Men_s_Basketball_vs_Columbia_College_-_February_07_2026.mp4,"UPIKE Men's Basketball vs Columbia College - February 07, 2026",,Pike TV,2026-02-15,,basketball,male,,,,Men's Basketball,UPIKE_Men_s_Basketball_vs_Columbia_College_-_February_07_2026.mp4,519041727,5341.89,unreviewed,
InternetArchive,IA:pikevky-UPIKE_Men_s_Basketball_vs_Montreat_College_-_February_21_2026,pikevky-UPIKE_Men_s_Basketball_vs_Montreat_College_-_February_21_2026,https://archive.org/details/pikevky-UPIKE_Men_s_Basketball_vs_Montreat_College_-_February_21_2026,https://archive.org/download/pikevky-UPIKE_Men_s_Basketball_vs_Montreat_College_-_February_21_2026/UPIKE_Men_s_Basketball_vs_Montreat_College_-_February_21_2026.mp4,"UPIKE Men's Basketball vs Montreat College - February 21, 2026",,Pike TV,2026-02-26,,basketball,male,,,,Men's Basketball,UPIKE_Men_s_Basketball_vs_Montreat_College_-_February_21_2026.mp4,707821378,7218.39,unreviewed,
InternetArchive,IA:pikevky-UPIKE_Men_s_Basketball_vs_Spartanburg_Methodist_College_-_February_16_2026,pikevky-UPIKE_Men_s_Basketball_vs_Spartanburg_Methodist_College_-_February_16_2026,https://archive.org/details/pikevky-UPIKE_Men_s_Basketball_vs_Spartanburg_Methodist_College_-_February_16_2026,https://archive.org/download/pikevky-UPIKE_Men_s_Basketball_vs_Spartanburg_Methodist_College_-_February_16_2026/UPIKE_Men_s_Basketball_vs_Spartanburg_Methodist_College_-_February_16_2026.mp4,"UPIKE Men's Basketball vs Spartanburg Methodist College - February 16, 2026",,Pike TV,2026-02-21,,basketball,male,,,,Men's Basketball,UPIKE_Men_s_Basketball_vs_Spartanburg_Methodist_College_-_February_16_2026.mp4,509582747,5234.45,unreviewed,
InternetArchive,IA:pikevky-UPIKE_Men_s_Basketball_vs_Tennessee_Wesleyan_University_-_February_04_2026,pikevky-UPIKE_Men_s_Basketball_vs_Tennessee_Wesleyan_University_-_February_04_2026,https://archive.org/details/pikevky-UPIKE_Men_s_Basketball_vs_Tennessee_Wesleyan_University_-_February_04_2026,https://archive.org/download/pikevky-UPIKE_Men_s_Basketball_vs_Tennessee_Wesleyan_University_-_February_04_2026/UPIKE_Men_s_Basketball_vs_Tennessee_Wesleyan_University_-_February_04_2026.mp4,"UPIKE Men's Basketball vs Tennessee Wesleyan University - February 04, 2026",,Pike TV,2026-02-15,,basketball,male,,,,Men's Basketball,UPIKE_Men_s_Basketball_vs_Tennessee_Wesleyan_University_-_February_04_2026.mp4,585574178,6023.74,unreviewed,
InternetArchive,IA:rpttvny-RPI_Men_s_Basketball_vs_St._Lawrence_University_Semifinals,rpttvny-RPI_Men_s_Basketball_vs_St._Lawrence_University_Semifinals,https://archive.org/details/rpttvny-RPI_Men_s_Basketball_vs_St._Lawrence_University_Semifinals,https://archive.org/download/rpttvny-RPI_Men_s_Basketball_vs_St._Lawrence_University_Semifinals/RPI_Men_s_Basketball_vs_St._Lawrence_University_Semifinals.mp4,RPI Men's Basketball vs St. Lawrence University - Semifinals,,RPI TV,2026-02-28,,basketball,male,,,,Men's Basketball,RPI_Men_s_Basketball_vs_St._Lawrence_University_Semifinals.mp4,648505914,6500.06,unreviewed,
InternetArchive,IA:rpttvny-RPI_Men_s_Basketball_vs_Vassar_College_Championship,rpttvny-RPI_Men_s_Basketball_vs_Vassar_College_Championship,https://archive.org/details/rpttvny-RPI_Men_s_Basketball_vs_Vassar_College_Championship,https://archive.org/download/rpttvny-RPI_Men_s_Basketball_vs_Vassar_College_Championship/RPI_Men_s_Basketball_vs_Vassar_College_Championship.mp4,RPI Men's Basketball vs Vassar College - Championship,,RPI TV,2026-03-02,,basketball,male,,,,Men's Basketball,RPI_Men_s_Basketball_vs_Vassar_College_Championship.mp4,678081815,6835.26,unreviewed,
InternetArchive,IA:sgtvsc-Gamecock_Men_s_Basketball_vs._Kentucky_Feb._24_2026,sgtvsc-Gamecock_Men_s_Basketball_vs._Kentucky_Feb._24_2026,https://archive.org/details/sgtvsc-Gamecock_Men_s_Basketball_vs._Kentucky_Feb._24_2026,https://archive.org/download/sgtvsc-Gamecock_Men_s_Basketball_vs._Kentucky_Feb._24_2026/Gamecock_Men_s_Basketball_vs._Kentucky_Feb._24_2026.mp4,"Gamecock Men's Basketball vs. Kentucky - Feb. 24, 2026",The Gamecock Men's Basketball team welcomes the Kentucky Wildcats with an opportunity to win back-to-back SEC contests.,Student Gamecock Television - SGTV,2026-02-25,,basketball,male,,,,Men's Basketball,Gamecock_Men_s_Basketball_vs._Kentucky_Feb._24_2026.mp4,10009233,108.46,unreviewed,
InternetArchive,IA:ttval-Men_s_Basketball_vs._Louisiana_-_TROY_TrojanVision_News,ttval-Men_s_Basketball_vs._Louisiana_-_TROY_TrojanVision_News,https://archive.org/details/ttval-Men_s_Basketball_vs._Louisiana_-_TROY_TrojanVision_News,https://archive.org/download/ttval-Men_s_Basketball_vs._Louisiana_-_TROY_TrojanVision_News/Men_s_Basketball_vs._Louisiana_-_TROY_TrojanVision_News.mp4,Men's Basketball vs. Louisiana - TROY TrojanVision News,TROY Men's Basketball prepares for action against the Louisiana Ragin Cajuns.,Troy Trojan Vision,2026-02-25,,basketball,male,,,,Men's Basketball,Men_s_Basketball_vs._Louisiana_-_TROY_TrojanVision_News.mp4,3814973,40.8,unreviewed,
InternetArchive,IA:ttval-Men_s_Basketball_vs_Akron_-_TROY_TrojanVision_News,ttval-Men_s_Basketball_vs_Akron_-_TROY_TrojanVision_News,https://archive.org/details/ttval-Men_s_Basketball_vs_Akron_-_TROY_TrojanVision_News,https://archive.org/download/ttval-Men_s_Basketball_vs_Akron_-_TROY_TrojanVision_News/Men_s_Basketball_vs_Akron_-_TROY_TrojanVision_News.mp4,Men's Basketball vs Akron - TROY TrojanVision News,Men's basketball picked up a win inthe MAC Sunbelt Challenge against the zips of Akron. Here's the action from the hardwood.,Troy Trojan Vision,2026-02-16,,basketball,male,,,,Men's Basketball,Men_s_Basketball_vs_Akron_-_TROY_TrojanVision_News.mp4,10949946,114.57,unreviewed,
InternetArchive,IA:ttval-Men_s_Basketball_vs_James_Madison,ttval-Men_s_Basketball_vs_James_Madison,https://archive.org/details/ttval-Men_s_Basketball_vs_James_Madison,https://archive.org/download/ttval-Men_s_Basketball_vs_James_Madison/Men_s_Basketball_vs_James_Madison.mp4,Men's Basketball vs James Madison,,Troy Trojan Vision,2026-02-16,,basketball,male,,,,Men's Basketball,Men_s_Basketball_vs_James_Madison.mp4,8831240,90.77,unreviewed,
InternetArchive,IA:ttval-Men_s_Basketball_vs_Louisiana_-_TROY_TrojanVision_News,ttval-Men_s_Basketball_vs_Louisiana_-_TROY_TrojanVision_News,https://archive.org/details/ttval-Men_s_Basketball_vs_Louisiana_-_TROY_TrojanVision_News,https://archive.org/download/ttval-Men_s_Basketball_vs_Louisiana_-_TROY_TrojanVision_News/Men_s_Basketball_vs_Louisiana_-_TROY_TrojanVision_News.mp4,Men's Basketball vs Louisiana - TROY TrojanVision News,TROY Men's Basketball got back on track against in Trojan Arena against Louisiana. Skyler Smith has the action.,Troy Trojan Vision,2026-02-26,,basketball,male,,,,Men's Basketball,Men_s_Basketball_vs_Louisiana_-_TROY_TrojanVision_News.mp4,9472129,102.73,unreviewed,
InternetArchive,IA:wtopny-SUNY_Oswego_Men_s_Basketball_vs_Buffalo_State_February_21st_2026,wtopny-SUNY_Oswego_Men_s_Basketball_vs_Buffalo_State_February_21st_2026,https://archive.org/details/wtopny-SUNY_Oswego_Men_s_Basketball_vs_Buffalo_State_February_21st_2026,https://archive.org/download/wtopny-SUNY_Oswego_Men_s_Basketball_vs_Buffalo_State_February_21st_2026/SUNY_Oswego_Men_s_Basketball_vs_Buffalo_State_February_21st_2026.mp4,"SUNY Oswego Men's Basketball vs Buffalo State  - February 21st, 2026",,WTOP10TV,2026-02-22,,basketball,male,,,,Men's Basketball,SUNY_Oswego_Men_s_Basketball_vs_Buffalo_State_February_21st_2026.mp4,600997461,6105.11,unreviewed,
InternetArchive,IA:wtopny-SUNY_Oswego_Men_s_Basketball_vs_Cortland_February_14th_2026,wtopny-SUNY_Oswego_Men_s_Basketball_vs_Cortland_February_14th_2026,https://archive.org/details/wtopny-SUNY_Oswego_Men_s_Basketball_vs_Cortland_February_14th_2026,https://archive.org/download/wtopny-SUNY_Oswego_Men_s_Basketball_vs_Cortland_February_14th_2026/SUNY_Oswego_Men_s_Basketball_vs_Cortland_February_14th_2026.mp4,"SUNY Oswego Men's Basketball vs Cortland  - February 14th, 2026",,WTOP10TV,2026-02-15,,basketball,male,,,,Men's Basketball,SUNY_Oswego_Men_s_Basketball_vs_Cortland_February_14th_2026.mp4,640997945,6479.99,unreviewed,
InternetArchive,IA:wtopny-SUNY_Oswego_Men_s_Basketball_vs_Fredonia_February_20th_2026,wtopny-SUNY_Oswego_Men_s_Basketball_vs_Fredonia_February_20th_2026,https://archive.org/details/wtopny-SUNY_Oswego_Men_s_Basketball_vs_Fredonia_February_20th_2026,https://archive.org/download/wtopny-SUNY_Oswego_Men_s_Basketball_vs_Fredonia_February_20th_2026/SUNY_Oswego_Men_s_Basketball_vs_Fredonia_February_20th_2026.mp4,"SUNY Oswego Men's Basketball vs Fredonia  - February 20th, 2026",,WTOP10TV,2026-02-21,,basketball,male,,,,Men's Basketball,SUNY_Oswego_Men_s_Basketball_vs_Fredonia_February_20th_2026.mp4,519242236,5240.35,unreviewed,
InternetArchive,IA:wtopny-SUNY_Oswego_Men_s_Basketball_vs_Morrisville_February_13th_2026,wtopny-SUNY_Oswego_Men_s_Basketball_vs_Morrisville_February_13th_2026,https://archive.org/details/wtopny-SUNY_Oswego_Men_s_Basketball_vs_Morrisville_February_13th_2026,https://archive.org/download/wtopny-SUNY_Oswego_Men_s_Basketball_vs_Morrisville_February_13th_2026/SUNY_Oswego_Men_s_Basketball_vs_Morrisville_February_13th_2026.mp4,"SUNY Oswego Men's Basketball vs Morrisville - February 13th, 2026",,WTOP10TV,2026-02-14,,basketball,male,,,,Men's Basketball,SUNY_Oswego_Men_s_Basketball_vs_Morrisville_February_13th_2026.mp4,1657160717,42899.01,unreviewed,
InternetArchive,IA:wtopny-SUNY_Oswego_Men_s_Basketball_vs_Morrisville_SUNYAC_Quarterfinals_February_24st_2026,wtopny-SUNY_Oswego_Men_s_Basketball_vs_Morrisville_SUNYAC_Quarterfinals_February_24st_2026,https://archive.org/details/wtopny-SUNY_Oswego_Men_s_Basketball_vs_Morrisville_SUNYAC_Quarterfinals_February_24st_2026,https://archive.org/download/wtopny-SUNY_Oswego_Men_s_Basketball_vs_Morrisville_SUNYAC_Quarterfinals_February_24st_2026/SUNY_Oswego_Men_s_Basketball_vs_Morrisville_SUNYAC_Quarterfinals_February_24st_2026.mp4,"SUNY Oswego Men's Basketball vs Morrisville - SUNYAC Quarterfinals - February 24st, 2026",,WTOP10TV,2026-02-25,,basketball,male,,,,Men's Basketball,SUNY_Oswego_Men_s_Basketball_vs_Morrisville_SUNYAC_Quarterfinals_February_24st_2026.mp4,834672827,8465.07,unreviewed,
InternetArchive,IA:btvnj-Brookdale_Jersey_Blues_vs_Atlantic_Cape_Buccaneers_Women_s_Soccer_9.22.26_soc-aPDYVnXjNAg,btvnj-Brookdale_Jersey_Blues_vs_Atlantic_Cape_Buccaneers_Women_s_Soccer_9.22.26_soc-aPDYVnXjNAg,https://archive.org/details/btvnj-Brookdale_Jersey_Blues_vs_Atlantic_Cape_Buccaneers_Women_s_Soccer_9.22.26_soc-aPDYVnXjNAg,https://archive.org/download/btvnj-Brookdale_Jersey_Blues_vs_Atlantic_Cape_Buccaneers_Women_s_Soccer_9.22.26_soc-aPDYVnXjNAg/Brookdale_Jersey_Blues_vs_Atlantic_Cape_Buccaneers_Women_s_Soccer_9.22.26_soc-aPDYVnXjNAg.mp4,Brookdale Jersey Blues vs Atlantic Cape Buccaneers - Women's Soccer 9.22.26 #soccer #womenssports,"Welcome to the Brookdale Community College Jersey Blues Women's Soccer live stream! <br /><br />Today's matchup: Brookdale Jersey Blues [1-1-1] vs Atlantic Cape Buccaneers [1-2] Women Soccer September 22nd, 2026. <br /><br />  <br /><br />Watch live NJCAA Division III and Region 19 Garden State Athletic Conference (GSAC) women's soccer action from Brookdale Community College in Lincroft, New Jersey, as the Jersey Blues continue their pursuit of another successful season. <br /><br />  <br /><br />Brookdale Women's Soccer enters the 2026 season following a standout 2025 campaign. The Jersey Blues produced an explosive offensive season, scoring 53 goals in 15 games while allowing just 0.61 goals per game. Brookdale's balanced attack and strong defensive play helped establish the Jersey Blues as one of the region's teams to watch. <br /><br />  <br /><br />The 2025 season also produced significant individual recognition. Six Brookdale student-athletes earned All-Region and All-GSAC honors, including first-team selections Emily Murawski and Bella Tomassini, while goalkeeper Demitria Fredericks, defender Victoria Barella, defender Gianna D'Angelo, and midfielder Taylor Suckey earned second-team recognition. <br /><br />  <br /><br />With a new season comes a new chapter for the Jersey Blues. Brookdale returns with a combination of experienced student-athletes and new talent ready to carry the program forward. The 2026 squad will look to maintain the program's tradition of competitive soccer, strong team defense, offensive pressure, and postseason aspirations. <br /><br />   <br /><br />Follow Brookdale Women's Soccer throughout the season for live game coverage, highlights, interviews, scores, schedules, and more from Jersey Blues Athletics. <br /><br />  <br /><br />Brookdale Athletics Instagram: bccathletics  <br /><br />(https://www.instagram.com/bccathletics?utm_source=ig_web_button_share_sheet&igsi=ZDNlZDc0MzIxNw==) <br /><br />  <br /><br />Brookdale Women's Soccer Instagram: brookdale_w.soccer <br /><br />(https://www.instagram.com/brookdale_w.soccer?utm_source=ig_web_button_share_sheet&stkn=ZDNlZDc0MzIxNw==) <br /><br />  <br /><br />  <br /><br />⚽ NJCAA Division III Women's Soccer <br /><br />🏆Region XIX Garden State Athletic Conference <br /><br />🔵 Brookdale Community College Jersey Blues <br /><br />📍 Lincroft, New Jersey <br /><br />  <br /><br />Another Year, Another Opportunity to Succeed!, New Season. New Goals. Same Drive <br /><br />  <br /><br />Subscribe to the Brookdale Television (BTV) and turn on notifications to follow the Jersey Blues all season long! <br /><br />  <br /><br />#Brookdale #BrookdaleCC #BTV #JerseyBlues #BrookdaleAthletics #WomensSoccer #CollegeSoccer #NJCAASoccer #NJCAA #NJCAADIII #GardenStateAthleticConference #GSAC #NewJerseySoccer #CollegeSports #LiveSoccer #SoccerLiveStream #region19",BrookdaleTV,2026-09-23,,football,female,,,,Women's Soccer,Brookdale_Jersey_Blues_vs_Atlantic_Cape_Buccaneers_Women_s_Soccer_9.22.26_soc-aPDYVnXjNAg.mp4,602041328,6304.45,unreviewed,
InternetArchive,IA:btvnj-Brookdale_Jersey_Blues_vs_Middlesex_Colts_Women_s_Soccer_9.12.26_collegesocce-2WPBfgNz3ns,btvnj-Brookdale_Jersey_Blues_vs_Middlesex_Colts_Women_s_Soccer_9.12.26_collegesocce-2WPBfgNz3ns,https://archive.org/details/btvnj-Brookdale_Jersey_Blues_vs_Middlesex_Colts_Women_s_Soccer_9.12.26_collegesocce-2WPBfgNz3ns,https://archive.org/download/btvnj-Brookdale_Jersey_Blues_vs_Middlesex_Colts_Women_s_Soccer_9.12.26_collegesocce-2WPBfgNz3ns/Brookdale_Jersey_Blues_vs_Middlesex_Colts_Women_s_Soccer_9.12.26_collegesocce-2WPBfgNz3ns.mp4,Brookdale Jersey Blues vs Middlesex Colts - Women's Soccer 9.12.26 #collegesoccer #womenssports,"Welcome to the Brookdale Community College Jersey Blues Women's Soccer live stream! <br /><br />Today's matchup: Brookdale Jersey Blues [0-0-1] vs Middlesex Colts [0-1] Women Soccer September 12th, 2026. <br /><br />  <br /><br />Watch live NJCAA Division III and Region 19 Garden State Athletic Conference (GSAC) women's soccer action from Brookdale Community College in Lincroft, New Jersey, as the Jersey Blues continue their pursuit of another successful season. <br /><br />  <br /><br />Brookdale Women's Soccer enters the 2026 season following a standout 2025 campaign. The Jersey Blues produced an explosive offensive season, scoring 53 goals in 15 games while allowing just 0.61 goals per game. Brookdale's balanced attack and strong defensive play helped establish the Jersey Blues as one of the region's teams to watch. <br /><br />  <br /><br />The 2025 season also produced significant individual recognition. Six Brookdale student-athletes earned All-Region and All-GSAC honors, including first-team selections Emily Murawski and Bella Tomassini, while goalkeeper Demitria Fredericks, defender Victoria Barella, defender Gianna D'Angelo, and midfielder Taylor Suckey earned second-team recognition. <br /><br />  <br /><br />With a new season comes a new chapter for the Jersey Blues. Brookdale returns with a combination of experienced student-athletes and new talent ready to carry the program forward. The 2026 squad will look to maintain the program's tradition of competitive soccer, strong team defense, offensive pressure, and postseason aspirations. <br /><br />   <br /><br />Follow Brookdale Women's Soccer throughout the season for live game coverage, highlights, interviews, scores, schedules, and more from Jersey Blues Athletics. <br /><br />  <br /><br />Brookdale Athletics Instagram: bccathletics  <br /><br />(https://www.instagram.com/bccathletics?utm_source=ig_web_button_share_sheet&igsi=ZDNlZDc0MzIxNw==) <br /><br />  <br /><br />Brookdale Women's Soccer Instagram: brookdale_w.soccer <br /><br />(https://www.instagram.com/brookdale_w.soccer?utm_source=ig_web_button_share_sheet&stkn=ZDNlZDc0MzIxNw==) <br /><br />  <br /><br />  <br /><br />⚽ NJCAA Division III Women's Soccer <br /><br />🏆Region XIX Garden State Athletic Conference <br /><br />🔵 Brookdale Community College Jersey Blues <br /><br />📍 Lincroft, New Jersey <br /><br />  <br /><br />Another Year, Another Opportunity to Succeed!, New Season. New Goals. Same Drive <br /><br />  <br /><br />Subscribe to the Brookdale Television (BTV) and turn on notifications to follow the Jersey Blues all season long! <br /><br />  <br /><br />#Brookdale #BrookdaleCC #BTV #JerseyBlues #BrookdaleAthletics #WomensSoccer #CollegeSoccer #NJCAASoccer #NJCAA #NJCAADIII #GardenStateAthleticConference #GSAC #NewJerseySoccer #CollegeSports #LiveSoccer #SoccerLiveStream #region19",BrookdaleTV,2026-09-13,,football,female,,,,Women's Soccer,Brookdale_Jersey_Blues_vs_Middlesex_Colts_Women_s_Soccer_9.12.26_collegesocce-2WPBfgNz3ns.mp4,791190839,8165.25,unreviewed,
InternetArchive,IA:btvnj-Brookdale_Jersey_Blues_vs_Sussex_Skylanders_Women_s_Soccer_9.16.26_soccer_col-nxcd9N0IlwA,btvnj-Brookdale_Jersey_Blues_vs_Sussex_Skylanders_Women_s_Soccer_9.16.26_soccer_col-nxcd9N0IlwA,https://archive.org/details/btvnj-Brookdale_Jersey_Blues_vs_Sussex_Skylanders_Women_s_Soccer_9.16.26_soccer_col-nxcd9N0IlwA,https://archive.org/download/btvnj-Brookdale_Jersey_Blues_vs_Sussex_Skylanders_Women_s_Soccer_9.16.26_soccer_col-nxcd9N0IlwA/Brookdale_Jersey_Blues_vs_Sussex_Skylanders_Women_s_Soccer_9.16.26_soccer_col-nxcd9N0IlwA.mp4,Brookdale Jersey Blues vs Sussex Skylanders - Women's Soccer 9.16.26 #soccer #collegesports,"Welcome to the Brookdale Community College Jersey Blues Women's Soccer live stream! <br /><br />Today's matchup: Brookdale Jersey Blues [1-0-1] vs Sussex Skylanders [0-3] Women Soccer September 16th, 2026. <br /><br />  <br /><br />Watch live NJCAA Division III and Region 19 Garden State Athletic Conference (GSAC) women's soccer action from Brookdale Community College in Lincroft, New Jersey, as the Jersey Blues continue their pursuit of another successful season. <br /><br />  <br /><br />Brookdale Women's Soccer enters the 2026 season following a standout 2025 campaign. The Jersey Blues produced an explosive offensive season, scoring 53 goals in 15 games while allowing just 0.61 goals per game. Brookdale's balanced attack and strong defensive play helped establish the Jersey Blues as one of the region's teams to watch. <br /><br />  <br /><br />The 2025 season also produced significant individual recognition. Six Brookdale student-athletes earned All-Region and All-GSAC honors, including first-team selections Emily Murawski and Bella Tomassini, while goalkeeper Demitria Fredericks, defender Victoria Barella, defender Gianna D'Angelo, and midfielder Taylor Suckey earned second-team recognition. <br /><br />  <br /><br />With a new season comes a new chapter for the Jersey Blues. Brookdale returns with a combination of experienced student-athletes and new talent ready to carry the program forward. The 2026 squad will look to maintain the program's tradition of competitive soccer, strong team defense, offensive pressure, and postseason aspirations. <br /><br />   <br /><br />Follow Brookdale Women's Soccer throughout the season for live game coverage, highlights, interviews, scores, schedules, and more from Jersey Blues Athletics. <br /><br />  <br /><br />Brookdale Athletics Instagram: bccathletics  <br /><br />(https://www.instagram.com/bccathletics?utm_source=ig_web_button_share_sheet&igsi=ZDNlZDc0MzIxNw==) <br /><br />  <br /><br />Brookdale Women's Soccer Instagram: brookdale_w.soccer <br /><br />(https://www.instagram.com/brookdale_w.soccer?utm_source=ig_web_button_share_sheet&stkn=ZDNlZDc0MzIxNw==) <br /><br />  <br /><br />  <br /><br />⚽ NJCAA Division III Women's Soccer <br /><br />🏆Region XIX Garden State Athletic Conference <br /><br />🔵 Brookdale Community College Jersey Blues <br /><br />📍 Lincroft, New Jersey <br /><br />  <br /><br />Another Year, Another Opportunity to Succeed!, New Season. New Goals. Same Drive <br /><br />  <br /><br />Subscribe to the Brookdale Television (BTV) and turn on notifications to follow the Jersey Blues all season long! <br /><br />  <br /><br />#Brookdale #BrookdaleCC #BTV #JerseyBlues #BrookdaleAthletics #WomensSoccer #CollegeSoccer #NJCAASoccer #NJCAA #NJCAADIII #GardenStateAthleticConference #GSAC #NewJerseySoccer #CollegeSports #LiveSoccer #SoccerLiveStream #region19",BrookdaleTV,2026-09-17,,football,female,,,,Women's Soccer,Brookdale_Jersey_Blues_vs_Sussex_Skylanders_Women_s_Soccer_9.16.26_soccer_col-nxcd9N0IlwA.mp4,788044844,8205.35,unreviewed,
InternetArchive,IA:btvnj-Brookdale_Women_s_Soccer_vs_Atlantic_Cape_11_October_2025,btvnj-Brookdale_Women_s_Soccer_vs_Atlantic_Cape_11_October_2025,https://archive.org/details/btvnj-Brookdale_Women_s_Soccer_vs_Atlantic_Cape_11_October_2025,https://archive.org/download/btvnj-Brookdale_Women_s_Soccer_vs_Atlantic_Cape_11_October_2025/Brookdale_Women_s_Soccer_vs_Atlantic_Cape_11_October_2025.mp4,Brookdale Women's Soccer vs Atlantic Cape 11 October 2025,,BrookdaleTV,2025-10-12,,football,female,,,,Women's Soccer,Brookdale_Women_s_Soccer_vs_Atlantic_Cape_11_October_2025.mp4,501901010,5224.86,unreviewed,
InternetArchive,IA:btvnj-Brookdale_Women_s_Soccer_vs_Mercer_College_2,btvnj-Brookdale_Women_s_Soccer_vs_Mercer_College_2,https://archive.org/details/btvnj-Brookdale_Women_s_Soccer_vs_Mercer_College_2,https://archive.org/download/btvnj-Brookdale_Women_s_Soccer_vs_Mercer_College_2/Brookdale_Women_s_Soccer_vs_Mercer_College_2.mp4,Brookdale Women's Soccer vs  Mercer  College #2,Brookdale - 3<br />Mercer -1,BrookdaleTV,2025-10-21,,football,female,,,,Women's Soccer,Brookdale_Women_s_Soccer_vs_Mercer_College_2.mp4,286291445,2987.06,unreviewed,
InternetArchive,IA:btvnj-Brookdale_Women_s_Soccer_vs_Rowan_College_South_Jersey-Gloucester,btvnj-Brookdale_Women_s_Soccer_vs_Rowan_College_South_Jersey-Gloucester,https://archive.org/details/btvnj-Brookdale_Women_s_Soccer_vs_Rowan_College_South_Jersey-Gloucester,https://archive.org/download/btvnj-Brookdale_Women_s_Soccer_vs_Rowan_College_South_Jersey-Gloucester/Brookdale_Women_s_Soccer_vs_Rowan_College_South_Jersey-Gloucester.mp4,Brookdale Women's Soccer vs Rowan College South Jersey-Gloucester,home game 18 October 2025,BrookdaleTV,2025-10-19,,football,female,,,,Women's Soccer,Brookdale_Women_s_Soccer_vs_Rowan_College_South_Jersey-Gloucester.mp4,755037277,7318.63,unreviewed,
InternetArchive,IA:btvnj-Jersey_Blues_vs_Bergen_Bulldogs_Women_s_Soccer_9.8.26_brookdale_womenssoccer_-kkEpj5rxKmM,btvnj-Jersey_Blues_vs_Bergen_Bulldogs_Women_s_Soccer_9.8.26_brookdale_womenssoccer_-kkEpj5rxKmM,https://archive.org/details/btvnj-Jersey_Blues_vs_Bergen_Bulldogs_Women_s_Soccer_9.8.26_brookdale_womenssoccer_-kkEpj5rxKmM,https://archive.org/download/btvnj-Jersey_Blues_vs_Bergen_Bulldogs_Women_s_Soccer_9.8.26_brookdale_womenssoccer_-kkEpj5rxKmM/Jersey_Blues_vs_Bergen_Bulldogs_Women_s_Soccer_9.8.26_brookdale_womenssoccer_-kkEpj5rxKmM.mp4,Jersey Blues vs Bergen Bulldogs - Women's Soccer 9.8.26 #brookdale #womenssoccer #collegesoccer,"Welcome to the Brookdale Community College Jersey Blues Women's Soccer live stream!<br /><br />Watch live NJCAA Division III and Region XIX Garden State Athletic Conference (GSAC) women's soccer action from Brookdale Community College in Lincroft, New Jersey, as the Jersey Blues continue their pursuit of another successful season.<br /><br />Brookdale Women's Soccer enters the 2026 season following a standout 2025 campaign. The Jersey Blues produced an explosive offensive season, scoring 53 goals in 15 games while allowing just 0.61 goals per game. Brookdale's balanced attack and strong defensive play helped establish the Jersey Blues as one of the region's teams to watch.<br /><br />The 2025 season also produced significant individual recognition. Six Brookdale student-athletes earned All-Region and All-GSAC honors, including first-team selections Emily Murawski and Bella Tomassini, while goalkeeper Demitria Fredericks, defender Victoria Barella, defender Gianna D'Angelo, and midfielder Taylor Suckey earned second-team recognition.<br /><br />With a new season comes a new chapter for the Jersey Blues. Brookdale returns with a combination of experienced student-athletes and new talent ready to carry the program forward. The 2026 squad will look to maintain the program's tradition of competitive soccer, strong team defense, offensive pressure, and postseason aspirations.<br /><br />Today's matchup: Brookdale Jersey Blues [0-0] vs Bergen Bulldogs [0-0] Women Soccer September 8th, 2026.<br /><br />Follow Brookdale Women's Soccer throughout the season for live game coverage, highlights, interviews, scores, schedules, and more from Jersey Blues Athletics.<br /><br />Brookdale Athletics Instagram: bccathletics <br />(https://www.instagram.com/bccathletics?utm_source=ig_web_button_share_sheet&igsi=ZDNlZDc0MzIxNw==)<br /><br />Brookdale Women's Soccer Instagram: brookdale_w.soccer<br />(https://www.instagram.com/brookdale_w.soccer?utm_source=ig_web_button_share_sheet&stkn=ZDNlZDc0MzIxNw==)<br /> <br /><br />⚽ NJCAA Division III Women's Soccer<br />🏆Garden State Athletic Conference<br />🔵 Brookdale Community College Jersey Blues<br />📍 Lincroft, New Jersey<br /><br />Another Year, Another Opportunity to Succeed!, New Season. New Goals. Same Drive)<br /><br />Subscribe to the Brookdale Television (BTV) and turn on notifications to follow the Jersey Blues all season long!<br /><br />#Brookdale #BrookdaleCC #BTV #JerseyBlues #BrookdaleAthletics #WomensSoccer #CollegeSoccer #NJCAASoccer #NJCAA #NJCAADIII #GardenStateAthleticConference #GSAC #NewJerseySoccer #CollegeSports #LiveSoccer #SoccerLiveStream",BrookdaleTV,2026-09-09,,football,female,,,,Women's Soccer,Jersey_Blues_vs_Bergen_Bulldogs_Women_s_Soccer_9.8.26_brookdale_womenssoccer_-kkEpj5rxKmM.mp4,677327319,6915.25,unreviewed,
InternetArchive,IA:btvnj-Soccer_Highlights_Brookdale_Women_s_Soccer_vs._Bergen_Bulldogs_9.8.26-UnpvjGxmFAw,btvnj-Soccer_Highlights_Brookdale_Women_s_Soccer_vs._Bergen_Bulldogs_9.8.26-UnpvjGxmFAw,https://archive.org/details/btvnj-Soccer_Highlights_Brookdale_Women_s_Soccer_vs._Bergen_Bulldogs_9.8.26-UnpvjGxmFAw,https://archive.org/download/btvnj-Soccer_Highlights_Brookdale_Women_s_Soccer_vs._Bergen_Bulldogs_9.8.26-UnpvjGxmFAw/Soccer_Highlights_Brookdale_Women_s_Soccer_vs._Bergen_Bulldogs_9.8.26-UnpvjGxmFAw.mp4,Soccer Highlights! Brookdale Women's Soccer vs. Bergen Bulldogs 9.8.26,,BrookdaleTV,2026-09-09,,football,female,,,,Women's Soccer,Soccer_Highlights_Brookdale_Women_s_Soccer_vs._Bergen_Bulldogs_9.8.26-UnpvjGxmFAw.mp4,8837887,85.24,unreviewed,
InternetArchive,IA:ccpamd-CSM_Women_s_Soccer_Game_CSM_vs_CCBC-EE4iB3Kc8DY,ccpamd-CSM_Women_s_Soccer_Game_CSM_vs_CCBC-EE4iB3Kc8DY,https://archive.org/details/ccpamd-CSM_Women_s_Soccer_Game_CSM_vs_CCBC-EE4iB3Kc8DY,https://archive.org/download/ccpamd-CSM_Women_s_Soccer_Game_CSM_vs_CCBC-EE4iB3Kc8DY/CSM_Women_s_Soccer_Game_CSM_vs_CCBC-EE4iB3Kc8DY.mp4,CSM Women’s Soccer Game CSM vs CCBC,,Charles County Public Access,2026-09-02,,football,female,,,,Women's Soccer,CSM_Women_s_Soccer_Game_CSM_vs_CCBC-EE4iB3Kc8DY.mp4,415092409,4572.66,unreviewed,
InternetArchive,IA:ccpamd-CSM_women_s_soccer_vs_Garret_women_s_soccer,ccpamd-CSM_women_s_soccer_vs_Garret_women_s_soccer,https://archive.org/details/ccpamd-CSM_women_s_soccer_vs_Garret_women_s_soccer,https://archive.org/download/ccpamd-CSM_women_s_soccer_vs_Garret_women_s_soccer/CSM_women_s_soccer_vs_Garret_women_s_soccer.mp4,CSM women’s soccer vs Garret women’s soccer,,Charles County Public Access,2025-10-12,,football,female,,,,Women's Soccer,CSM_women_s_soccer_vs_Garret_women_s_soccer.mp4,294693343,3333.3,unreviewed,
InternetArchive,IA:cittvny-Syracuse_Women_s_Soccer_Postgame_Press_Conference_vs._Binghamton_09_03_26-2WqJdLqKPic,cittvny-Syracuse_Women_s_Soccer_Postgame_Press_Conference_vs._Binghamton_09_03_26-2WqJdLqKPic,https://archive.org/details/cittvny-Syracuse_Women_s_Soccer_Postgame_Press_Conference_vs._Binghamton_09_03_26-2WqJdLqKPic,https://archive.org/download/cittvny-Syracuse_Women_s_Soccer_Postgame_Press_Conference_vs._Binghamton_09_03_26-2WqJdLqKPic/Syracuse_Women_s_Soccer_Postgame_Press_Conference_vs._Binghamton_09_03_26-2WqJdLqKPic.mp4,Syracuse Women's Soccer Postgame Press Conference vs. Binghamton - 09/03/26,Head Coach Nicky Thrasher Adams addresses the media after SU's 1-0 loss to Binghamton on Thursday.,CitrusTV,2026-09-04,,football,female,,,,Women's Soccer,Syracuse_Women_s_Soccer_Postgame_Press_Conference_vs._Binghamton_09_03_26-2WqJdLqKPic.mp4,15274011,157.04,unreviewed,
InternetArchive,IA:cittvny-Syracuse_Women_s_Soccer_Postgame_Press_Conference_vs._Harvard_08_30_26,cittvny-Syracuse_Women_s_Soccer_Postgame_Press_Conference_vs._Harvard_08_30_26,https://archive.org/details/cittvny-Syracuse_Women_s_Soccer_Postgame_Press_Conference_vs._Harvard_08_30_26,https://archive.org/download/cittvny-Syracuse_Women_s_Soccer_Postgame_Press_Conference_vs._Harvard_08_30_26/Syracuse_Women_s_Soccer_Postgame_Press_Conference_vs._Harvard_08_30_26.mp4,Syracuse Women's Soccer Postgame Press Conference vs. Harvard - 08/30/26,Goalie Maya Naimoli and Head Coach Nicky Thrasher Adams address the media after a scoreless draw with Harvard.,CitrusTV,2026-08-30,,football,female,,,,Women's Soccer,Syracuse_Women_s_Soccer_Postgame_Press_Conference_vs._Harvard_08_30_26.mp4,40825686,421.72,unreviewed,
InternetArchive,IA:cittvny-Syracuse_Women_s_Soccer_Postgame_Press_Conference_vs._Niagara_08_27_26,cittvny-Syracuse_Women_s_Soccer_Postgame_Press_Conference_vs._Niagara_08_27_26,https://archive.org/details/cittvny-Syracuse_Women_s_Soccer_Postgame_Press_Conference_vs._Niagara_08_27_26,https://archive.org/download/cittvny-Syracuse_Women_s_Soccer_Postgame_Press_Conference_vs._Niagara_08_27_26/Syracuse_Women_s_Soccer_Postgame_Press_Conference_vs._Niagara_08_27_26.mp4,Syracuse Women's Soccer Postgame Press Conference vs. Niagara - 08/27/26,Forward Moo Galbus and Head Coach Nicky Thrasher Adams address the media after the Purple Eagles took down the Orange 2-1 on Thursday.,CitrusTV,2026-08-28,,football,female,,,,Women's Soccer,Syracuse_Women_s_Soccer_Postgame_Press_Conference_vs._Niagara_08_27_26.mp4,32553705,334.95,unreviewed,
InternetArchive,IA:cittvny-Syracuse_Women_s_Soccer_Postgame_Press_Conference_vs._Princeton_08_23_26,cittvny-Syracuse_Women_s_Soccer_Postgame_Press_Conference_vs._Princeton_08_23_26,https://archive.org/details/cittvny-Syracuse_Women_s_Soccer_Postgame_Press_Conference_vs._Princeton_08_23_26,https://archive.org/download/cittvny-Syracuse_Women_s_Soccer_Postgame_Press_Conference_vs._Princeton_08_23_26/Syracuse_Women_s_Soccer_Postgame_Press_Conference_vs._Princeton_08_23_26.mp4,Syracuse Women's Soccer Postgame Press Conference vs. Princeton - 08/23/26,Midfielder Abby Incorvaia and Head Coach Nicky Thrasher Adams address the media after SU's 3-0 win.,CitrusTV,2026-08-24,,football,female,,,,Women's Soccer,Syracuse_Women_s_Soccer_Postgame_Press_Conference_vs._Princeton_08_23_26.mp4,57413253,591.99,unreviewed,
InternetArchive,IA:eyetval-AUBURN_vs._GEORGIA_STATE_Highlights_Women_s_Soccer,eyetval-AUBURN_vs._GEORGIA_STATE_Highlights_Women_s_Soccer,https://archive.org/details/eyetval-AUBURN_vs._GEORGIA_STATE_Highlights_Women_s_Soccer,https://archive.org/download/eyetval-AUBURN_vs._GEORGIA_STATE_Highlights_Women_s_Soccer/AUBURN_vs._GEORGIA_STATE_Highlights_Women_s_Soccer.mp4,AUBURN vs. GEORGIA STATE Highlights - Women's Soccer,"Auburn Soccer’s Senior Night ended in a 1-1 draw against Georgia State.<br /><br />The Tigers struck first through Dylan Driver, but Georgia State answered before Auburn was reduced to 10 players in the first half. <br /><br />🎥 Hear more with Vivian Kennell!",Eagle Eye TV,2026-08-31,,football,female,,,,Women's Soccer,AUBURN_vs._GEORGIA_STATE_Highlights_Women_s_Soccer.mp4,8901231,94.48,unreviewed,
InternetArchive,IA:klhsmo-Liberty_Blue_Jays_Women_s_Soccer_vs._Park_Hill_South_Panthers_April_30_2026,klhsmo-Liberty_Blue_Jays_Women_s_Soccer_vs._Park_Hill_South_Panthers_April_30_2026,https://archive.org/details/klhsmo-Liberty_Blue_Jays_Women_s_Soccer_vs._Park_Hill_South_Panthers_April_30_2026,https://archive.org/download/klhsmo-Liberty_Blue_Jays_Women_s_Soccer_vs._Park_Hill_South_Panthers_April_30_2026/Liberty_Blue_Jays_Women_s_Soccer_vs._Park_Hill_South_Panthers_April_30_2026.mp4,"Liberty Blue Jays Women's Soccer vs. Park Hill South Panthers - April 30, 2026",Live from the Liberty Hospital Activity Complex,KLHS TV,2026-05-01,,football,female,,,,Women's Soccer,Liberty_Blue_Jays_Women_s_Soccer_vs._Park_Hill_South_Panthers_April_30_2026.mp4,585747492,5993.49,unreviewed,
InternetArchive,IA:q30ct-Sports_Paws_10_20_25_Men_s_Ice_Hockey_Home_Opener_Field_Hockey_Homestand_Women_s_Soccer_vs,q30ct-Sports_Paws_10_20_25_Men_s_Ice_Hockey_Home_Opener_Field_Hockey_Homestand_Women_s_Soccer_vs,https://archive.org/details/q30ct-Sports_Paws_10_20_25_Men_s_Ice_Hockey_Home_Opener_Field_Hockey_Homestand_Women_s_Soccer_vs,https://archive.org/download/q30ct-Sports_Paws_10_20_25_Men_s_Ice_Hockey_Home_Opener_Field_Hockey_Homestand_Women_s_Soccer_vs/Sports_Paws_10_20_25_Men_s_Ice_Hockey_Home_Opener_Field_Hockey_Homestand_Women_s_Soccer_vs.mp4,"Sports Paws 10/20/25 - Men's Ice Hockey Home Opener, Field Hockey Homestand, Women's Soccer vs. SHU","This week on Sports Paws, men’s ice hockey had its home opening weekend against the University of Maine in a top 10 matchup. Meanwhile women’s ice hockey took on Northeastern in a weekend series and field hockey faced Villanova and Northeastern at home.<br /><br />Q30 Television is the official student-run television station of Quinnipiac University in Hamden, Connecticut. Q30 TV aims to bring clear, concise and correct content to those affiliated with the university and the local Hamden/New Haven area in an efficient, timely and creative style.  Learn more at: q30tv.com <br /><br />Visit our official Q30 website: http://q30tv.com <br /><br />X: http://twitter.com/q30television <br />Q30 News X: https://x.com/Q30News<br />Q30 Entertainment X: https://x.com/Q30Entertain<br />Q30 Sports X: https://x.com/Q30Sports<br /><br />Instagram:  http://instagram.com/q30television<br />Q30 on Campus: https://www.instagram.com/q30oncampus/<br />Q30 Sports Instagram: https://www.instagram.com/q30_sports/<br />Tik Tok: https://www.tiktok.com/@q30_television<br />Facebook Page: http://facebook.com/q30television",Q30 Television,2025-10-24,,football,female,,,,Women's Soccer,Sports_Paws_10_20_25_Men_s_Ice_Hockey_Home_Opener_Field_Hockey_Homestand_Women_s_Soccer_vs.mp4,171240763,1818.08,unreviewed,
InternetArchive,IA:rpttvny-RPI_Women_s_Soccer_vs_William_Smith_College,rpttvny-RPI_Women_s_Soccer_vs_William_Smith_College,https://archive.org/details/rpttvny-RPI_Women_s_Soccer_vs_William_Smith_College,https://archive.org/download/rpttvny-RPI_Women_s_Soccer_vs_William_Smith_College/RPI_Women_s_Soccer_vs_William_Smith_College.mp4,RPI Women's Soccer vs William Smith College,,RPI TV,2025-11-02,,football,female,,,,Women's Soccer,RPI_Women_s_Soccer_vs_William_Smith_College.mp4,801722343,7913.32,unreviewed,
InternetArchive,IA:sgtvsc-Women_s_Soccer_vs._Texas_A_M_Oct._19_2025,sgtvsc-Women_s_Soccer_vs._Texas_A_M_Oct._19_2025,https://archive.org/details/sgtvsc-Women_s_Soccer_vs._Texas_A_M_Oct._19_2025,https://archive.org/download/sgtvsc-Women_s_Soccer_vs._Texas_A_M_Oct._19_2025/Women_s_Soccer_vs._Texas_A_M_Oct._19_2025.mp4,"Women's Soccer vs. Texas A&M - Oct. 19, 2025",The Gamecock Women's Soccer team look to get back to winning ways after dropping points to Kentucky against a Texas A&M squad that looks to build on a win against Missouri.<br /><br />Anchor: Jordan Walker<br />Producer: Brett Calabrese,Student Gamecock Television - SGTV,2025-10-20,,football,female,,,,Women's Soccer,Women_s_Soccer_vs._Texas_A_M_Oct._19_2025.mp4,10749049,111.32,unreviewed,
InternetArchive,IA:sgtvsc-Women_s_Soccer_vs._Texas_Oct._9_2025,sgtvsc-Women_s_Soccer_vs._Texas_Oct._9_2025,https://archive.org/details/sgtvsc-Women_s_Soccer_vs._Texas_Oct._9_2025,https://archive.org/download/sgtvsc-Women_s_Soccer_vs._Texas_Oct._9_2025/Women_s_Soccer_vs._Texas_Oct._9_2025.mp4,"Women's Soccer vs. Texas - Oct. 9, 2025",The #10 South Carolina Gamecocks take home another SEC Conference win as they beat the Texas Longhorns 5-1 on the back of 2 goals and 2 assists from Katie Shea Collins. <br /><br />Reporter: Jordan Walker<br />Producer: Calvin DeLude,Student Gamecock Television - SGTV,2025-10-10,,football,female,,,,Women's Soccer,Women_s_Soccer_vs._Texas_Oct._9_2025.mp4,10046924,104.65,unreviewed,
InternetArchive,IA:sgtvsc-Women_s_Soccer_vs._Vanderbilt_Oct._26_2025,sgtvsc-Women_s_Soccer_vs._Vanderbilt_Oct._26_2025,https://archive.org/details/sgtvsc-Women_s_Soccer_vs._Vanderbilt_Oct._26_2025,https://archive.org/download/sgtvsc-Women_s_Soccer_vs._Vanderbilt_Oct._26_2025/Women_s_Soccer_vs._Vanderbilt_Oct._26_2025.mp4,"Women's Soccer vs. Vanderbilt - Oct. 26, 2025",The South Carolina Women's Soccer team looked to get back to winning ways in their last regular season game of the year against the #10 Vanderbilt Commodores. <br /><br />Anchor: Jonah Spiegelman<br />Producer: Brett Calabrese,Student Gamecock Television - SGTV,2025-10-27,,football,female,,,,Women's Soccer,Women_s_Soccer_vs._Vanderbilt_Oct._26_2025.mp4,10995692,116.08,unreviewed,
InternetArchive,IA:sgtvsc-Women_s_Soccer_vs_Florida_September_10_2026-bSMhUXz15UU,sgtvsc-Women_s_Soccer_vs_Florida_September_10_2026-bSMhUXz15UU,https://archive.org/details/sgtvsc-Women_s_Soccer_vs_Florida_September_10_2026-bSMhUXz15UU,https://archive.org/download/sgtvsc-Women_s_Soccer_vs_Florida_September_10_2026-bSMhUXz15UU/Women_s_Soccer_vs_Florida_September_10_2026-bSMhUXz15UU.mp4,"Women's Soccer vs Florida - September 10, 2026",The South Carolina Gamecocks host the Florida Gators in a ranked matchup to kick off conference play.<br /><br />Anchors: Jordan Walker<br />Producers: Anna Zidar and Jordan Walker<br /><br /><br /><br />#southcarolina #womenssoccer #sec,Student Gamecock Television - SGTV,2026-09-11,,football,female,,,,Women's Soccer,Women_s_Soccer_vs_Florida_September_10_2026-bSMhUXz15UU.mp4,9811884,102.54,unreviewed,
InternetArchive,IA:wtopny-SUNY_Oswego_Women_s_Soccer_vs_Brockport_9_1_26,wtopny-SUNY_Oswego_Women_s_Soccer_vs_Brockport_9_1_26,https://archive.org/details/wtopny-SUNY_Oswego_Women_s_Soccer_vs_Brockport_9_1_26,https://archive.org/download/wtopny-SUNY_Oswego_Women_s_Soccer_vs_Brockport_9_1_26/SUNY_Oswego_Women_s_Soccer_vs_Brockport_9_1_26.mp4,SUNY Oswego Women's Soccer vs Brockport - 9/1/26,,WTOP10TV,2026-08-07,,football,female,,,,Women's Soccer,SUNY_Oswego_Women_s_Soccer_vs_Brockport_9_1_26.mp4,869962305,8955.01,unreviewed,
InternetArchive,IA:wtopny-SUNY_Oswego_Women_s_Soccer_vs_Geneseo_9_8_26-341o9z1wnng,wtopny-SUNY_Oswego_Women_s_Soccer_vs_Geneseo_9_8_26-341o9z1wnng,https://archive.org/details/wtopny-SUNY_Oswego_Women_s_Soccer_vs_Geneseo_9_8_26-341o9z1wnng,https://archive.org/download/wtopny-SUNY_Oswego_Women_s_Soccer_vs_Geneseo_9_8_26-341o9z1wnng/SUNY_Oswego_Women_s_Soccer_vs_Geneseo_9_8_26-341o9z1wnng.mp4,SUNY Oswego Women's Soccer vs Geneseo - 9/8/26,,WTOP10TV,2026-09-09,,football,female,,,,Women's Soccer,SUNY_Oswego_Women_s_Soccer_vs_Geneseo_9_8_26-341o9z1wnng.mp4,880502206,8960.05,unreviewed,
InternetArchive,IA:wtopny-SUNY_Oswego_Women_s_Soccer_vs_New_Paltz_October_11th_2025,wtopny-SUNY_Oswego_Women_s_Soccer_vs_New_Paltz_October_11th_2025,https://archive.org/details/wtopny-SUNY_Oswego_Women_s_Soccer_vs_New_Paltz_October_11th_2025,https://archive.org/download/wtopny-SUNY_Oswego_Women_s_Soccer_vs_New_Paltz_October_11th_2025/SUNY_Oswego_Women_s_Soccer_vs_New_Paltz_October_11th_2025.mp4,"SUNY Oswego Women's Soccer vs New Paltz - October 11th, 2025",,WTOP10TV,2025-10-12,,football,female,,,,Women's Soccer,SUNY_Oswego_Women_s_Soccer_vs_New_Paltz_October_11th_2025.mp4,786409654,8005.06,unreviewed,
InternetArchive,IA:btvnj-Brookdale_Jersey_Blues_vs_CC_Morris_Titans_Men_s_Soccer_9.15.26_soccer_colleg-kZFsc8hifeI,btvnj-Brookdale_Jersey_Blues_vs_CC_Morris_Titans_Men_s_Soccer_9.15.26_soccer_colleg-kZFsc8hifeI,https://archive.org/details/btvnj-Brookdale_Jersey_Blues_vs_CC_Morris_Titans_Men_s_Soccer_9.15.26_soccer_colleg-kZFsc8hifeI,https://archive.org/download/btvnj-Brookdale_Jersey_Blues_vs_CC_Morris_Titans_Men_s_Soccer_9.15.26_soccer_colleg-kZFsc8hifeI/Brookdale_Jersey_Blues_vs_CC_Morris_Titans_Men_s_Soccer_9.15.26_soccer_colleg-kZFsc8hifeI.mp4,Brookdale Jersey Blues vs CC Morris Titans - Men's Soccer 9.15.26 #soccer #collegesports,"Welcome to the Brookdale Community College Jersey Blues Men's Soccer live stream! <br /><br />Today's matchup: Brookdale Jersey Blues [3-2] vs County College of Morris Titans [0-1-1] Men’s Soccer September 15th, 2026. <br /><br /> <br /><br />Watch live NJCAA Division III and Region 19 Garden State Athletic Conference (GSAC) Men's Soccer action from Brookdale Community College in Lincroft, New Jersey, as the Jersey Blues take on another challenging opponent at the home opener of the 2026 season. <br /><br /> <br /><br />Follow the Jersey Blues throughout the season for live game coverage, highlights, interviews, scores, schedules, and more from Brookdale Community College Athletics. <br /><br />  <br /><br />Brookdale Athletics Instagram: bccathletics  <br /><br />(https://www.instagram.com/bccathletics?utm_source=ig_web_button_share_sheet&igsi=ZDNlZDc0MzIxNw==) <br /><br />  <br /><br />Brookdale Men's Soccer Instagram: brookdalemenssoccer <br /><br />(https://www.instagram.com/brookdalemenssoccer?utm_source=ig_web_button_share_sheet&igsi=ZDNlZDc0MzIxNw==) <br /><br />  <br /><br />🏆 NJCAA Division III Men's Soccer <br /><br />⚽ Region 19 Garden State Athletic Conference (GSAC) <br /><br />🔵 Brookdale Community College Jersey Blues <br /><br />📍 Lincroft, New Jersey <br /><br />  <br /><br />Subscribe to the Brookdale Community College Athletics channel and turn on notifications so you don't miss the next Jersey Blues game! <br /><br />  <br /><br />#Brookdale #BrookdaleCC #JerseyBlues #BrookdaleAthletics #MensSoccer #CollegeSoccer #NJCAASoccer #NJCAA #NJCAADIII #GardenStateAthleticConference #GSAC #NewJerseySoccer #CollegeSports #LiveSoccer #SoccerLiveStream #region19",BrookdaleTV,2026-09-16,,football,male,,,,Men's Soccer,Brookdale_Jersey_Blues_vs_CC_Morris_Titans_Men_s_Soccer_9.15.26_soccer_colleg-kZFsc8hifeI.mp4,1004938914,10325.38,unreviewed,
InternetArchive,IA:btvnj-Brookdale_Jersey_Blues_vs_Middlesex_Colts_Men_s_Soccer_9.12.26_menssoccer_col-588vuMM01KU,btvnj-Brookdale_Jersey_Blues_vs_Middlesex_Colts_Men_s_Soccer_9.12.26_menssoccer_col-588vuMM01KU,https://archive.org/details/btvnj-Brookdale_Jersey_Blues_vs_Middlesex_Colts_Men_s_Soccer_9.12.26_menssoccer_col-588vuMM01KU,https://archive.org/download/btvnj-Brookdale_Jersey_Blues_vs_Middlesex_Colts_Men_s_Soccer_9.12.26_menssoccer_col-588vuMM01KU/Brookdale_Jersey_Blues_vs_Middlesex_Colts_Men_s_Soccer_9.12.26_menssoccer_col-588vuMM01KU.mp4,Brookdale Jersey Blues vs Middlesex Colts - Men's Soccer 9.12.26 #menssoccer #collegesports,"Welcome to the Brookdale Community College Jersey Blues Men's Soccer live stream! <br /><br /> Today's matchup: Brookdale Jersey Blues [3-1] vs Middlesex Colts [0-1-1] Men’s Soccer September 12th, 2026. <br /><br /> <br /><br />Watch live NJCAA Division III and Region 19 Garden State Athletic Conference (GSAC) Men's Soccer action from Brookdale Community College in Lincroft, New Jersey, as the Jersey Blues take on another challenging opponent at the home opener of the 2026 season. <br /><br /> <br /><br />Brookdale Men's Soccer enters the 2026 campaign looking to build on a competitive 2025 season. The Jersey Blues finished last season with a 7-9-1 overall record and a 7-7-1 conference record, earning a spot in the NJCAA Region 19 East District B semifinals. Brookdale also saw several student-athletes receive postseason recognition, including NJCAA All-Region XIX First Team honors for forward Wyatt Vicente, All-Region Third Team recognition for defender Zion Tomlinson, and GSAC All-Conference honors for Vicente, Tomlinson, and midfielder Alessandro Principato. <br /><br />  <br /><br />The 2026 Jersey Blues enter the season with a mix of returning experience, new student-athletes, and fresh talent looking to make an impact. With another competitive schedule ahead, Brookdale will look to continue developing as a team, compete for GSAC and Region 19 success, and make another postseason push. <br /><br />  <br /><br />Follow the Jersey Blues throughout the season for live game coverage, highlights, interviews, scores, schedules, and more from Brookdale Community College Athletics. <br /><br />  <br /><br />Brookdale Athletics Instagram: bccathletics  <br /><br />(https://www.instagram.com/bccathletics?utm_source=ig_web_button_share_sheet&igsi=ZDNlZDc0MzIxNw==) <br /><br />  <br /><br />Brookdale Men's Soccer Instagram: brookdalemenssoccer <br /><br />(https://www.instagram.com/brookdalemenssoccer?utm_source=ig_web_button_share_sheet&igsi=ZDNlZDc0MzIxNw==) <br /><br />  <br /><br />🏆 NJCAA Division III Men's Soccer <br /><br />⚽ Region 19 Garden State Athletic Conference (GSAC) <br /><br />🔵 Brookdale Community College Jersey Blues <br /><br />📍 Lincroft, New Jersey <br /><br />  <br /><br />Subscribe to the Brookdale Community College Athletics channel and turn on notifications so you don't miss the next Jersey Blues game! <br /><br />  <br /><br />#Brookdale #BrookdaleCC #JerseyBlues #BrookdaleAthletics #MensSoccer #CollegeSoccer #NJCAASoccer #NJCAA #NJCAADIII #GardenStateAthleticConference #GSAC #NewJerseySoccer #CollegeSports #LiveSoccer #SoccerLiveStream #region19",BrookdaleTV,2026-09-13,,football,male,,,,Men's Soccer,Brookdale_Jersey_Blues_vs_Middlesex_Colts_Men_s_Soccer_9.12.26_menssoccer_col-588vuMM01KU.mp4,735202003,7585.26,unreviewed,
InternetArchive,IA:btvnj-Brookdale_Men_s_Soccer_vs_Camden_College_11_October_2025,btvnj-Brookdale_Men_s_Soccer_vs_Camden_College_11_October_2025,https://archive.org/details/btvnj-Brookdale_Men_s_Soccer_vs_Camden_College_11_October_2025,https://archive.org/download/btvnj-Brookdale_Men_s_Soccer_vs_Camden_College_11_October_2025/Brookdale_Men_s_Soccer_vs_Camden_College_11_October_2025.mp4,Brookdale Men's Soccer vs Camden College  11 October 2025,Brookdale- 0<br />Camden - 2,BrookdaleTV,2025-10-12,,football,male,,,,Men's Soccer,Brookdale_Men_s_Soccer_vs_Camden_College_11_October_2025.mp4,542198592,5640.85,unreviewed,
InternetArchive,IA:btvnj-Brookdale_Men_s_Soccer_vs_Camden_County_College,btvnj-Brookdale_Men_s_Soccer_vs_Camden_County_College,https://archive.org/details/btvnj-Brookdale_Men_s_Soccer_vs_Camden_County_College,https://archive.org/download/btvnj-Brookdale_Men_s_Soccer_vs_Camden_County_College/Brookdale_Men_s_Soccer_vs_Camden_County_College.mp4,Brookdale Men's Soccer vs Camden County College,start at 12:pm,BrookdaleTV,2025-10-12,,football,male,,,,Men's Soccer,Brookdale_Men_s_Soccer_vs_Camden_County_College.mp4,683112779,6637.54,unreviewed,
InternetArchive,IA:btvnj-Brookdale_Men_s_Soccer_vs_Montgomery_4_October_2025,btvnj-Brookdale_Men_s_Soccer_vs_Montgomery_4_October_2025,https://archive.org/details/btvnj-Brookdale_Men_s_Soccer_vs_Montgomery_4_October_2025,https://archive.org/download/btvnj-Brookdale_Men_s_Soccer_vs_Montgomery_4_October_2025/Brookdale_Men_s_Soccer_vs_Montgomery_4_October_2025.mp4,Brookdale Men's Soccer vs Montgomery 4 October 2025,Men's game Brookdale wins 4-2<br />#25 Jorge Cruz<br />#13 Alexandro Principato<br />#8 Billy Murawski<br />#25 Jorge Cruz,BrookdaleTV,2025-10-05,,football,male,,,,Men's Soccer,Brookdale_Men_s_Soccer_vs_Montgomery_4_October_2025.mp4,603028945,6294.86,unreviewed,
InternetArchive,IA:btvnj-Brookdale_Men_s_Soccer_vs_Rowan_College_South_Jersey-Gloucester,btvnj-Brookdale_Men_s_Soccer_vs_Rowan_College_South_Jersey-Gloucester,https://archive.org/details/btvnj-Brookdale_Men_s_Soccer_vs_Rowan_College_South_Jersey-Gloucester,https://archive.org/download/btvnj-Brookdale_Men_s_Soccer_vs_Rowan_College_South_Jersey-Gloucester/Brookdale_Men_s_Soccer_vs_Rowan_College_South_Jersey-Gloucester.mp4,Brookdale Men's Soccer vs Rowan College  South Jersey-Gloucester,,BrookdaleTV,2025-10-19,,football,male,,,,Men's Soccer,Brookdale_Men_s_Soccer_vs_Rowan_College_South_Jersey-Gloucester.mp4,759103437,7351.79,unreviewed,
InternetArchive,IA:btvnj-HOW_MANY_GOALS_Brookdale_vs_Morris_Men_s_Soccer_Highlights-b4sVw7BmAMw,btvnj-HOW_MANY_GOALS_Brookdale_vs_Morris_Men_s_Soccer_Highlights-b4sVw7BmAMw,https://archive.org/details/btvnj-HOW_MANY_GOALS_Brookdale_vs_Morris_Men_s_Soccer_Highlights-b4sVw7BmAMw,https://archive.org/download/btvnj-HOW_MANY_GOALS_Brookdale_vs_Morris_Men_s_Soccer_Highlights-b4sVw7BmAMw/HOW_MANY_GOALS_Brookdale_vs_Morris_Men_s_Soccer_Highlights-b4sVw7BmAMw.mp4,HOW MANY GOALS?! Brookdale vs Morris - Men's Soccer Highlights,,BrookdaleTV,2026-09-16,,football,male,,,,Men's Soccer,HOW_MANY_GOALS_Brookdale_vs_Morris_Men_s_Soccer_Highlights-b4sVw7BmAMw.mp4,8113093,79.16,unreviewed,
InternetArchive,IA:btvnj-Jersey_Blues_vs_Cumberland_Dukes_Men_s_Soccer_9.3.26_brookdale_soccer_college-cNGPlx1UjiM,btvnj-Jersey_Blues_vs_Cumberland_Dukes_Men_s_Soccer_9.3.26_brookdale_soccer_college-cNGPlx1UjiM,https://archive.org/details/btvnj-Jersey_Blues_vs_Cumberland_Dukes_Men_s_Soccer_9.3.26_brookdale_soccer_college-cNGPlx1UjiM,https://archive.org/download/btvnj-Jersey_Blues_vs_Cumberland_Dukes_Men_s_Soccer_9.3.26_brookdale_soccer_college-cNGPlx1UjiM/Jersey_Blues_vs_Cumberland_Dukes_Men_s_Soccer_9.3.26_brookdale_soccer_college-cNGPlx1UjiM.mp4,Jersey Blues vs Cumberland Dukes - Men's Soccer 9.3.26 #brookdale #soccer #collegesports,"Welcome to the Brookdale Community College Jersey Blues Men's Soccer live stream!<br /><br />Watch live NJCAA Division III and Region 19 Garden State Athletic Conference (GSAC) Men's Soccer action from Brookdale Community College in Lincroft, New Jersey, as the Jersey Blues take on another challenging opponent at the home opener of the 2026 season.<br /><br />Brookdale Men's Soccer enters the 2026 campaign looking to build on a competitive 2025 season. The Jersey Blues finished last season with a 7-9-1 overall record and a 7-7-1 conference record, earning a spot in the NJCAA Region 19 East District B semifinals. Brookdale also saw several student-athletes receive postseason recognition, including NJCAA All-Region XIX First Team honors for forward Wyatt Vicente, All-Region Third Team recognition for defender Zion Tomlinson, and GSAC All-Conference honors for Vicente, Tomlinson, and midfielder Alessandro Principato.<br /><br />The 2026 Jersey Blues enter the season with a mix of returning experience, new student-athletes, and fresh talent looking to make an impact. With another competitive schedule ahead, Brookdale will look to continue developing as a team, compete for GSAC and Region 19 success, and make another postseason push.<br /><br />Today's matchup: RCSJ Cumberland (0-0-1)<br /><br />Follow the Jersey Blues throughout the season for live game coverage, highlights, interviews, scores, schedules, and more from Brookdale Community College Athletics.<br /><br />Brookdale Athletics Instagram: bccathletics <br />(https://www.instagram.com/bccathletics?utm_source=ig_web_button_share_sheet&igsi=ZDNlZDc0MzIxNw==)<br /><br />Brookdale Men's Soccer Instagram: brookdalemenssoccer<br />(https://www.instagram.com/brookdalemenssoccer?utm_source=ig_web_button_share_sheet&igsi=ZDNlZDc0MzIxNw==)<br /><br />🏆 NJCAA Division III Men's Soccer<br />⚽ Region 19 Garden State Athletic Conference (GSAC)<br />🔵 Brookdale Community College Jersey Blues<br />📍 Lincroft, New Jersey<br /><br />Subscribe to the Brookdale Community College Athletics channel and turn on notifications so you don't miss the next Jersey Blues game!<br /><br />#Brookdale #BrookdaleCC #JerseyBlues #BrookdaleAthletics #MensSoccer #CollegeSoccer #NJCAASoccer #NJCAA #NJCAADIII #GardenStateAthleticConference #GSAC #NewJerseySoccer #CollegeSports #LiveSoccer #SoccerLiveStream",BrookdaleTV,2026-09-04,,football,male,,,,Men's Soccer,Jersey_Blues_vs_Cumberland_Dukes_Men_s_Soccer_9.3.26_brookdale_soccer_college-cNGPlx1UjiM.mp4,770332620,8017.15,unreviewed,
InternetArchive,IA:btvnj-Jersey_Blues_vs_Cumberland_Men_s_Soccer_9.3.26_brookdale_soccer-gcPofbbO8gk,btvnj-Jersey_Blues_vs_Cumberland_Men_s_Soccer_9.3.26_brookdale_soccer-gcPofbbO8gk,https://archive.org/details/btvnj-Jersey_Blues_vs_Cumberland_Men_s_Soccer_9.3.26_brookdale_soccer-gcPofbbO8gk,https://archive.org/download/btvnj-Jersey_Blues_vs_Cumberland_Men_s_Soccer_9.3.26_brookdale_soccer-gcPofbbO8gk/Jersey_Blues_vs_Cumberland_Men_s_Soccer_9.3.26_brookdale_soccer-gcPofbbO8gk.mp4,Jersey Blues vs Cumberland - Men's Soccer 9.3.26 #brookdale #soccer,"Welcome to the Brookdale Community College Jersey Blues Men's Soccer live stream!<br /><br />Watch live NJCAA Division III and Region 19 Garden State Athletic Conference (GSAC) Men's Soccer action from Brookdale Community College in Lincroft, New Jersey, as the Jersey Blues take on another challenging opponent at the home opener of the 2026 season.<br /><br />Brookdale Men's Soccer enters the 2026 campaign looking to build on a competitive 2025 season. The Jersey Blues finished last season with a 7-9-1 overall record and a 7-7-1 conference record, earning a spot in the NJCAA Region 19 East District B semifinals. Brookdale also saw several student-athletes receive postseason recognition, including NJCAA All-Region XIX First Team honors for forward Wyatt Vicente, All-Region Third Team recognition for defender Zion Tomlinson, and GSAC All-Conference honors for Vicente, Tomlinson, and midfielder Alessandro Principato.<br /><br />The 2026 Jersey Blues enter the season with a mix of returning experience, new student-athletes, and fresh talent looking to make an impact. With another competitive schedule ahead, Brookdale will look to continue developing as a team, compete for GSAC and Region 19 success, and make another postseason push.<br /><br />Today's matchup: RCSJ Cumberland (0-0-1)<br /><br />Follow the Jersey Blues throughout the season for live game coverage, highlights, interviews, scores, schedules, and more from Brookdale Community College Athletics.<br /><br />Brookdale Athletics Instagram: bccathletics <br />(https://www.instagram.com/bccathletics?utm_source=ig_web_button_share_sheet&igsi=ZDNlZDc0MzIxNw==)<br /><br />Brookdale Men's Soccer Instagram: brookdalemenssoccer<br />(https://www.instagram.com/brookdalemenssoccer?utm_source=ig_web_button_share_sheet&igsi=ZDNlZDc0MzIxNw==)<br /><br />🏆 NJCAA Division III Men's Soccer<br />⚽ Region 19 Garden State Athletic Conference (GSAC)<br />🔵 Brookdale Community College Jersey Blues<br />📍 Lincroft, New Jersey<br /><br />Subscribe to the Brookdale Community College Athletics channel and turn on notifications so you don't miss the next Jersey Blues game!<br /><br />#Brookdale #BrookdaleCC #JerseyBlues #BrookdaleAthletics #MensSoccer #CollegeSoccer #NJCAASoccer #NJCAA #NJCAADIII #GardenStateAthleticConference #GSAC #NewJerseySoccer #CollegeSports #LiveSoccer #SoccerLiveStream",BrookdaleTV,2026-09-04,,football,male,,,,Men's Soccer,Jersey_Blues_vs_Cumberland_Men_s_Soccer_9.3.26_brookdale_soccer-gcPofbbO8gk.mp4,559732638,5825.19,unreviewed,
InternetArchive,IA:btvnj-Jersey_Blues_vs_Northampton_Spartans_Men_s_Soccer_8.29.26_brookdale_soccer_co-YtjzkwwLGl8,btvnj-Jersey_Blues_vs_Northampton_Spartans_Men_s_Soccer_8.29.26_brookdale_soccer_co-YtjzkwwLGl8,https://archive.org/details/btvnj-Jersey_Blues_vs_Northampton_Spartans_Men_s_Soccer_8.29.26_brookdale_soccer_co-YtjzkwwLGl8,https://archive.org/download/btvnj-Jersey_Blues_vs_Northampton_Spartans_Men_s_Soccer_8.29.26_brookdale_soccer_co-YtjzkwwLGl8/Jersey_Blues_vs_Northampton_Spartans_Men_s_Soccer_8.29.26_brookdale_soccer_co-YtjzkwwLGl8.mp4,Jersey Blues vs Northampton Spartans - Men's Soccer 8.29.26 #brookdale #soccer #collegesoccer,"Welcome to the Brookdale Community College Jersey Blues Men's Soccer live stream!<br /><br />Watch live NJCAA Division III and Region 19 Garden State Athletic Conference (GSAC) Men's Soccer action from Brookdale Community College in Lincroft, New Jersey, as the Jersey Blues take on another challenging opponent at the home opener of the 2026 season.<br /><br />Brookdale Men's Soccer enters the 2026 campaign looking to build on a competitive 2025 season. The Jersey Blues finished last season with a 7-9-1 overall record and a 7-7-1 conference record, earning a spot in the NJCAA Region 19 East District B semifinals. Brookdale also saw several student-athletes receive postseason recognition, including NJCAA All-Region XIX First Team honors for forward Wyatt Vicente, All-Region Third Team recognition for defender Zion Tomlinson, and GSAC All-Conference honors for Vicente, Tomlinson, and midfielder Alessandro Principato.<br /><br />The 2026 Jersey Blues enter the season with a mix of returning experience, new student-athletes, and fresh talent looking to make an impact. With another competitive schedule ahead, Brookdale will look to continue developing as a team, compete for GSAC and Region 19 success, and make another postseason push.<br /><br />Today's matchup: Northampton Spartans (0-1)<br /><br />Follow the Jersey Blues throughout the season for live game coverage, highlights, interviews, scores, schedules, and more from Brookdale Community College Athletics.<br /><br />Brookdale Athletics Instagram: bccathletics <br />(https://www.instagram.com/bccathletics?utm_source=ig_web_button_share_sheet&igsi=ZDNlZDc0MzIxNw==)<br /><br />Brookdale Men's Soccer Instagram: brookdalemenssoccer<br />(https://www.instagram.com/brookdalemenssoccer?utm_source=ig_web_button_share_sheet&igsi=ZDNlZDc0MzIxNw==)<br /><br />🏆 NJCAA Division III Men's Soccer<br />⚽ Region 19 Garden State Athletic Conference (GSAC)<br />🔵 Brookdale Community College Jersey Blues<br />📍 Lincroft, New Jersey<br /><br />Subscribe to the Brookdale Community College Athletics channel and turn on notifications so you don't miss the next Jersey Blues game!<br /><br />#Brookdale #BrookdaleCC #JerseyBlues #BrookdaleAthletics #MensSoccer #CollegeSoccer #NJCAASoccer #NJCAA #NJCAADIII #GardenStateAthleticConference #GSAC #NewJerseySoccer #CollegeSports #LiveSoccer #SoccerLiveStream",BrookdaleTV,2026-08-30,,football,male,,,,Men's Soccer,Jersey_Blues_vs_Northampton_Spartans_Men_s_Soccer_8.29.26_brookdale_soccer_co-YtjzkwwLGl8.mp4,785219755,7885.34,unreviewed,
InternetArchive,IA:btvnj-Men_s_Soccer_vs_Rowan_College_South_Jersey-_Gloucester,btvnj-Men_s_Soccer_vs_Rowan_College_South_Jersey-_Gloucester,https://archive.org/details/btvnj-Men_s_Soccer_vs_Rowan_College_South_Jersey-_Gloucester,https://archive.org/download/btvnj-Men_s_Soccer_vs_Rowan_College_South_Jersey-_Gloucester/Men_s_Soccer_vs_Rowan_College_South_Jersey-_Gloucester.mp4,Men's Soccer vs Rowan College South Jersey- Gloucester,Brookdale-2<br />Rowan-0,BrookdaleTV,2025-10-19,,football,male,,,,Men's Soccer,Men_s_Soccer_vs_Rowan_College_South_Jersey-_Gloucester.mp4,565393923,5888.33,unreviewed,
InternetArchive,IA:ccpamd-CSM_Men_s_Soccer_Game_CSM_vs_Carroll-QeHA7hLK6PQ,ccpamd-CSM_Men_s_Soccer_Game_CSM_vs_Carroll-QeHA7hLK6PQ,https://archive.org/details/ccpamd-CSM_Men_s_Soccer_Game_CSM_vs_Carroll-QeHA7hLK6PQ,https://archive.org/download/ccpamd-CSM_Men_s_Soccer_Game_CSM_vs_Carroll-QeHA7hLK6PQ/CSM_Men_s_Soccer_Game_CSM_vs_Carroll-QeHA7hLK6PQ.mp4,CSM Men’s Soccer Game CSM vs Carroll,,Charles County Public Access,2026-09-16,,football,male,,,,Men's Soccer,CSM_Men_s_Soccer_Game_CSM_vs_Carroll-QeHA7hLK6PQ.mp4,921601821,10396.13,unreviewed,
InternetArchive,IA:ccpamd-CSM_mens_soccer_vs_Garret_men_s_soccer_Csm,ccpamd-CSM_mens_soccer_vs_Garret_men_s_soccer_Csm,https://archive.org/details/ccpamd-CSM_mens_soccer_vs_Garret_men_s_soccer_Csm,https://archive.org/download/ccpamd-CSM_mens_soccer_vs_Garret_men_s_soccer_Csm/CSM_mens_soccer_vs_Garret_men_s_soccer_Csm.mp4,CSM mens soccer vs Garret men’s  soccer Csm,,Charles County Public Access,2025-10-12,,football,male,,,,Men's Soccer,CSM_mens_soccer_vs_Garret_men_s_soccer_Csm.mp4,675137604,7633.51,unreviewed,
InternetArchive,IA:cittvny-Syracuse_Men_s_Soccer_vs._Iona_Postgame_Press_Conferece,cittvny-Syracuse_Men_s_Soccer_vs._Iona_Postgame_Press_Conferece,https://archive.org/details/cittvny-Syracuse_Men_s_Soccer_vs._Iona_Postgame_Press_Conferece,https://archive.org/download/cittvny-Syracuse_Men_s_Soccer_vs._Iona_Postgame_Press_Conferece/Syracuse_Men_s_Soccer_vs._Iona_Postgame_Press_Conferece.mp4,Syracuse Men's Soccer vs. Iona Postgame Press Conferece,Featuring Head Coach Ian McIntyre and Bryson Rodriguez,CitrusTV,2026-09-01,,football,male,,,,Men's Soccer,Syracuse_Men_s_Soccer_vs._Iona_Postgame_Press_Conferece.mp4,42212685,433.73,unreviewed,
InternetArchive,IA:cittvny-Syracuse_Men_s_Soccer_vs._Loyola_Press_Conference,cittvny-Syracuse_Men_s_Soccer_vs._Loyola_Press_Conference,https://archive.org/details/cittvny-Syracuse_Men_s_Soccer_vs._Loyola_Press_Conference,https://archive.org/download/cittvny-Syracuse_Men_s_Soccer_vs._Loyola_Press_Conference/Syracuse_Men_s_Soccer_vs._Loyola_Press_Conference.mp4,Syracuse Men's Soccer vs. Loyola Press Conference,Featuring Head Coach Ian McIntyre and Midfielder Badr Laghjibi,CitrusTV,2026-08-29,,football,male,,,,Men's Soccer,Syracuse_Men_s_Soccer_vs._Loyola_Press_Conference.mp4,71443105,735.31,unreviewed,
InternetArchive,IA:cittvny-Syracuse_Men_s_Soccer_vs._No._18_Clemson_Postgame_Press_Conference-0oEtiwtDFJI,cittvny-Syracuse_Men_s_Soccer_vs._No._18_Clemson_Postgame_Press_Conference-0oEtiwtDFJI,https://archive.org/details/cittvny-Syracuse_Men_s_Soccer_vs._No._18_Clemson_Postgame_Press_Conference-0oEtiwtDFJI,https://archive.org/download/cittvny-Syracuse_Men_s_Soccer_vs._No._18_Clemson_Postgame_Press_Conference-0oEtiwtDFJI/Syracuse_Men_s_Soccer_vs._No._18_Clemson_Postgame_Press_Conference-0oEtiwtDFJI.mp4,Syracuse Men's Soccer vs. No. 18 Clemson Postgame Press Conference,Featuring Head Coach Ian McIntyre,CitrusTV,2026-09-05,,football,male,,,,Men's Soccer,Syracuse_Men_s_Soccer_vs._No._18_Clemson_Postgame_Press_Conference-0oEtiwtDFJI.mp4,28461648,293.01,unreviewed,
InternetArchive,IA:cittvny-Syracuse_men_s_soccer_vs._Le_Moyne_postgame_press_conference-vysYPzEoB6k,cittvny-Syracuse_men_s_soccer_vs._Le_Moyne_postgame_press_conference-vysYPzEoB6k,https://archive.org/details/cittvny-Syracuse_men_s_soccer_vs._Le_Moyne_postgame_press_conference-vysYPzEoB6k,https://archive.org/download/cittvny-Syracuse_men_s_soccer_vs._Le_Moyne_postgame_press_conference-vysYPzEoB6k/Syracuse_men_s_soccer_vs._Le_Moyne_postgame_press_conference-vysYPzEoB6k.mp4,Syracuse men's soccer vs. Le Moyne postgame press conference,Featuring Head Coach Ian McIntyre and Defender Gabriel Oksanen,CitrusTV,2026-09-20,,football,male,,,,Men's Soccer,Syracuse_men_s_soccer_vs._Le_Moyne_postgame_press_conference-vysYPzEoB6k.mp4,62354228,636.76,unreviewed,
InternetArchive,IA:cittvny-Syracuse_men_s_soccer_vs._St._John_s_postgame_press_conference--8PPJ2sKtnM,cittvny-Syracuse_men_s_soccer_vs._St._John_s_postgame_press_conference--8PPJ2sKtnM,https://archive.org/details/cittvny-Syracuse_men_s_soccer_vs._St._John_s_postgame_press_conference--8PPJ2sKtnM,https://archive.org/download/cittvny-Syracuse_men_s_soccer_vs._St._John_s_postgame_press_conference--8PPJ2sKtnM/Syracuse_men_s_soccer_vs._St._John_s_postgame_press_conference--8PPJ2sKtnM.mp4,Syracuse men's soccer vs. St. John's postgame press conference,Featuring Head Coach Ian McIntyre,CitrusTV,2026-09-10,,football,male,,,,Men's Soccer,Syracuse_men_s_soccer_vs._St._John_s_postgame_press_conference--8PPJ2sKtnM.mp4,33335247,342.91,unreviewed,
InternetArchive,IA:jctvor-OSAA_6A_Men_s_Soccer_-_Jesuit_vs._Tigard_at_Cronin_Field-1jjgKFJ5dXE,jctvor-OSAA_6A_Men_s_Soccer_-_Jesuit_vs._Tigard_at_Cronin_Field-1jjgKFJ5dXE,https://archive.org/details/jctvor-OSAA_6A_Men_s_Soccer_-_Jesuit_vs._Tigard_at_Cronin_Field-1jjgKFJ5dXE,https://archive.org/download/jctvor-OSAA_6A_Men_s_Soccer_-_Jesuit_vs._Tigard_at_Cronin_Field-1jjgKFJ5dXE/OSAA_6A_Men_s_Soccer_-_Jesuit_vs._Tigard_at_Cronin_Field-1jjgKFJ5dXE.mp4,OSAA 6A Men's Soccer: Jesuit vs. Tigard at Cronin Field,,JCTV Jesuit High School Television,2026-09-17,,football,male,,,,Men's Soccer,OSAA_6A_Men_s_Soccer_-_Jesuit_vs._Tigard_at_Cronin_Field-1jjgKFJ5dXE.mp4,584015904,6012.09,unreviewed,
InternetArchive,IA:klhsmo-Liberty_Blue_Jays_Men_s_Soccer_vs._Staley_Falcons_September_3_2026-zp58sKgHdWs,klhsmo-Liberty_Blue_Jays_Men_s_Soccer_vs._Staley_Falcons_September_3_2026-zp58sKgHdWs,https://archive.org/details/klhsmo-Liberty_Blue_Jays_Men_s_Soccer_vs._Staley_Falcons_September_3_2026-zp58sKgHdWs,https://archive.org/download/klhsmo-Liberty_Blue_Jays_Men_s_Soccer_vs._Staley_Falcons_September_3_2026-zp58sKgHdWs/Liberty_Blue_Jays_Men_s_Soccer_vs._Staley_Falcons_September_3_2026-zp58sKgHdWs.mp4,"Liberty Blue Jays Men's Soccer vs. Staley Falcons - September 3, 2026",,KLHS TV,2026-09-04,,football,male,,,,Men's Soccer,Liberty_Blue_Jays_Men_s_Soccer_vs._Staley_Falcons_September_3_2026-zp58sKgHdWs.mp4,722112792,7338.02,unreviewed,
InternetArchive,IA:q30ct-Sports_Paws_9_14_26_Women_s_Golf_Record_Men_s_Soccer_Vs._Stony_Brook_Women_s_-U26JOhvOz_c,q30ct-Sports_Paws_9_14_26_Women_s_Golf_Record_Men_s_Soccer_Vs._Stony_Brook_Women_s_-U26JOhvOz_c,https://archive.org/details/q30ct-Sports_Paws_9_14_26_Women_s_Golf_Record_Men_s_Soccer_Vs._Stony_Brook_Women_s_-U26JOhvOz_c,https://archive.org/download/q30ct-Sports_Paws_9_14_26_Women_s_Golf_Record_Men_s_Soccer_Vs._Stony_Brook_Women_s_-U26JOhvOz_c/Sports_Paws_9_14_26_Women_s_Golf_Record_Men_s_Soccer_Vs._Stony_Brook_Women_s_-U26JOhvOz_c.mp4,"Sports Paws 9/14/26 - Women's Golf Record, Men's Soccer Vs. Stony Brook, Women's Ice Hockey Kickoff","This week on Sports Paws, women’s golf broke records at the Nittany Lion Invitational. Women’s tennis also accomplished a first this weekend at the Quinnipiac Hidden Duals, plus Women’s Ice Hockey prepares to kick off its season.<br /><br />Q30 Television is the official student-run television station of Quinnipiac University in Hamden, Connecticut. Q30 TV aims to bring clear, concise and correct content to those affiliated with the university and the local Hamden/New Haven area in an efficient, timely and creative style.  Learn more at: q30tv.com <br /><br />Visit our official Q30 website: http://q30tv.com <br /><br />X: http://twitter.com/q30television <br />Q30 News X: https://x.com/Q30News<br />Q30 Entertainment X: https://x.com/Q30Entertain<br />Q30 Sports X: https://x.com/Q30Sports<br /><br />Instagram:  http://instagram.com/q30television<br />Q30 on Campus: https://www.instagram.com/q30oncampus/<br />Q30 Sports Instagram: https://www.instagram.com/q30_sports/<br />Tik Tok: https://www.tiktok.com/@q30_television<br />Facebook Page: http://facebook.com/q30television",Q30 Television,2026-09-15,,football,male,,,,Men's Soccer,Sports_Paws_9_14_26_Women_s_Golf_Record_Men_s_Soccer_Vs._Stony_Brook_Women_s_-U26JOhvOz_c.mp4,170279541,1796.41,unreviewed,
InternetArchive,IA:sgtvsc-Men_s_Soccer_vs._Coastal_Carolina_Oct._26_2025,sgtvsc-Men_s_Soccer_vs._Coastal_Carolina_Oct._26_2025,https://archive.org/details/sgtvsc-Men_s_Soccer_vs._Coastal_Carolina_Oct._26_2025,https://archive.org/download/sgtvsc-Men_s_Soccer_vs._Coastal_Carolina_Oct._26_2025/Men_s_Soccer_vs._Coastal_Carolina_Oct._26_2025.mp4,"Men's Soccer vs. Coastal Carolina - Oct. 26, 2025",The South Carolina Men's Soccer team looks to break their two-game losing streak against the Coastal Carolina Chanticleers. <br /><br />Anchor: Finneas Wright<br />Producer: Gavin Wiedemuth,Student Gamecock Television - SGTV,2025-10-27,,football,male,,,,Men's Soccer,Men_s_Soccer_vs._Coastal_Carolina_Oct._26_2025.mp4,11137997,116.05,unreviewed,
InternetArchive,IA:wtopny-SUNY_Oswego_Men_s_Soccer_vs_Buffalo_State_October_22nd_2025,wtopny-SUNY_Oswego_Men_s_Soccer_vs_Buffalo_State_October_22nd_2025,https://archive.org/details/wtopny-SUNY_Oswego_Men_s_Soccer_vs_Buffalo_State_October_22nd_2025,https://archive.org/download/wtopny-SUNY_Oswego_Men_s_Soccer_vs_Buffalo_State_October_22nd_2025/SUNY_Oswego_Men_s_Soccer_vs_Buffalo_State_October_22nd_2025.mp4,"SUNY Oswego Men's Soccer vs Buffalo State - October 22nd, 2025",,WTOP10TV,2025-10-23,,football,male,,,,Men's Soccer,SUNY_Oswego_Men_s_Soccer_vs_Buffalo_State_October_22nd_2025.mp4,718672335,7325.06,unreviewed,
InternetArchive,IA:wtopny-SUNY_Oswego_Men_s_Soccer_vs_Potsdam_October_15th_2025,wtopny-SUNY_Oswego_Men_s_Soccer_vs_Potsdam_October_15th_2025,https://archive.org/details/wtopny-SUNY_Oswego_Men_s_Soccer_vs_Potsdam_October_15th_2025,https://archive.org/download/wtopny-SUNY_Oswego_Men_s_Soccer_vs_Potsdam_October_15th_2025/SUNY_Oswego_Men_s_Soccer_vs_Potsdam_October_15th_2025.mp4,"SUNY Oswego Men's Soccer vs Potsdam  - October 15th, 2025",,WTOP10TV,2025-10-16,,football,male,,,,Men's Soccer,SUNY_Oswego_Men_s_Soccer_vs_Potsdam_October_15th_2025.mp4,758667273,7755.05,unreviewed,
InternetArchive,IA:wtopny-SUNY_Oswego_Men_s_Soccer_vs_SUNY_Poly_9_4_26-2q_OedtKHes,wtopny-SUNY_Oswego_Men_s_Soccer_vs_SUNY_Poly_9_4_26-2q_OedtKHes,https://archive.org/details/wtopny-SUNY_Oswego_Men_s_Soccer_vs_SUNY_Poly_9_4_26-2q_OedtKHes,https://archive.org/download/wtopny-SUNY_Oswego_Men_s_Soccer_vs_SUNY_Poly_9_4_26-2q_OedtKHes/SUNY_Oswego_Men_s_Soccer_vs_SUNY_Poly_9_4_26-2q_OedtKHes.mp4,SUNY Oswego Men's Soccer vs SUNY Poly - 9/4/26,,WTOP10TV,2026-09-05,,football,male,,,,Men's Soccer,SUNY_Oswego_Men_s_Soccer_vs_SUNY_Poly_9_4_26-2q_OedtKHes.mp4,861262038,8875.06,unreviewed,
InternetArchive,IA:antetvca-UCI_Women_s_Tennis_vs_UNLV_2-5-16,antetvca-UCI_Women_s_Tennis_vs_UNLV_2-5-16,https://archive.org/details/antetvca-UCI_Women_s_Tennis_vs_UNLV_2-5-16,https://archive.org/download/antetvca-UCI_Women_s_Tennis_vs_UNLV_2-5-16/UCI_Women_s_Tennis_vs_UNLV_2-5-16.mp4,UCI Women's Tennis vs UNLV 2-5-16,The UCI Anteaters fall 1-6 against UNLV. Anteater TV reporter Camille Vazquez caught up with Sarah Gong after the game.<br /><br />The Women's Tennis team's next home game is Sunday March 6 against Portland.,AnteaterTV,2016-02-11,,tennis,female,,,,Women's Tennis,UCI_Women_s_Tennis_vs_UNLV_2-5-16.mp4,12511791,130.92,unreviewed,
InternetArchive,IA:bltvtx-Women_s_tennis_takes_first_loss_of_season_in_thriller_vs_SMU,bltvtx-Women_s_tennis_takes_first_loss_of_season_in_thriller_vs_SMU,https://archive.org/details/bltvtx-Women_s_tennis_takes_first_loss_of_season_in_thriller_vs_SMU,https://archive.org/download/bltvtx-Women_s_tennis_takes_first_loss_of_season_in_thriller_vs_SMU/Women_s_tennis_takes_first_loss_of_season_in_thriller_vs_SMU.mp4,Women's tennis takes first loss of season in thriller vs SMU,,Baylor Lariat TV News,2026-02-02,,tennis,female,,,,Women's Tennis,Women_s_tennis_takes_first_loss_of_season_in_thriller_vs_SMU.mp4,9331583,105.3,unreviewed,
InternetArchive,IA:ctv11co-CTV_Sports_-_Drake_vs_Colorado_State_Women_s_Tennis_Recap_March_3_2019,ctv11co-CTV_Sports_-_Drake_vs_Colorado_State_Women_s_Tennis_Recap_March_3_2019,https://archive.org/details/ctv11co-CTV_Sports_-_Drake_vs_Colorado_State_Women_s_Tennis_Recap_March_3_2019,https://archive.org/download/ctv11co-CTV_Sports_-_Drake_vs_Colorado_State_Women_s_Tennis_Recap_March_3_2019/CTV_Sports_-_Drake_vs_Colorado_State_Women_s_Tennis_Recap_March_3_2019.mp4,"CTV Sports: Drake vs Colorado State Women's Tennis - Recap - March 3, 2019",CTV reporters Ethan Bird and Ryan Crist recap Colorado State's 4-0 sweep over Drake. They discus several riveting come from behind wins in CSU's favor.<br /><br />To stay updated on CSU sports through follow us!<br />Twitter: @ctv_sports<br />Instagram: @ctvchannel11,CTV 11,2019-03-03,,tennis,female,,,,Women's Tennis,CTV_Sports_-_Drake_vs_Colorado_State_Women_s_Tennis_Recap_March_3_2019.mp4,17474714,170.6,unreviewed,
InternetArchive,IA:ctv11co-CTV_Sports_-_New_Mexico_vs_Colorado_State_Women_s_Tennis_Highlights_March_31_2019,ctv11co-CTV_Sports_-_New_Mexico_vs_Colorado_State_Women_s_Tennis_Highlights_March_31_2019,https://archive.org/details/ctv11co-CTV_Sports_-_New_Mexico_vs_Colorado_State_Women_s_Tennis_Highlights_March_31_2019,https://archive.org/download/ctv11co-CTV_Sports_-_New_Mexico_vs_Colorado_State_Women_s_Tennis_Highlights_March_31_2019/CTV_Sports_-_New_Mexico_vs_Colorado_State_Women_s_Tennis_Highlights_March_31_2019.mp4,"CTV Sports: New Mexico vs Colorado State Women's Tennis - Highlights- March 31, 2019","CSU started off strong in doubles winning 2 of the 3 matches. However, the Rams had some hard-fought singles matches where they eventually lost the day 4-3.",CTV 11,2019-03-31,,tennis,female,,,,Women's Tennis,CTV_Sports_-_New_Mexico_vs_Colorado_State_Women_s_Tennis_Highlights_March_31_2019.mp4,11004508,115.82,unreviewed,
InternetArchive,IA:ctv11co-CTV_Sports_-_New_Mexico_vs_Colorado_State_Women_s_Tennis_Recap_March_31_2019,ctv11co-CTV_Sports_-_New_Mexico_vs_Colorado_State_Women_s_Tennis_Recap_March_31_2019,https://archive.org/details/ctv11co-CTV_Sports_-_New_Mexico_vs_Colorado_State_Women_s_Tennis_Recap_March_31_2019,https://archive.org/download/ctv11co-CTV_Sports_-_New_Mexico_vs_Colorado_State_Women_s_Tennis_Recap_March_31_2019/CTV_Sports_-_New_Mexico_vs_Colorado_State_Women_s_Tennis_Recap_March_31_2019.mp4,"CTV Sports: New Mexico vs Colorado State Women's Tennis - Recap - March 31, 2019",CTV reporters Ethan Bird and Ryan Crist recap CSU's 4-3 loss to the New Mexico Lobos. They recap a gritty match full of great tennis.,CTV 11,2019-03-31,,tennis,female,,,,Women's Tennis,CTV_Sports_-_New_Mexico_vs_Colorado_State_Women_s_Tennis_Recap_March_31_2019.mp4,16211793,165.98,unreviewed,
InternetArchive,IA:ctv11co-CTV_Sports_-_UNC_Greensboro_vs_Colorado_State_Women_s_Tennis_Highlights_March_7_2019,ctv11co-CTV_Sports_-_UNC_Greensboro_vs_Colorado_State_Women_s_Tennis_Highlights_March_7_2019,https://archive.org/details/ctv11co-CTV_Sports_-_UNC_Greensboro_vs_Colorado_State_Women_s_Tennis_Highlights_March_7_2019,https://archive.org/download/ctv11co-CTV_Sports_-_UNC_Greensboro_vs_Colorado_State_Women_s_Tennis_Highlights_March_7_2019/CTV_Sports_-_UNC_Greensboro_vs_Colorado_State_Women_s_Tennis_Highlights_March_7_2019.mp4,"CTV Sports: UNC Greensboro vs Colorado State Women's Tennis  - Highlights - March 7, 2019",UNC Greensboro defeated Colorado State 4-3. The Rams are now 7-4 on the season. Follow CTV sports for more tennis and CSU sports updates!<br /><br />Twitter: @sports_ctv<br />Instagram: @ctvchannel11,CTV 11,2019-03-08,,tennis,female,,,,Women's Tennis,CTV_Sports_-_UNC_Greensboro_vs_Colorado_State_Women_s_Tennis_Highlights_March_7_2019.mp4,13149199,134.82,unreviewed,
InternetArchive,IA:ctv11co-CTV_Sports_-_UNC_Greensboro_vs_Colorado_State_Women_s_Tennis_Recap_March_7_2018,ctv11co-CTV_Sports_-_UNC_Greensboro_vs_Colorado_State_Women_s_Tennis_Recap_March_7_2018,https://archive.org/details/ctv11co-CTV_Sports_-_UNC_Greensboro_vs_Colorado_State_Women_s_Tennis_Recap_March_7_2018,https://archive.org/download/ctv11co-CTV_Sports_-_UNC_Greensboro_vs_Colorado_State_Women_s_Tennis_Recap_March_7_2018/CTV_Sports_-_UNC_Greensboro_vs_Colorado_State_Women_s_Tennis_Recap_March_7_2018.mp4,"CTV Sports: UNC Greensboro vs Colorado State Women's Tennis- Recap - March 7, 2018",CTV reporter Ethan Bird breaks down CSU's 4-3 loss to UNC Greensboro.  He delves into what went wrong for the Rams but also some areas of promise.,CTV 11,2019-03-08,,tennis,female,,,,Women's Tennis,CTV_Sports_-_UNC_Greensboro_vs_Colorado_State_Women_s_Tennis_Recap_March_7_2018.mp4,12973571,129.64,unreviewed,
InternetArchive,IA:eyetval-Auburn_Women_s_Tennis_Highlights_Vs_Florida,eyetval-Auburn_Women_s_Tennis_Highlights_Vs_Florida,https://archive.org/details/eyetval-Auburn_Women_s_Tennis_Highlights_Vs_Florida,https://archive.org/download/eyetval-Auburn_Women_s_Tennis_Highlights_Vs_Florida/Auburn_Women_s_Tennis_Highlights_Vs_Florida.mp4,Auburn Women's Tennis Highlights Vs Florida,,Eagle Eye TV,2018-03-26,,tennis,female,,,,Women's Tennis,Auburn_Women_s_Tennis_Highlights_Vs_Florida.mp4,5210987,52.39,unreviewed,
InternetArchive,IA:ltvma-LTV_Action_Sports_-_LHS_Women_s_Tennis_vs_Wachusett_5_23_18,ltvma-LTV_Action_Sports_-_LHS_Women_s_Tennis_vs_Wachusett_5_23_18,https://archive.org/details/ltvma-LTV_Action_Sports_-_LHS_Women_s_Tennis_vs_Wachusett_5_23_18,https://archive.org/download/ltvma-LTV_Action_Sports_-_LHS_Women_s_Tennis_vs_Wachusett_5_23_18/LTV_Action_Sports_-_LHS_Women_s_Tennis_vs_Wachusett_5_23_18.mp4,LTV Action Sports - LHS Women's Tennis vs Wachusett 5 23 18,For updates and info about what we have coming up next check out LTV on Facebook and Twitter.,Leominster Access Television,2018-05-25,,tennis,female,,,,Women's Tennis,LTV_Action_Sports_-_LHS_Women_s_Tennis_vs_Wachusett_5_23_18.mp4,368975042,3550.24,unreviewed,
InternetArchive,IA:monica-puig-pur-vs-angelique-kerber-ger-womens-tennis-singles-final-rio-2016-olympics,monica-puig-pur-vs-angelique-kerber-ger-womens-tennis-singles-final-rio-2016-olympics,https://archive.org/details/monica-puig-pur-vs-angelique-kerber-ger-womens-tennis-singles-final-rio-2016-olympics,https://archive.org/download/monica-puig-pur-vs-angelique-kerber-ger-womens-tennis-singles-final-rio-2016-olympics/Monica%20Puig%20%28PUR%29%20vs%20Angelique%20Kerber%20%28GER%29%20-%20Women%27s%20Tennis%20Singles%20Final%20Rio%202016%20Olympics.mp4,Monica Puig ( PUR) Vs Angelique Kerber ( GER) Women's Tennis Singles Final Rio 2016 Olympics,La Campeona.,Manuel Adorno Torres,2022-03-13,,tennis,female,,,,Women's Tennis,Monica Puig (PUR) vs Angelique Kerber (GER) - Women's Tennis Singles Final Rio 2016 Olympics.mp4,1843091487,7692.04,unreviewed,
InternetArchive,IA:ttval-TROY_Women_s_Tennis_vs_Alabama_A_M_-_TROY_TrojanVision_News,ttval-TROY_Women_s_Tennis_vs_Alabama_A_M_-_TROY_TrojanVision_News,https://archive.org/details/ttval-TROY_Women_s_Tennis_vs_Alabama_A_M_-_TROY_TrojanVision_News,https://archive.org/download/ttval-TROY_Women_s_Tennis_vs_Alabama_A_M_-_TROY_TrojanVision_News/TROY_Women_s_Tennis_vs_Alabama_A_M_-_TROY_TrojanVision_News.mp4,TROY Women's Tennis vs Alabama A&M - TROY TrojanVision News,The women’s tennis team took the court on Saturday in search of its 11th win of the season. TROY TrojanVision News’ Khadijah Torbert has the highlights from the Lunsford Tennis Complex.,Troy Trojan Vision,2016-04-05,,tennis,female,,,,Women's Tennis,TROY_Women_s_Tennis_vs_Alabama_A_M_-_TROY_TrojanVision_News.mp4,12279039,121.91,unreviewed,
InternetArchive,IA:ttval-Women_s_Tennis_vs_Alabama_State_-_TROY_TrojanVision_News,ttval-Women_s_Tennis_vs_Alabama_State_-_TROY_TrojanVision_News,https://archive.org/details/ttval-Women_s_Tennis_vs_Alabama_State_-_TROY_TrojanVision_News,https://archive.org/download/ttval-Women_s_Tennis_vs_Alabama_State_-_TROY_TrojanVision_News/Women_s_Tennis_vs_Alabama_State_-_TROY_TrojanVision_News.mp4,Women's Tennis vs Alabama State  - TROY TrojanVision News,The women's tennis team were looking to bounce back from a 2-5 loss against Chatanooga as they took on the Alabama State Hornets Wednesday night.,Troy Trojan Vision,2019-02-14,,tennis,female,,,,Women's Tennis,Women_s_Tennis_vs_Alabama_State_-_TROY_TrojanVision_News.mp4,9772177,101.61,unreviewed,
InternetArchive,IA:ttval-Women_s_Tennis_vs_Kennesaw_ST_-_TROY_TrojanVision_News,ttval-Women_s_Tennis_vs_Kennesaw_ST_-_TROY_TrojanVision_News,https://archive.org/details/ttval-Women_s_Tennis_vs_Kennesaw_ST_-_TROY_TrojanVision_News,https://archive.org/download/ttval-Women_s_Tennis_vs_Kennesaw_ST_-_TROY_TrojanVision_News/Women_s_Tennis_vs_Kennesaw_ST_-_TROY_TrojanVision_News.mp4,Women's Tennis vs Kennesaw ST - TROY TrojanVision News,The tennis team took on Kennesaw State this afternoon.,Troy Trojan Vision,2026-02-19,,tennis,female,,,,Women's Tennis,Women_s_Tennis_vs_Kennesaw_ST_-_TROY_TrojanVision_News.mp4,3104642,33.28,unreviewed,
InternetArchive,IA:ttval-Women_s_Tennis_vs_Kennesaw_State_-_TROY_TrojanVision_News,ttval-Women_s_Tennis_vs_Kennesaw_State_-_TROY_TrojanVision_News,https://archive.org/details/ttval-Women_s_Tennis_vs_Kennesaw_State_-_TROY_TrojanVision_News,https://archive.org/download/ttval-Women_s_Tennis_vs_Kennesaw_State_-_TROY_TrojanVision_News/Women_s_Tennis_vs_Kennesaw_State_-_TROY_TrojanVision_News.mp4,Women's Tennis vs Kennesaw State - TROY TrojanVision News,The TROY women's tennis team is looking keep their season rolling against the owls of Kennesaw state.,Troy Trojan Vision,2026-02-18,,tennis,female,,,,Women's Tennis,Women_s_Tennis_vs_Kennesaw_State_-_TROY_TrojanVision_News.mp4,6628750,66.99,unreviewed,
InternetArchive,IA:tvmarypa-Marywood_Women_s_Tennis_vs._Misericordia_University,tvmarypa-Marywood_Women_s_Tennis_vs._Misericordia_University,https://archive.org/details/tvmarypa-Marywood_Women_s_Tennis_vs._Misericordia_University,https://archive.org/download/tvmarypa-Marywood_Women_s_Tennis_vs._Misericordia_University/Marywood_Women_s_Tennis_vs._Misericordia_University.mp4,Marywood Women's Tennis vs. Misericordia University,"The Pacers win their sixth straight match of the season against Misericordia University on Tuesday, Oct. 4.<br /><br />Camera: Bethany Wade<br />Editors: Rachel Looker and Bethany Wade<br />Written by: John Ferraro<br />Voice of: Rachel Looker <br /><br />Producers: Kyle Clouse and Rachel Looker",TV-Marywood,2016-10-06,,tennis,female,,,,Women's Tennis,Marywood_Women_s_Tennis_vs._Misericordia_University.mp4,4911754,51.94,unreviewed,
InternetArchive,IA:youtube-sAkht3VUSzA,youtube-sAkht3VUSzA,https://archive.org/details/youtube-sAkht3VUSzA,https://archive.org/download/youtube-sAkht3VUSzA/sAkht3VUSzA.mp4,WSU Women's Tennis vs Stanford 4-9-16,The Washington State women's tennis team played their last home game of the season against the 19th ranked Stanford Cardinal Saturday afternoon. Stanford won the singles matches 4-2 and won the doubles 2-0. Sophomore Donika Bashota and Aneta Miksovska were the only Cougars to win their individual matches.,Cable 8 Productions,2016-04-09,,tennis,female,,,,Women's Tennis,sAkht3VUSzA.mp4,5450608,58.14,unreviewed,
InternetArchive,IA:youtube-uBQYEt9CYVs,youtube-uBQYEt9CYVs,https://archive.org/details/youtube-uBQYEt9CYVs,https://archive.org/download/youtube-uBQYEt9CYVs/uBQYEt9CYVs.mp4,Wazzu Recap: 4/8 - Women's Tennis vs. Cal,"🔵Chief Financial Officer Hannah Palmer - IG: @palmer_plamer<br />🔵President and General Manager Noah ""Squabo"" Boelter - YT/IG/TW/TikTok: @SquaboSays<br />🔵VP of Marketing & Alumni Affairs - Zach Mora - @zachmora18 | zacharymora.com<br /><br />❗SUBSCRIBE to see more top tier content❗<br /><br />🌟WEBSITE: https://www.cable8.org/<br />🌟TWITTER: https://twitter.com/cable8<br />🌟INSTAGRAM: https://www.instagram.com/cable8/<br />🌟SUBREDDIT: https://www.reddit.com/r/Cable8Productions/<br />🌟TIKTOK: https://www.tiktok.com/@cable_8?lang=en<br /><br />🔷We are a student-run production company in Pullman, Washington and we believe our purpose as an organization is simple. We want to build a community of students who persevere, work hard and achieve their goals. We want to turn imaginative ideas into reality. We want to create quality web content and gain experience that will prepare us for the future.<br /><br />📸 Photo Albums: https://www.cable8.org/photo-albums<br /><br />📍Cable 8 Productions | Murrow Hall 235 | Pullman, WA 99164",Cable 8 Productions,2022-04-11,,tennis,female,,,,Women's Tennis,uBQYEt9CYVs.mp4,18413433,186.78,unreviewed,
InternetArchive,IA:antetvca-Men_s_Tennis_-_UCI_vs._NAU_2-19-16,antetvca-Men_s_Tennis_-_UCI_vs._NAU_2-19-16,https://archive.org/details/antetvca-Men_s_Tennis_-_UCI_vs._NAU_2-19-16,https://archive.org/download/antetvca-Men_s_Tennis_-_UCI_vs._NAU_2-19-16/Men_s_Tennis_-_UCI_vs._NAU_2-19-16.mp4,Men's Tennis: UCI vs. NAU 2-19-16,Anteater TV reporter Zuly Carpio caught up with Sebastian Heim after Friday's 7-0 victory against NAU.<br /><br />The next Men's Tennis game at UCI will be on March 8th.,AnteaterTV,2016-02-21,,tennis,male,,,,Men's Tennis,Men_s_Tennis_-_UCI_vs._NAU_2-19-16.mp4,21118950,210.77,unreviewed,
InternetArchive,IA:antetvca-UCI_Men_s_Tennis_vs_UCSD_1-17-16,antetvca-UCI_Men_s_Tennis_vs_UCSD_1-17-16,https://archive.org/details/antetvca-UCI_Men_s_Tennis_vs_UCSD_1-17-16,https://archive.org/download/antetvca-UCI_Men_s_Tennis_vs_UCSD_1-17-16/UCI_Men_s_Tennis_vs_UCSD_1-17-16.mp4,UCI Men's Tennis vs UCSD 1-17-16,Anteater TV reporter Larz Broussard catches up with Nico Mertens of the UCI Men’s Tennis team following the 5-2 victory against UC San Diego.,AnteaterTV,2016-01-19,,tennis,male,,,,Men's Tennis,UCI_Men_s_Tennis_vs_UCSD_1-17-16.mp4,11464223,116.05,unreviewed,
InternetArchive,IA:bltvtx-Men_s_Tennis_vs._Texas_L_4-0,bltvtx-Men_s_Tennis_vs._Texas_L_4-0,https://archive.org/details/bltvtx-Men_s_Tennis_vs._Texas_L_4-0,https://archive.org/download/bltvtx-Men_s_Tennis_vs._Texas_L_4-0/Men_s_Tennis_vs._Texas_L_4-0.mp4,"Men's Tennis vs. Texas, L 4-0",,Baylor Lariat TV News,2018-04-23,,tennis,male,,,,Men's Tennis,Men_s_Tennis_vs._Texas_L_4-0.mp4,7284586,76.3,unreviewed,
InternetArchive,IA:bltvtx-Men_s_tennis_pulls_off_upset_win_vs_Texas_A_M,bltvtx-Men_s_tennis_pulls_off_upset_win_vs_Texas_A_M,https://archive.org/details/bltvtx-Men_s_tennis_pulls_off_upset_win_vs_Texas_A_M,https://archive.org/download/bltvtx-Men_s_tennis_pulls_off_upset_win_vs_Texas_A_M/Men_s_tennis_pulls_off_upset_win_vs_Texas_A_M.mp4,Men's tennis pulls off upset win vs Texas A&M,,Baylor Lariat TV News,2026-02-10,,tennis,male,,,,Men's Tennis,Men_s_tennis_pulls_off_upset_win_vs_Texas_A_M.mp4,12708479,142.53,unreviewed,
InternetArchive,IA:bltvtx-No._24_Baylor_Men_s_Tennis_vs._No.30_Texas_Tech_W_4-0,bltvtx-No._24_Baylor_Men_s_Tennis_vs._No.30_Texas_Tech_W_4-0,https://archive.org/details/bltvtx-No._24_Baylor_Men_s_Tennis_vs._No.30_Texas_Tech_W_4-0,https://archive.org/download/bltvtx-No._24_Baylor_Men_s_Tennis_vs._No.30_Texas_Tech_W_4-0/No._24_Baylor_Men_s_Tennis_vs._No.30_Texas_Tech_W_4-0.mp4,"No. 24 Baylor Men's Tennis vs. No.30 Texas Tech, W 4-0",,Baylor Lariat TV News,2018-04-14,,tennis,male,,,,Men's Tennis,No._24_Baylor_Men_s_Tennis_vs._No.30_Texas_Tech_W_4-0.mp4,7634351,79.83,unreviewed,
InternetArchive,IA:mctvil-Men_s_Tennis_vs_Carrol_Ripon,mctvil-Men_s_Tennis_vs_Carrol_Ripon,https://archive.org/details/mctvil-Men_s_Tennis_vs_Carrol_Ripon,https://archive.org/download/mctvil-Men_s_Tennis_vs_Carrol_Ripon/Men_s_Tennis_vs_Carrol_Ripon.mp4,Men's Tennis vs Carrol & Ripon,The Scots Men's Tennis team had two matches this last weekend,MonmouthCollegeTV,2013-03-07,,tennis,male,,,,Men's Tennis,Men_s_Tennis_vs_Carrol_Ripon.mp4,13825790,142.8,unreviewed,
InternetArchive,IA:pegtvvt-Castleton_vs._NVU_Lyndon_-_Men_s_Tennis_-_March_19_2022,pegtvvt-Castleton_vs._NVU_Lyndon_-_Men_s_Tennis_-_March_19_2022,https://archive.org/details/pegtvvt-Castleton_vs._NVU_Lyndon_-_Men_s_Tennis_-_March_19_2022,https://archive.org/download/pegtvvt-Castleton_vs._NVU_Lyndon_-_Men_s_Tennis_-_March_19_2022/Castleton_vs._NVU_Lyndon_-_Men_s_Tennis_-_March_19_2022.mp4,"Castleton vs. NVU Lyndon - Men's Tennis - March 19, 2022","Castleton vs. NVU Lyndon, Men's Tennis.  Recorded on March 19, 2022.",PEGTV,2022-03-23,,tennis,male,,,,Men's Tennis,Castleton_vs._NVU_Lyndon_-_Men_s_Tennis_-_March_19_2022.mp4,49155528,497.12,unreviewed,
InternetArchive,IA:sgtvsc-Gamecock_Men_s_Tennis_vs._Citadel_Feb._28_2024,sgtvsc-Gamecock_Men_s_Tennis_vs._Citadel_Feb._28_2024,https://archive.org/details/sgtvsc-Gamecock_Men_s_Tennis_vs._Citadel_Feb._28_2024,https://archive.org/download/sgtvsc-Gamecock_Men_s_Tennis_vs._Citadel_Feb._28_2024/Gamecock_Men_s_Tennis_vs._Citadel_Feb._28_2024.mp4,"Gamecock Men's Tennis vs. Citadel - Feb. 28, 2024","The South Carolina Men's Tennis team sweeps the Citadel, 7-0.<br /><br />Reporter: Ashley Leonard<br />Producer: George Bagwell",Student Gamecock Television - SGTV,2024-02-28,,tennis,male,,,,Men's Tennis,Gamecock_Men_s_Tennis_vs._Citadel_Feb._28_2024.mp4,8527493,90.28,unreviewed,
InternetArchive,IA:ttval-Men_s_Tennis_vs_Alabama_State_-_TROY_TrojanVision_News,ttval-Men_s_Tennis_vs_Alabama_State_-_TROY_TrojanVision_News,https://archive.org/details/ttval-Men_s_Tennis_vs_Alabama_State_-_TROY_TrojanVision_News,https://archive.org/download/ttval-Men_s_Tennis_vs_Alabama_State_-_TROY_TrojanVision_News/Men_s_Tennis_vs_Alabama_State_-_TROY_TrojanVision_News.mp4,Men's Tennis vs Alabama State - TROY TrojanVision News,Serving on the courts was men's tennis today as they extended their win streak to twelve today when they defeated the Alabama State Hornets.,Troy Trojan Vision,2026-04-06,,tennis,male,,,,Men's Tennis,Men_s_Tennis_vs_Alabama_State_-_TROY_TrojanVision_News.mp4,1963660,20.02,unreviewed,
InternetArchive,IA:ttval-Men_s_Tennis_vs_South_Carolina_State_-_TROY_TrojanVision_News,ttval-Men_s_Tennis_vs_South_Carolina_State_-_TROY_TrojanVision_News,https://archive.org/details/ttval-Men_s_Tennis_vs_South_Carolina_State_-_TROY_TrojanVision_News,https://archive.org/download/ttval-Men_s_Tennis_vs_South_Carolina_State_-_TROY_TrojanVision_News/Men_s_Tennis_vs_South_Carolina_State_-_TROY_TrojanVision_News.mp4,Men's Tennis vs South Carolina State - TROY TrojanVision News,"Moving to the court, troy men's tennis took down South Carolina State yesterday.",Troy Trojan Vision,2026-02-23,,tennis,male,,,,Men's Tennis,Men_s_Tennis_vs_South_Carolina_State_-_TROY_TrojanVision_News.mp4,3286009,35.46,unreviewed,
InternetArchive,IA:ttval-Men_s_Tennis_vs_UAB_-_TROY_TrojanVision_News,ttval-Men_s_Tennis_vs_UAB_-_TROY_TrojanVision_News,https://archive.org/details/ttval-Men_s_Tennis_vs_UAB_-_TROY_TrojanVision_News,https://archive.org/download/ttval-Men_s_Tennis_vs_UAB_-_TROY_TrojanVision_News/Men_s_Tennis_vs_UAB_-_TROY_TrojanVision_News.mp4,Men's Tennis vs UAB  - TROY TrojanVision News,The Trojan men's tennis team wrapped up their regular season with a win over UAB yesterday and now they set their sights on the sun belt conference tournament in Atlanta. However one of the players competing this weekend has had a rough path to the championship court. Shaaz Peernani explains.,Troy Trojan Vision,2019-04-16,,tennis,male,,,,Men's Tennis,Men_s_Tennis_vs_UAB_-_TROY_TrojanVision_News.mp4,11310833,117.03,unreviewed,
InternetArchive,IA:ttval-Men_s_Tennis_vs_West_Alabama_-_TROY_TrojanVision_News,ttval-Men_s_Tennis_vs_West_Alabama_-_TROY_TrojanVision_News,https://archive.org/details/ttval-Men_s_Tennis_vs_West_Alabama_-_TROY_TrojanVision_News,https://archive.org/download/ttval-Men_s_Tennis_vs_West_Alabama_-_TROY_TrojanVision_News/Men_s_Tennis_vs_West_Alabama_-_TROY_TrojanVision_News.mp4,Men's Tennis vs West Alabama - TROY TrojanVision News,"And finally, the men's tennis team took on the West Alabama Tigers yesterday afternoon. Here is William Eldridge with the rundown.",Troy Trojan Vision,2024-01-25,,tennis,male,,,,Men's Tennis,Men_s_Tennis_vs_West_Alabama_-_TROY_TrojanVision_News.mp4,10137684,105.21,unreviewed,
InternetArchive,IA:ttval-TROY_Men_s_Tennis_vs_UWA_-_TROY_TrojanVision_News,ttval-TROY_Men_s_Tennis_vs_UWA_-_TROY_TrojanVision_News,https://archive.org/details/ttval-TROY_Men_s_Tennis_vs_UWA_-_TROY_TrojanVision_News,https://archive.org/download/ttval-TROY_Men_s_Tennis_vs_UWA_-_TROY_TrojanVision_News/TROY_Men_s_Tennis_vs_UWA_-_TROY_TrojanVision_News.mp4,TROY Men's Tennis vs UWA - TROY TrojanVision News,The Trojan men's tennis team picked up a victory at home against an in-state opponent for the second time this week as TROY defeated West Alabama 5-2 Tuesday afternoon at the Lunsford tennis complex.,Troy Trojan Vision,2023-01-26,,tennis,male,,,,Men's Tennis,TROY_Men_s_Tennis_vs_UWA_-_TROY_TrojanVision_News.mp4,11525602,121.12,unreviewed,
InternetArchive,IA:youtube-PBoYUmRY6Bc,youtube-PBoYUmRY6Bc,https://archive.org/details/youtube-PBoYUmRY6Bc,https://archive.org/download/youtube-PBoYUmRY6Bc/PBoYUmRY6Bc.mp4,Vanderbilt Football Vs. Vanderbilt Men's Tennis,"The Commodore challenge featuring the Vanderbilt Football team and the Vanderbilt Men's Tennis team! <br /><br />Source: <a href=""https://www.youtube.com/watch?v=PBoYUmRY6Bc"" rel=""ugc nofollow"">https://www.youtube.com/watch?v=PBoYUmRY6Bc</a><br />Uploader: <a href=""http://www.youtube.com/user/KristoferYee"" rel=""ugc nofollow"">KristoferYee</a>",KristoferYee,2013-04-23,,tennis,male,,,,Men's Tennis,PBoYUmRY6Bc.mp4,35352284,374.29,unreviewed,
InternetArchive,IA:2015-finals-womens-volleyball-nebraska-vs-texas,2015-finals-womens-volleyball-nebraska-vs-texas,https://archive.org/details/2015-finals-womens-volleyball-nebraska-vs-texas,https://archive.org/download/2015-finals-womens-volleyball-nebraska-vs-texas/2015%20Finals%20Women%27s%20Volleyball%20Nebraska%20vs%20Texas%20.mp4,2015 Finals Women's Volleyball Nebraska Vs Texas,NCAA Women's Volleyball 2015 National Championship: Nebraska Cornhuskers vs. Texas Longhorns. ,435 News,2025-09-07,,volleyball,female,,,,Women's Volleyball,2015 Finals Women's Volleyball Nebraska vs Texas .mp4,1573377307,4087.99,unreviewed,
InternetArchive,IA:btvnj-Brookdale_Women_s_Volleyball_Jersey_Blues_vs_Harcum_College_Bears,btvnj-Brookdale_Women_s_Volleyball_Jersey_Blues_vs_Harcum_College_Bears,https://archive.org/details/btvnj-Brookdale_Women_s_Volleyball_Jersey_Blues_vs_Harcum_College_Bears,https://archive.org/download/btvnj-Brookdale_Women_s_Volleyball_Jersey_Blues_vs_Harcum_College_Bears/Brookdale_Women_s_Volleyball_Jersey_Blues_vs_Harcum_College_Bears.mp4,Brookdale Women's Volleyball Jersey Blues vs Harcum College Bears,15 February at 12:00PM Robert J. Collins Arena,BrookdaleTV,2025-02-16,,volleyball,female,,,,Women's Volleyball,Brookdale_Women_s_Volleyball_Jersey_Blues_vs_Harcum_College_Bears.mp4,680180451,6871.62,unreviewed,
InternetArchive,IA:btvnj-Brookdale_Women_s_Volleyball_vs_Bergen_Community_College,btvnj-Brookdale_Women_s_Volleyball_vs_Bergen_Community_College,https://archive.org/details/btvnj-Brookdale_Women_s_Volleyball_vs_Bergen_Community_College,https://archive.org/download/btvnj-Brookdale_Women_s_Volleyball_vs_Bergen_Community_College/Brookdale_Women_s_Volleyball_vs_Bergen_Community_College.mp4,Brookdale Women's Volleyball vs Bergen Community College,13 September 2025,BrookdaleTV,2025-09-14,,volleyball,female,,,,Women's Volleyball,Brookdale_Women_s_Volleyball_vs_Bergen_Community_College.mp4,569940607,5900.15,unreviewed,
InternetArchive,IA:btvnj-Brookdale_Women_s_Volleyball_vs_Community_College_of_Philadelphia,btvnj-Brookdale_Women_s_Volleyball_vs_Community_College_of_Philadelphia,https://archive.org/details/btvnj-Brookdale_Women_s_Volleyball_vs_Community_College_of_Philadelphia,https://archive.org/download/btvnj-Brookdale_Women_s_Volleyball_vs_Community_College_of_Philadelphia/Brookdale_Women_s_Volleyball_vs_Community_College_of_Philadelphia.mp4,Brookdale Women's Volleyball vs Community College of Philadelphia,Jersey Blues vs Lions <br />LIVE 7pm<br />8 October 2025,BrookdaleTV,2025-10-08,,volleyball,female,,,,Women's Volleyball,Brookdale_Women_s_Volleyball_vs_Community_College_of_Philadelphia.mp4,460750951,4694.56,unreviewed,
InternetArchive,IA:btvnj-Brookdale_Women_s_Volleyball_vs_Northampton_College,btvnj-Brookdale_Women_s_Volleyball_vs_Northampton_College,https://archive.org/details/btvnj-Brookdale_Women_s_Volleyball_vs_Northampton_College,https://archive.org/download/btvnj-Brookdale_Women_s_Volleyball_vs_Northampton_College/Brookdale_Women_s_Volleyball_vs_Northampton_College.mp4,Brookdale Women's Volleyball vs  Northampton College,27 September at Robert J. Collins Arena,BrookdaleTV,2025-09-28,,volleyball,female,,,,Women's Volleyball,Brookdale_Women_s_Volleyball_vs_Northampton_College.mp4,526479457,5425.13,unreviewed,
InternetArchive,IA:btvnj-Brookdale_Women_s_Volleyball_vs_Ocean_College,btvnj-Brookdale_Women_s_Volleyball_vs_Ocean_College,https://archive.org/details/btvnj-Brookdale_Women_s_Volleyball_vs_Ocean_College,https://archive.org/download/btvnj-Brookdale_Women_s_Volleyball_vs_Ocean_College/Brookdale_Women_s_Volleyball_vs_Ocean_College.mp4,Brookdale Women's Volleyball vs Ocean College,Home game at 6 PM,BrookdaleTV,2024-10-22,,volleyball,female,,,,Women's Volleyball,Brookdale_Women_s_Volleyball_vs_Ocean_College.mp4,274408209,2783.42,unreviewed,
InternetArchive,IA:btvnj-Brookdale_Women_s_Volleyball_vs_Passaic,btvnj-Brookdale_Women_s_Volleyball_vs_Passaic,https://archive.org/details/btvnj-Brookdale_Women_s_Volleyball_vs_Passaic,https://archive.org/download/btvnj-Brookdale_Women_s_Volleyball_vs_Passaic/Brookdale_Women_s_Volleyball_vs_Passaic.mp4,Brookdale Women's Volleyball vs Passaic,6 October 2025<br />Jersey Blues vs Panters,BrookdaleTV,2025-10-06,,volleyball,female,,,,Women's Volleyball,Brookdale_Women_s_Volleyball_vs_Passaic.mp4,560444712,5765.07,unreviewed,
InternetArchive,IA:btvnj-Brookdale_Women_s_Volleyball_vs_Raritan_Valley_College,btvnj-Brookdale_Women_s_Volleyball_vs_Raritan_Valley_College,https://archive.org/details/btvnj-Brookdale_Women_s_Volleyball_vs_Raritan_Valley_College,https://archive.org/download/btvnj-Brookdale_Women_s_Volleyball_vs_Raritan_Valley_College/Brookdale_Women_s_Volleyball_vs_Raritan_Valley_College.mp4,Brookdale Women's Volleyball vs Raritan Valley College,Jersey Blues vs Lions <br />28 September 2024 at Brookdale,BrookdaleTV,2024-09-29,,volleyball,female,,,,Women's Volleyball,Brookdale_Women_s_Volleyball_vs_Raritan_Valley_College.mp4,459639530,4644.71,unreviewed,
InternetArchive,IA:btvnj-Brookdale_women_s_volleyball_vs_HACC_Hawks,btvnj-Brookdale_women_s_volleyball_vs_HACC_Hawks,https://archive.org/details/btvnj-Brookdale_women_s_volleyball_vs_HACC_Hawks,https://archive.org/download/btvnj-Brookdale_women_s_volleyball_vs_HACC_Hawks/Brookdale_women_s_volleyball_vs_HACC_Hawks.mp4,Brookdale women's volleyball      vs    HACC Hawks,September 20 2025 at Robert J. Collins Arena.,BrookdaleTV,2025-09-21,,volleyball,female,,,,Women's Volleyball,Brookdale_women_s_volleyball_vs_HACC_Hawks.mp4,758118994,7825.06,unreviewed,
InternetArchive,IA:btvnj-Women_s_Volleyball_Brookdale_Jersey_Blues_vs_Raritan_Valley_Lions_28_September_2024,btvnj-Women_s_Volleyball_Brookdale_Jersey_Blues_vs_Raritan_Valley_Lions_28_September_2024,https://archive.org/details/btvnj-Women_s_Volleyball_Brookdale_Jersey_Blues_vs_Raritan_Valley_Lions_28_September_2024,https://archive.org/download/btvnj-Women_s_Volleyball_Brookdale_Jersey_Blues_vs_Raritan_Valley_Lions_28_September_2024/Women_s_Volleyball_Brookdale_Jersey_Blues_vs_Raritan_Valley_Lions_28_September_2024.mp4,Women's Volleyball Brookdale Jersey Blues vs Raritan Valley Lions 28 September 2024,Women's Volleyball Brookdale Jersey Blues vs Raritan Valley Lions 28 September 2024,BrookdaleTV,2024-10-01,,volleyball,female,,,,Women's Volleyball,Women_s_Volleyball_Brookdale_Jersey_Blues_vs_Raritan_Valley_Lions_28_September_2024.mp4,315746024,3219.66,unreviewed,
InternetArchive,IA:ccpamd-CSM_Women_s_Volleyball_Game_CSM_vs_BCCC_Csm-VFwaxNxzykE,ccpamd-CSM_Women_s_Volleyball_Game_CSM_vs_BCCC_Csm-VFwaxNxzykE,https://archive.org/details/ccpamd-CSM_Women_s_Volleyball_Game_CSM_vs_BCCC_Csm-VFwaxNxzykE,https://archive.org/download/ccpamd-CSM_Women_s_Volleyball_Game_CSM_vs_BCCC_Csm-VFwaxNxzykE/CSM_Women_s_Volleyball_Game_CSM_vs_BCCC_Csm-VFwaxNxzykE.mp4,CSM Women’s Volleyball Game CSM vs BCCC Csm,,Charles County Public Access,2026-09-11,,volleyball,female,,,,Women's Volleyball,CSM_Women_s_Volleyball_Game_CSM_vs_BCCC_Csm-VFwaxNxzykE.mp4,374407236,4220.09,unreviewed,
InternetArchive,IA:ccpamd-CSM_vs_Frederick_Community_College_Women_s_Volleyball,ccpamd-CSM_vs_Frederick_Community_College_Women_s_Volleyball,https://archive.org/details/ccpamd-CSM_vs_Frederick_Community_College_Women_s_Volleyball,https://archive.org/download/ccpamd-CSM_vs_Frederick_Community_College_Women_s_Volleyball/CSM_vs_Frederick_Community_College_Women_s_Volleyball.mp4,CSM vs Frederick Community College Women’s Volleyball,,Charles County Public Access,2024-10-06,,volleyball,female,,,,Women's Volleyball,CSM_vs_Frederick_Community_College_Women_s_Volleyball.mp4,221375486,2493.64,unreviewed,
InternetArchive,IA:ccpamd-CSM_vs_Monroe_University_Women_s_Volleyball,ccpamd-CSM_vs_Monroe_University_Women_s_Volleyball,https://archive.org/details/ccpamd-CSM_vs_Monroe_University_Women_s_Volleyball,https://archive.org/download/ccpamd-CSM_vs_Monroe_University_Women_s_Volleyball/CSM_vs_Monroe_University_Women_s_Volleyball.mp4,CSM vs Monroe University Women’s Volleyball,,Charles County Public Access,2024-10-13,,volleyball,female,,,,Women's Volleyball,CSM_vs_Monroe_University_Women_s_Volleyball.mp4,451434624,5104.51,unreviewed,
InternetArchive,IA:ccpamd-CSM_vs_WVU_Potomac_State_College_Women_s_Volleyball,ccpamd-CSM_vs_WVU_Potomac_State_College_Women_s_Volleyball,https://archive.org/details/ccpamd-CSM_vs_WVU_Potomac_State_College_Women_s_Volleyball,https://archive.org/download/ccpamd-CSM_vs_WVU_Potomac_State_College_Women_s_Volleyball/CSM_vs_WVU_Potomac_State_College_Women_s_Volleyball.mp4,"CSM vs WVU Potomac State College, Women’s Volleyball",,Charles County Public Access,2024-10-17,,volleyball,female,,,,Women's Volleyball,CSM_vs_WVU_Potomac_State_College_Women_s_Volleyball.mp4,486893896,5482.58,unreviewed,
InternetArchive,IA:ccpamd-CSM_vs_Westmoreland_CC_Women_s_Volleyball,ccpamd-CSM_vs_Westmoreland_CC_Women_s_Volleyball,https://archive.org/details/ccpamd-CSM_vs_Westmoreland_CC_Women_s_Volleyball,https://archive.org/download/ccpamd-CSM_vs_Westmoreland_CC_Women_s_Volleyball/CSM_vs_Westmoreland_CC_Women_s_Volleyball.mp4,CSM vs Westmoreland CC Women’s Volleyball,,Charles County Public Access,2024-10-13,,volleyball,female,,,,Women's Volleyball,CSM_vs_Westmoreland_CC_Women_s_Volleyball.mp4,40465919,464.12,unreviewed,
InternetArchive,IA:ccpamd-CSM_vs_cecil_Community_College_Women_s_Volleyball,ccpamd-CSM_vs_cecil_Community_College_Women_s_Volleyball,https://archive.org/details/ccpamd-CSM_vs_cecil_Community_College_Women_s_Volleyball,https://archive.org/download/ccpamd-CSM_vs_cecil_Community_College_Women_s_Volleyball/CSM_vs_cecil_Community_College_Women_s_Volleyball.mp4,CSM vs cecil Community College Women’s Volleyball,,Charles County Public Access,2024-10-09,,volleyball,female,,,,Women's Volleyball,CSM_vs_cecil_Community_College_Women_s_Volleyball.mp4,113818434,1280.84,unreviewed,
InternetArchive,IA:ccpamd-Frederick_vs_Garrett_College_Women_s_Volleyball,ccpamd-Frederick_vs_Garrett_College_Women_s_Volleyball,https://archive.org/details/ccpamd-Frederick_vs_Garrett_College_Women_s_Volleyball,https://archive.org/download/ccpamd-Frederick_vs_Garrett_College_Women_s_Volleyball/Frederick_vs_Garrett_College_Women_s_Volleyball.mp4,Frederick vs Garrett College Women’s Volleyball,,Charles County Public Access,2024-10-06,,volleyball,female,,,,Women's Volleyball,Frederick_vs_Garrett_College_Women_s_Volleyball.mp4,572206278,6449.23,unreviewed,
InternetArchive,IA:ctv11co-CSU_Women_s_Volleyball_vs_Nevada,ctv11co-CSU_Women_s_Volleyball_vs_Nevada,https://archive.org/details/ctv11co-CSU_Women_s_Volleyball_vs_Nevada,https://archive.org/download/ctv11co-CSU_Women_s_Volleyball_vs_Nevada/CSU_Women_s_Volleyball_vs_Nevada.mp4,CSU Women's Volleyball vs Nevada,"Follow CTV on Instagram @CTVchannel11<br />Follow CTV on Twitter @CTV11<br /><br />Game played on: November 21, 2024",CTV 11,2024-11-23,,volleyball,female,,,,Women's Volleyball,CSU_Women_s_Volleyball_vs_Nevada.mp4,53080685,541.07,unreviewed,
InternetArchive,IA:lvctvca-ULV_Women_s_Volleyball_vs_CLU_-_10.25.24,lvctvca-ULV_Women_s_Volleyball_vs_CLU_-_10.25.24,https://archive.org/details/lvctvca-ULV_Women_s_Volleyball_vs_CLU_-_10.25.24,https://archive.org/download/lvctvca-ULV_Women_s_Volleyball_vs_CLU_-_10.25.24/ULV_Women_s_Volleyball_vs_CLU_-_10.25.24.mp4,ULV Women's Volleyball vs CLU - 10.25.24,,LVTV 3,2024-10-29,,volleyball,female,,,,Women's Volleyball,ULV_Women_s_Volleyball_vs_CLU_-_10.25.24.mp4,536794030,5544.48,unreviewed,
InternetArchive,IA:lvctvcav-ULV_Women_s_Volleyball_vs_CLU_-_10.25.24,lvctvcav-ULV_Women_s_Volleyball_vs_CLU_-_10.25.24,https://archive.org/details/lvctvcav-ULV_Women_s_Volleyball_vs_CLU_-_10.25.24,https://archive.org/download/lvctvcav-ULV_Women_s_Volleyball_vs_CLU_-_10.25.24/ULV_Women_s_Volleyball_vs_CLU_-_10.25.24.mp4,ULV Women's Volleyball vs CLU - 10.25.24,null,lvtv3,2024-10-28,,volleyball,female,,,,Women's Volleyball,ULV_Women_s_Volleyball_vs_CLU_-_10.25.24.mp4,538012843,5544.47,unreviewed,
InternetArchive,IA:mctvafmd-Montgomery_College_Raptors_Women_s_Volleyball_vs._Monroe_University_Mustangs,mctvafmd-Montgomery_College_Raptors_Women_s_Volleyball_vs._Monroe_University_Mustangs,https://archive.org/details/mctvafmd-Montgomery_College_Raptors_Women_s_Volleyball_vs._Monroe_University_Mustangs,https://archive.org/download/mctvafmd-Montgomery_College_Raptors_Women_s_Volleyball_vs._Monroe_University_Mustangs/Montgomery_College_Raptors_Women_s_Volleyball_vs._Monroe_University_Mustangs.mp4,Montgomery College Raptors Women's Volleyball vs. Monroe University Mustangs,NJCAA Women's Volleyball: Montgomery College Raptors vs. Monroe University Mustangs<br />________________________________________________<br />FOLLOW MONTGOMERY COLLEGE  ON SOCIAL<br /><br />➜  https://twitter.com/montgomerycoll<br />➜  https://www.facebook.com/montgomerycollege<br />➜  https://www.instagram.com/montgomerycollege<br /><br />FOLLOW MONTGOMERY COLLEGE ATHLETICS ON SOCIAL<br /><br />➜  https://twitter.com/MC_Raptors<br />➜  https://www.facebook.com/TheRaptorsMC<br />➜  https://www.instagram.com/mc_raptors/<br /><br />FOLLOW MCTV ON SOCIAL<br /><br />➜  https://twitter.com/mctvsocial<br />➜  https://www.facebook.com/montgomerycollegetv<br />➜  https://www.instagram.com/mctvsocial<br /><br />____________________________________________________________________<br />WEBSITES<br /><br />Montgomery College Website ➜ https://www.montgomerycollege.edu/<br /><br />MC Raptors Website ➜ https://mcraptors.com/<br /><br />MCTV Website ➜ https://www.montgomerycollege.edu/offices/advancement-and-community-engagement/mctv/index.html,Montgomery College Television,2024-10-09,,volleyball,female,,,,Women's Volleyball,Montgomery_College_Raptors_Women_s_Volleyball_vs._Monroe_University_Mustangs.mp4,613254804,6860.1,unreviewed,
InternetArchive,IA:mctvafmd-NJCAA_Region_20_Women_s_Volleyball_Semifinal_-_Montgomery_College_vs._Hagerstown_C.C.,mctvafmd-NJCAA_Region_20_Women_s_Volleyball_Semifinal_-_Montgomery_College_vs._Hagerstown_C.C.,https://archive.org/details/mctvafmd-NJCAA_Region_20_Women_s_Volleyball_Semifinal_-_Montgomery_College_vs._Hagerstown_C.C.,https://archive.org/download/mctvafmd-NJCAA_Region_20_Women_s_Volleyball_Semifinal_-_Montgomery_College_vs._Hagerstown_C.C./NJCAA_Region_20_Women_s_Volleyball_Semifinal_-_Montgomery_College_vs._Hagerstown_C.C..mp4,NJCAA Region 20 Women's Volleyball Semifinal: Montgomery College vs. Hagerstown C.C.,,Montgomery College Television,2024-11-04,,volleyball,female,,,,Women's Volleyball,NJCAA_Region_20_Women_s_Volleyball_Semifinal_-_Montgomery_College_vs._Hagerstown_C.C..mp4,694052912,7192.29,unreviewed,
InternetArchive,IA:mctvafmd-NJCAA_Women_s_Volleyball_-_Chesapeake_College_Skipjacks_vs._Community_College_of_Beaver_Co,mctvafmd-NJCAA_Women_s_Volleyball_-_Chesapeake_College_Skipjacks_vs._Community_College_of_Beaver_Co,https://archive.org/details/mctvafmd-NJCAA_Women_s_Volleyball_-_Chesapeake_College_Skipjacks_vs._Community_College_of_Beaver_Co,https://archive.org/download/mctvafmd-NJCAA_Women_s_Volleyball_-_Chesapeake_College_Skipjacks_vs._Community_College_of_Beaver_Co/NJCAA_Women_s_Volleyball_-_Chesapeake_College_Skipjacks_vs._Community_College_of_Beaver_Co.mp4,NJCAA Women's Volleyball: Chesapeake College Skipjacks vs. Community College of Beaver County Titans,NJCAA Women's Volleyball: Chesapeake College Skipjacks vs. Community College of Beaver County Titans<br /><br />________________________________________________<br />FOLLOW MONTGOMERY COLLEGE  ON SOCIAL<br /><br />➜  https://twitter.com/montgomerycoll<br />➜  https://www.facebook.com/montgomerycollege<br />➜  https://www.instagram.com/montgomerycollege<br /><br />FOLLOW MONTGOMERY COLLEGE ATHLETICS ON SOCIAL<br /><br />➜  https://twitter.com/MC_Raptors<br />➜  https://www.facebook.com/TheRaptorsMC<br />➜  https://www.instagram.com/mc_raptors/<br /><br />FOLLOW MCTV ON SOCIAL<br /><br />➜  https://twitter.com/mctvsocial<br />➜  https://www.facebook.com/montgomerycollegetv<br />➜  https://www.instagram.com/mctvsocial<br /><br />____________________________________________________________________<br />WEBSITES<br /><br />Montgomery College Website ➜ https://www.montgomerycollege.edu/<br /><br />MC Raptors Website ➜ https://mcraptors.com/<br /><br />MCTV Website ➜ https://www.montgomerycollege.edu/offices/advancement-and-community-engagement/mctv/index.html,Montgomery College Television,2024-10-13,,volleyball,female,,,,Women's Volleyball,NJCAA_Women_s_Volleyball_-_Chesapeake_College_Skipjacks_vs._Community_College_of_Beaver_Co.mp4,450313395,4745.14,unreviewed,
InternetArchive,IA:wnftvny-Fredonia_State_Women_s_Volleyball_vs_Hilbert_11-9-2024,wnftvny-Fredonia_State_Women_s_Volleyball_vs_Hilbert_11-9-2024,https://archive.org/details/wnftvny-Fredonia_State_Women_s_Volleyball_vs_Hilbert_11-9-2024,https://archive.org/download/wnftvny-Fredonia_State_Women_s_Volleyball_vs_Hilbert_11-9-2024/Fredonia_State_Women_s_Volleyball_vs_Hilbert_11-9-2024.mp4,Fredonia State Women's Volleyball vs Hilbert - 11-9-2024,,WNYF Television,2024-11-10,,volleyball,female,,,,Women's Volleyball,Fredonia_State_Women_s_Volleyball_vs_Hilbert_11-9-2024.mp4,612324560,6515.31,unreviewed,
InternetArchive,IA:youtube-9Zd5_6-ay44,youtube-9Zd5_6-ay44,https://archive.org/details/youtube-9Zd5_6-ay44,https://archive.org/download/youtube-9Zd5_6-ay44/9Zd5_6-ay44.mp4,WSU Women's Volleyball vs St Mary's | Wazzu Recap,"Talent: Olivia Soliz<br />Videographer: Conner Seuferling<br /><br />SUPPORT CABLE 8<br />≫Website: https://www.cable8.org/<br />≫Instagram: https://www.instagram.com/cable8/<br />≫Twitter: https://twitter.com/cable8<br />≫TikTok: https://www.tiktok.com/@cable_8?lang=en<br /><br />ABOUT CABLE 8<br />Cable 8 Productions is Washington State University’s award-winning, student-run television station established in 1986 to give Cougars practical experience in video production and broadcast television.<br /><br />© 2024 Cable 8 Productions. All Rights Reserved.",Cable 8 Productions,2025-05-01,,volleyball,female,,,,Women's Volleyball,9Zd5_6-ay44.mp4,165780001,215.4,unreviewed,
InternetArchive,IA:1984-los-angeles-olympics-mens-volleyball-usa-vs.-argentina-footage-convert-video-online.com,1984-los-angeles-olympics-mens-volleyball-usa-vs.-argentina-footage-convert-video-online.com,https://archive.org/details/1984-los-angeles-olympics-mens-volleyball-usa-vs.-argentina-footage-convert-video-online.com,https://archive.org/download/1984-los-angeles-olympics-mens-volleyball-usa-vs.-argentina-footage-convert-video-online.com/1984%20Los%20Angeles%20Olympics%20Men%27s%20Volleyball-%20USA%20vs.%20Argentina%20footage%20%28convert-video-online.com%29.mp4,1984 Los Angeles Olympics: Men's Volleyball- USA vs. Argentina footage,"<div>From Long Beach, here's selected footage from an early round indoor volleyball test between the US and Argentina from the 1984 Summer Olympics. </div><div><br /></div>",,2020-06-17,,volleyball,male,,,,Men's Volleyball,1984 Los Angeles Olympics Men's Volleyball- USA vs. Argentina footage (convert-video-online.com).mp4,1002158607,2429.48,unreviewed,
InternetArchive,IA:antetvca-UCI_Men_s_Volleyball_vs_BYU_UCI_Sports,antetvca-UCI_Men_s_Volleyball_vs_BYU_UCI_Sports,https://archive.org/details/antetvca-UCI_Men_s_Volleyball_vs_BYU_UCI_Sports,https://archive.org/download/antetvca-UCI_Men_s_Volleyball_vs_BYU_UCI_Sports/UCI_Men_s_Volleyball_vs_BYU_UCI_Sports.mp4,UCI Men's Volleyball vs BYU - UCI Sports,"On January 22nd, the UCI men's volleyball team played against BYU at the Bren Events Center. Watch to see the highlights of this exciting match!<br />--<br />Videographer and Editor: Jesse Gonzales",AnteaterTV,2020-01-29,,volleyball,male,,,,Men's Volleyball,UCI_Men_s_Volleyball_vs_BYU_UCI_Sports.mp4,7100012,74.61,unreviewed,
InternetArchive,IA:antetvca-UCI_Men_s_Volleyball_vs_Grand_Canyon_University_UCI_Sports,antetvca-UCI_Men_s_Volleyball_vs_Grand_Canyon_University_UCI_Sports,https://archive.org/details/antetvca-UCI_Men_s_Volleyball_vs_Grand_Canyon_University_UCI_Sports,https://archive.org/download/antetvca-UCI_Men_s_Volleyball_vs_Grand_Canyon_University_UCI_Sports/UCI_Men_s_Volleyball_vs_Grand_Canyon_University_UCI_Sports.mp4,UCI Men's Volleyball vs Grand Canyon University - UCI Sports,"On February 28th, the UCI Men's Volleyball Team went head-to-head with Grand Canyon University in the Bren Events Center. Did we win, lose, or tie? Watch to see the highlights of this exciting volleyball game! #RipemEaters #ZotZotZot<br />--<br />Videographer and Video Editor: Brian Na",AnteaterTV,2020-03-03,,volleyball,male,,,,Men's Volleyball,UCI_Men_s_Volleyball_vs_Grand_Canyon_University_UCI_Sports.mp4,6852648,73.65,unreviewed,
InternetArchive,IA:antetvca-UCI_Men_s_Volleyball_vs_Stanford_UCI_Sports,antetvca-UCI_Men_s_Volleyball_vs_Stanford_UCI_Sports,https://archive.org/details/antetvca-UCI_Men_s_Volleyball_vs_Stanford_UCI_Sports,https://archive.org/download/antetvca-UCI_Men_s_Volleyball_vs_Stanford_UCI_Sports/UCI_Men_s_Volleyball_vs_Stanford_UCI_Sports.mp4,UCI Men's Volleyball vs Stanford - UCI Sports,"On January 17th, our 'Eaters faced off against Stanford University in a men's volleyball game hosted at the Bren Events Center. Did we #DefendTheBren? Watch to find out!<br /><br /><br />--<br />Videographer: Jesse Gonzales<br />Video Editor: Kewen Li",AnteaterTV,2020-01-25,,volleyball,male,,,,Men's Volleyball,UCI_Men_s_Volleyball_vs_Stanford_UCI_Sports.mp4,3925027,41.75,unreviewed,
InternetArchive,IA:antetvca-UCI_Men_s_Volleyball_vs_UCSD_UCI_Sports,antetvca-UCI_Men_s_Volleyball_vs_UCSD_UCI_Sports,https://archive.org/details/antetvca-UCI_Men_s_Volleyball_vs_UCSD_UCI_Sports,https://archive.org/download/antetvca-UCI_Men_s_Volleyball_vs_UCSD_UCI_Sports/UCI_Men_s_Volleyball_vs_UCSD_UCI_Sports.mp4,UCI Men's Volleyball vs UCSD - UCI Sports,"On Saturday, February 15th, 2020 the UCI Men's Volleyball team faced UCSD at home in the Bren. Our Eaters fought strong but couldn't hold up for the W. Check out this recap video to learn more!<br />--<br />Videographer and Editor: Jesse Gonzales",AnteaterTV,2020-02-23,,volleyball,male,,,,Men's Volleyball,UCI_Men_s_Volleyball_vs_UCSD_UCI_Sports.mp4,5165228,55.89,unreviewed,
InternetArchive,IA:btvnj-Brookdale_Community_College_Men_s_Volleyball_vs_Community_College_of_Philadelphia,btvnj-Brookdale_Community_College_Men_s_Volleyball_vs_Community_College_of_Philadelphia,https://archive.org/details/btvnj-Brookdale_Community_College_Men_s_Volleyball_vs_Community_College_of_Philadelphia,https://archive.org/download/btvnj-Brookdale_Community_College_Men_s_Volleyball_vs_Community_College_of_Philadelphia/Brookdale_Community_College_Men_s_Volleyball_vs_Community_College_of_Philadelphia.mp4,Brookdale Community College Men's Volleyball vs Community College of Philadelphia,22 March 2025 at Brookdale Robert J Collins Arena,BrookdaleTV,2025-03-23,,volleyball,male,,,,Men's Volleyball,Brookdale_Community_College_Men_s_Volleyball_vs_Community_College_of_Philadelphia.mp4,376322875,3831.13,unreviewed,
InternetArchive,IA:btvnj-Brookdale_Community_College_Men_s_Volleyball_vs_Harcum_College_Hatchers,btvnj-Brookdale_Community_College_Men_s_Volleyball_vs_Harcum_College_Hatchers,https://archive.org/details/btvnj-Brookdale_Community_College_Men_s_Volleyball_vs_Harcum_College_Hatchers,https://archive.org/download/btvnj-Brookdale_Community_College_Men_s_Volleyball_vs_Harcum_College_Hatchers/Brookdale_Community_College_Men_s_Volleyball_vs_Harcum_College_Hatchers.mp4,Brookdale Community College Men's Volleyball  vs Harcum College Hatchers,16 March 2024  at Brookdale Community College,BrookdaleTV,2024-03-17,,volleyball,male,,,,Men's Volleyball,Brookdale_Community_College_Men_s_Volleyball_vs_Harcum_College_Hatchers.mp4,474573501,4835.07,unreviewed,
InternetArchive,IA:btvnj-Brookdale_Jersey_Blues_Men_s_Volleyball_vs_Atlantic_Cape_Buccanears,btvnj-Brookdale_Jersey_Blues_Men_s_Volleyball_vs_Atlantic_Cape_Buccanears,https://archive.org/details/btvnj-Brookdale_Jersey_Blues_Men_s_Volleyball_vs_Atlantic_Cape_Buccanears,https://archive.org/download/btvnj-Brookdale_Jersey_Blues_Men_s_Volleyball_vs_Atlantic_Cape_Buccanears/Brookdale_Jersey_Blues_Men_s_Volleyball_vs_Atlantic_Cape_Buccanears.mp4,Brookdale Jersey Blues Men's Volleyball vs Atlantic Cape Buccanears,19 March 2025,BrookdaleTV,2025-03-20,,volleyball,male,,,,Men's Volleyball,Brookdale_Jersey_Blues_Men_s_Volleyball_vs_Atlantic_Cape_Buccanears.mp4,503781296,5125.25,unreviewed,
InternetArchive,IA:btvnj-Brookdale_Men_s_Volleyball_Jersey_Blues_vs_Atlantic_Cape_College,btvnj-Brookdale_Men_s_Volleyball_Jersey_Blues_vs_Atlantic_Cape_College,https://archive.org/details/btvnj-Brookdale_Men_s_Volleyball_Jersey_Blues_vs_Atlantic_Cape_College,https://archive.org/download/btvnj-Brookdale_Men_s_Volleyball_Jersey_Blues_vs_Atlantic_Cape_College/Brookdale_Men_s_Volleyball_Jersey_Blues_vs_Atlantic_Cape_College.mp4,Brookdale Men's Volleyball Jersey Blues vs Atlantic Cape College,"For the first time ever, Brookdale Men's Volleyball will be on their home court in a match against Atlantic Cape College",BrookdaleTV,2024-02-22,,volleyball,male,,,,Men's Volleyball,Brookdale_Men_s_Volleyball_Jersey_Blues_vs_Atlantic_Cape_College.mp4,416696714,4200.1,unreviewed,
InternetArchive,IA:btvnj-Brookdale_Men_s_Volleyball_Jersey_Blues_vs_Middlesex_County_College_Colts,btvnj-Brookdale_Men_s_Volleyball_Jersey_Blues_vs_Middlesex_County_College_Colts,https://archive.org/details/btvnj-Brookdale_Men_s_Volleyball_Jersey_Blues_vs_Middlesex_County_College_Colts,https://archive.org/download/btvnj-Brookdale_Men_s_Volleyball_Jersey_Blues_vs_Middlesex_County_College_Colts/Brookdale_Men_s_Volleyball_Jersey_Blues_vs_Middlesex_County_College_Colts.mp4,Brookdale Men's Volleyball Jersey Blues vs Middlesex County College Colts,24 March 2025 at Brookdale Robert J Collins Arena,BrookdaleTV,2025-03-25,,volleyball,male,,,,Men's Volleyball,Brookdale_Men_s_Volleyball_Jersey_Blues_vs_Middlesex_County_College_Colts.mp4,586909046,5953.97,unreviewed,
InternetArchive,IA:btvnj-Brookdale_Men_s_Volleyball_Jersey_Blues_vs_Passaic_CC_Panthers,btvnj-Brookdale_Men_s_Volleyball_Jersey_Blues_vs_Passaic_CC_Panthers,https://archive.org/details/btvnj-Brookdale_Men_s_Volleyball_Jersey_Blues_vs_Passaic_CC_Panthers,https://archive.org/download/btvnj-Brookdale_Men_s_Volleyball_Jersey_Blues_vs_Passaic_CC_Panthers/Brookdale_Men_s_Volleyball_Jersey_Blues_vs_Passaic_CC_Panthers.mp4,Brookdale Men's Volleyball Jersey Blues vs Passaic CC Panthers,22 March 2025 at Brookdale Robert J Collins Arena,BrookdaleTV,2025-03-23,,volleyball,male,,,,Men's Volleyball,Brookdale_Men_s_Volleyball_Jersey_Blues_vs_Passaic_CC_Panthers.mp4,388101220,3950.78,unreviewed,
InternetArchive,IA:btvnj-Brookdale_Men_s_Volleyball_vs_Atlantic_Cape_21_February_2024,btvnj-Brookdale_Men_s_Volleyball_vs_Atlantic_Cape_21_February_2024,https://archive.org/details/btvnj-Brookdale_Men_s_Volleyball_vs_Atlantic_Cape_21_February_2024,https://archive.org/download/btvnj-Brookdale_Men_s_Volleyball_vs_Atlantic_Cape_21_February_2024/Brookdale_Men_s_Volleyball_vs_Atlantic_Cape_21_February_2024.mp4,Brookdale Men's Volleyball vs Atlantic Cape 21 February 2024,"Edited, .",BrookdaleTV,2024-02-23,,volleyball,male,,,,Men's Volleyball,Brookdale_Men_s_Volleyball_vs_Atlantic_Cape_21_February_2024.mp4,334914205,3389.53,unreviewed,
InternetArchive,IA:btvnj-Brookdale_Men_s_Volleyball_vs_Atlantic_Cape_Community_College,btvnj-Brookdale_Men_s_Volleyball_vs_Atlantic_Cape_Community_College,https://archive.org/details/btvnj-Brookdale_Men_s_Volleyball_vs_Atlantic_Cape_Community_College,https://archive.org/download/btvnj-Brookdale_Men_s_Volleyball_vs_Atlantic_Cape_Community_College/Brookdale_Men_s_Volleyball_vs_Atlantic_Cape_Community_College.mp4,Brookdale Men's Volleyball vs Atlantic Cape Community College,Jersey Blues vs Buccaneers 11 February at 6 pm,BrookdaleTV,2026-02-12,,volleyball,male,,,,Men's Volleyball,Brookdale_Men_s_Volleyball_vs_Atlantic_Cape_Community_College.mp4,689102539,7130.06,unreviewed,
InternetArchive,IA:btvnj-Brookdale_Men_s_Volleyball_vs_Community_College_of_Philadelphia,btvnj-Brookdale_Men_s_Volleyball_vs_Community_College_of_Philadelphia,https://archive.org/details/btvnj-Brookdale_Men_s_Volleyball_vs_Community_College_of_Philadelphia,https://archive.org/download/btvnj-Brookdale_Men_s_Volleyball_vs_Community_College_of_Philadelphia/Brookdale_Men_s_Volleyball_vs_Community_College_of_Philadelphia.mp4,Brookdale Men's Volleyball vs Community College of Philadelphia,17 March 2025,BrookdaleTV,2025-03-18,,volleyball,male,,,,Men's Volleyball,Brookdale_Men_s_Volleyball_vs_Community_College_of_Philadelphia.mp4,302547433,3070.58,unreviewed,
InternetArchive,IA:btvnj-Brookdale_Men_s_Volleyball_vs_Middlesex_College_Colts,btvnj-Brookdale_Men_s_Volleyball_vs_Middlesex_College_Colts,https://archive.org/details/btvnj-Brookdale_Men_s_Volleyball_vs_Middlesex_College_Colts,https://archive.org/download/btvnj-Brookdale_Men_s_Volleyball_vs_Middlesex_College_Colts/Brookdale_Men_s_Volleyball_vs_Middlesex_College_Colts.mp4,Brookdale Men's Volleyball vs Middlesex  College Colts,Jersey Blues vs Colts<br />4 March 2024 at Brookdale Robert J. Collins Arena,BrookdaleTV,2024-03-05,,volleyball,male,,,,Men's Volleyball,Brookdale_Men_s_Volleyball_vs_Middlesex_College_Colts.mp4,831704227,8427.66,unreviewed,
InternetArchive,IA:btvnj-Brookdale_Men_s_Volleyball_vs_Nassau_Community_College_25_February_2026,btvnj-Brookdale_Men_s_Volleyball_vs_Nassau_Community_College_25_February_2026,https://archive.org/details/btvnj-Brookdale_Men_s_Volleyball_vs_Nassau_Community_College_25_February_2026,https://archive.org/download/btvnj-Brookdale_Men_s_Volleyball_vs_Nassau_Community_College_25_February_2026/Brookdale_Men_s_Volleyball_vs_Nassau_Community_College_25_February_2026.mp4,Brookdale Men's Volleyball vs Nassau Community College 25 February 2026,Jersey Blues vs Lions,BrookdaleTV,2026-02-26,,volleyball,male,,,,Men's Volleyball,Brookdale_Men_s_Volleyball_vs_Nassau_Community_College_25_February_2026.mp4,707422744,7337.07,unreviewed,
InternetArchive,IA:btvnj-Brookdale_Men_s_Volleyball_vs_Northampton_Community_College,btvnj-Brookdale_Men_s_Volleyball_vs_Northampton_Community_College,https://archive.org/details/btvnj-Brookdale_Men_s_Volleyball_vs_Northampton_Community_College,https://archive.org/download/btvnj-Brookdale_Men_s_Volleyball_vs_Northampton_Community_College/Brookdale_Men_s_Volleyball_vs_Northampton_Community_College.mp4,Brookdale Men's Volleyball vs Northampton Community College,at Robert J. Collins Arena  6:PM start,BrookdaleTV,2025-02-25,,volleyball,male,,,,Men's Volleyball,Brookdale_Men_s_Volleyball_vs_Northampton_Community_College.mp4,448166783,4537.46,unreviewed,
InternetArchive,IA:btvnj-Brookdale_Men_s_Volleyball_vs_Ocean_County_College,btvnj-Brookdale_Men_s_Volleyball_vs_Ocean_County_College,https://archive.org/details/btvnj-Brookdale_Men_s_Volleyball_vs_Ocean_County_College,https://archive.org/download/btvnj-Brookdale_Men_s_Volleyball_vs_Ocean_County_College/Brookdale_Men_s_Volleyball_vs_Ocean_County_College.mp4,Brookdale Men's Volleyball vs Ocean County College,10 February at  7:00PM Robert J. Collins Arena,BrookdaleTV,2025-02-11,,volleyball,male,,,,Men's Volleyball,Brookdale_Men_s_Volleyball_vs_Ocean_County_College.mp4,371260395,3784.02,unreviewed,
InternetArchive,IA:btvnj-Brookdale_Men_s_Volleyball_vs_Ocean_County_College_Vikings,btvnj-Brookdale_Men_s_Volleyball_vs_Ocean_County_College_Vikings,https://archive.org/details/btvnj-Brookdale_Men_s_Volleyball_vs_Ocean_County_College_Vikings,https://archive.org/download/btvnj-Brookdale_Men_s_Volleyball_vs_Ocean_County_College_Vikings/Brookdale_Men_s_Volleyball_vs_Ocean_County_College_Vikings.mp4,Brookdale Men's Volleyball vs Ocean County College Vikings,"Ocean County College Volleyball Head Coach Madisyn Raguz<br />Brookdale Community college Men's Volleyball Head Coach Christian Williams<br />February 21 ,2024 will mark first ever Men's Volleyball game played at Brookdale College",BrookdaleTV,2024-02-29,,volleyball,male,,,,Men's Volleyball,Brookdale_Men_s_Volleyball_vs_Ocean_County_College_Vikings.mp4,348912637,3565.08,unreviewed,
InternetArchive,IA:btvnj-Brookdale_Men_s_Volleyball_vs_Passaic_College,btvnj-Brookdale_Men_s_Volleyball_vs_Passaic_College,https://archive.org/details/btvnj-Brookdale_Men_s_Volleyball_vs_Passaic_College,https://archive.org/download/btvnj-Brookdale_Men_s_Volleyball_vs_Passaic_College/Brookdale_Men_s_Volleyball_vs_Passaic_College.mp4,Brookdale Men's Volleyball vs Passaic College,16 March 2024  Home game,BrookdaleTV,2024-03-16,,volleyball,male,,,,Men's Volleyball,Brookdale_Men_s_Volleyball_vs_Passaic_College.mp4,674096862,6870.11,unreviewed,
InternetArchive,IA:btvnj-Brookdale_Men_s_Volleyball_vs_Union,btvnj-Brookdale_Men_s_Volleyball_vs_Union,https://archive.org/details/btvnj-Brookdale_Men_s_Volleyball_vs_Union,https://archive.org/download/btvnj-Brookdale_Men_s_Volleyball_vs_Union/Brookdale_Men_s_Volleyball_vs_Union.mp4,Brookdale Men's Volleyball vs Union,13 March 2024 Jersey Blues vs Owls,BrookdaleTV,2024-03-13,,volleyball,male,,,,Men's Volleyball,Brookdale_Men_s_Volleyball_vs_Union.mp4,306532028,3125.04,unreviewed,
InternetArchive,IA:btvnj-Brookdale_Men_s_Volleyball_vs_Union_County_College,btvnj-Brookdale_Men_s_Volleyball_vs_Union_County_College,https://archive.org/details/btvnj-Brookdale_Men_s_Volleyball_vs_Union_County_College,https://archive.org/download/btvnj-Brookdale_Men_s_Volleyball_vs_Union_County_College/Brookdale_Men_s_Volleyball_vs_Union_County_College.mp4,Brookdale Men's Volleyball vs Union County College,February 19 at 6:00pm in the Robert J. Collins Arena,BrookdaleTV,2025-02-20,,volleyball,male,,,,Men's Volleyball,Brookdale_Men_s_Volleyball_vs_Union_County_College.mp4,374733536,3696.18,unreviewed,
InternetArchive,IA:btvnj-Brookdale_Men_s_Volleyball_vs_Union_County_College_2,btvnj-Brookdale_Men_s_Volleyball_vs_Union_County_College_2,https://archive.org/details/btvnj-Brookdale_Men_s_Volleyball_vs_Union_County_College_2,https://archive.org/download/btvnj-Brookdale_Men_s_Volleyball_vs_Union_County_College_2/Brookdale_Men_s_Volleyball_vs_Union_County_College_2.mp4,Brookdale Men's Volleyball vs Union County College #2,February 19 at 8:00pm in the Robert J. Collins Arena,BrookdaleTV,2025-02-20,,volleyball,male,,,,Men's Volleyball,Brookdale_Men_s_Volleyball_vs_Union_County_College_2.mp4,362777391,3726.39,unreviewed,
InternetArchive,IA:btvnj-Men_s_Volleyball_Harcum_College_vs_Passaic_College.,btvnj-Men_s_Volleyball_Harcum_College_vs_Passaic_College.,https://archive.org/details/btvnj-Men_s_Volleyball_Harcum_College_vs_Passaic_College.,https://archive.org/download/btvnj-Men_s_Volleyball_Harcum_College_vs_Passaic_College./Men_s_Volleyball_Harcum_College_vs_Passaic_College..mp4,Men's Volleyball Harcum College vs Passaic College.,16 March 2024  at Brookdale Community College,BrookdaleTV,2024-03-17,,volleyball,male,,,,Men's Volleyball,Men_s_Volleyball_Harcum_College_vs_Passaic_College..mp4,520895617,5290.13,unreviewed,
InternetArchive,IA:btvnj-Men_s_Volleyball_Passaic_CCC_vs_Community_College_of_Philadelphia,btvnj-Men_s_Volleyball_Passaic_CCC_vs_Community_College_of_Philadelphia,https://archive.org/details/btvnj-Men_s_Volleyball_Passaic_CCC_vs_Community_College_of_Philadelphia,https://archive.org/download/btvnj-Men_s_Volleyball_Passaic_CCC_vs_Community_College_of_Philadelphia/Men_s_Volleyball_Passaic_CCC_vs_Community_College_of_Philadelphia.mp4,Men's Volleyball Passaic CCC vs Community College of Philadelphia,22 March 2025 at Brookdale Robert J Collins Arena,BrookdaleTV,2025-03-23,,volleyball,male,,,,Men's Volleyball,Men_s_Volleyball_Passaic_CCC_vs_Community_College_of_Philadelphia.mp4,381652241,3874.41,unreviewed,
