source_dataset,source_video_id,identifier,source_url,video_url,title,description,creator,date,license_url,sport_label,candidate_gender,candidate_age,gender_category,age_category,search_phrase,video_filename,video_bytes,video_duration_sec,review_status,error
InternetArchive,IA:NMS_vs._Batavia_8th_Grade_Girls_Basketball_2017,NMS_vs._Batavia_8th_Grade_Girls_Basketball_2017,https://archive.org/details/NMS_vs._Batavia_8th_Grade_Girls_Basketball_2017,https://archive.org/download/NMS_vs._Batavia_8th_Grade_Girls_Basketball_2017/NMS_vs._Batavia_8th_Grade_Girls_Basketball_2017.mp4,NMS vs. Batavia 8th Grade Girls Basketball 2017,,NCT,2017-04-01,,basketball,female,youth,,,8th Grade Girls Basketball,NMS_vs._Batavia_8th_Grade_Girls_Basketball_2017.mp4,352689567,3388.58,unreviewed,
InternetArchive,IA:ccmcmd-Girls_Basketball_Summer_League_JV_Games_7-8-2026,ccmcmd-Girls_Basketball_Summer_League_JV_Games_7-8-2026,https://archive.org/details/ccmcmd-Girls_Basketball_Summer_League_JV_Games_7-8-2026,https://archive.org/download/ccmcmd-Girls_Basketball_Summer_League_JV_Games_7-8-2026/Girls_Basketball_Summer_League_JV_Games_7-8-2026.mp4,Girls Basketball Summer League JV Games 7-8-2026,"CMSportsNet coverage of Girls Basketball Summer League JV Games at 5 PM on 7-8-2026<br /><br />This fall CMSportsNet Plus will bring you LIVE streaming coverage from every Carroll County Public High School Stadium and Gym. Head over to CMSportsNet.com right now, and sign up at our special Early Bird discount price! Save 10 percent when you subscribe before August 18, 2026.<br /><br />When you do you’ll get exclusive access to all our LIVE and on demand coverage of JV and Varsity Football, Volleyball and Boys & Girls Soccer<br /><br />The fall season will be here before you know it, Sign up today and save. Visit CMSportsNet.com and Subscribe today and don't miss out on our special Early Bird Fall Season price!<br /><br />MAIN GYM TENTATIVE SCHEDULE<br /><br />FSK vs Urbana, 5 PM<br /><br />Westminster vs Urbana, 6 PM<br /><br />FSK vs Winters Mill, 7 PM<br /><br />MACA vs South Carroll, 8 PM<br /><br />© Community Media Center of Carroll County. Inc. 2026<br />-------------------------------------------------------------------------<br /><br />Subscribe NOW to Community Media Center: http://bit.ly/1RhfzRh<br /><br />Visit our Website:<br />http://www.carrollmediacenter.org<br /><br />Follow Us On: <br />CMC YouTube: http://www.youtube.com/carrollmediacenter<br />Like CMC: http://www.facebook.com/carrollmediacenter/<br />Follow CMC: http://twitter.com/CMC_Carroll_MD<br /><br />The Community Media Center is building a stronger, more dynamic local community by using media and other resources to inform, link, engage, and connect residents and organizations throughout Carroll County, Maryland.",CMC Carroll County,2026-07-08,,basketball,female,,,,Girls Basketball,Girls_Basketball_Summer_League_JV_Games_7-8-2026.mp4,1379638633,14041.11,unreviewed,
InternetArchive,IA:ccmcmd-Girls_Basketball_Summer_League_Varsity_Games_7-13-2026,ccmcmd-Girls_Basketball_Summer_League_Varsity_Games_7-13-2026,https://archive.org/details/ccmcmd-Girls_Basketball_Summer_League_Varsity_Games_7-13-2026,https://archive.org/download/ccmcmd-Girls_Basketball_Summer_League_Varsity_Games_7-13-2026/Girls_Basketball_Summer_League_Varsity_Games_7-13-2026.mp4,Girls Basketball Summer League Varsity Games 7-13-2026,"CMSportsNet coverage of Girls Basketball Summer League Varsity Games at 5 PM on 7-13-2026.<br /><br />This fall CMSportsNet Plus will bring you LIVE streaming coverage from every Carroll County Public High School Stadium and Gym. Head over to CMSportsNet.com right now, and sign up at our special Early Bird discount price! Save 10 percent when you subscribe before August 18, 2026.<br /><br />When you do you’ll get exclusive access to all our LIVE and on demand coverage of JV and Varsity Football, Volleyball and Boys & Girls Soccer<br /><br />The fall season will be here before you know it, Sign up today and save. Visit CMSportsNet.com and Subscribe today and don't miss out on our special Early Bird Fall Season price!<br /><br />MAIN GYM TENTATIVE SCHEDULE:<br /><br />TBD<br /><br />Be sure to watch games this upcoming fall season over at cmsportsnet.com! Subscribe today!<br /><br />© Community Media Center of Carroll County. Inc. 2026<br />-------------------------------------------------------------------------<br /><br />Subscribe NOW to Community Media Center: http://bit.ly/1RhfzRh<br /><br />Visit our Website:<br />http://www.carrollmediacenter.org<br /><br />Follow Us On: <br />CMC YouTube: http://www.youtube.com/carrollmediacenter<br />Like CMC: http://www.facebook.com/carrollmediacenter/<br />Follow CMC: http://twitter.com/CMC_Carroll_MD<br /><br />The Community Media Center is building a stronger, more dynamic local community by using media and other resources to inform, link, engage, and connect residents and organizations throughout Carroll County, Maryland.",CMC Carroll County,2026-07-14,,basketball,female,,,,Girls Basketball,Girls_Basketball_Summer_League_Varsity_Games_7-13-2026.mp4,1440318801,14693.68,unreviewed,
InternetArchive,IA:ccmcmd-LIVE_Girls_Basketball_Summer_League_--_www.cmsportsnet.com,ccmcmd-LIVE_Girls_Basketball_Summer_League_--_www.cmsportsnet.com,https://archive.org/details/ccmcmd-LIVE_Girls_Basketball_Summer_League_--_www.cmsportsnet.com,https://archive.org/download/ccmcmd-LIVE_Girls_Basketball_Summer_League_--_www.cmsportsnet.com/LIVE_Girls_Basketball_Summer_League_--_www.cmsportsnet.com.mp4,LIVE Girls Basketball Summer League -- www.cmsportsnet.com!,"Girls Basketball summer league is LIVE over at www.cmsportsnet.com!<br /><br />LINK TO GAMES -- https://www.carrollmediacenter.org/episodes/girls-basketball-summer-league-varsity-games-6-8-2026<br /><br />SCHEDULE: <br />Westminster vs Urbana, 5<br />Westminster vs Century, 6<br />Urbana vs South Carroll, 7<br />FSK vs Century, 8<br />FSK vs Winters Mill, 9<br /><br />#CMSportsNet<br /><br />© Community Media Center of Carroll County. Inc. 2026<br />-------------------------------------------------------------------------<br /><br />Subscribe NOW to Community Media Center: http://bit.ly/1RhfzRh<br /><br />Visit our Website:<br />http://www.carrollmediacenter.org<br /><br />Follow Us On: <br />CMC YouTube: http://www.youtube.com/carrollmediacenter<br />Like CMC: http://www.facebook.com/carrollmediacenter/<br />Follow CMC: http://twitter.com/CMC_Carroll_MD<br /><br />The Community Media Center is building a stronger, more dynamic local community by using media and other resources to inform, link, engage, and connect residents and organizations throughout Carroll County, Maryland.",CMC Carroll County,2026-06-08,,basketball,female,,,,Girls Basketball,LIVE_Girls_Basketball_Summer_League_--_www.cmsportsnet.com.mp4,1552727,19.37,unreviewed,
InternetArchive,IA:ccmcmd-Monday_girls_basketball_summer_league_is_LIVE,ccmcmd-Monday_girls_basketball_summer_league_is_LIVE,https://archive.org/details/ccmcmd-Monday_girls_basketball_summer_league_is_LIVE,https://archive.org/download/ccmcmd-Monday_girls_basketball_summer_league_is_LIVE/Monday_girls_basketball_summer_league_is_LIVE.mp4,Monday girls basketball summer league is LIVE!,"Monday girls basketball summer league is LIVE!<br /><br />Head over to cmsportsnet.com to watch LIVE coverage from all tonight's games from the main gym! Coverage is FREE TO WATCH!<br /><br />Schedule:<br />FSK vs Catoctin at 5<br />Catoctin vs South Carroll at 6<br />FSK vs Westminster at 7<br />Mt. Airy Christian vs Liberty at 8<br />Century vs Liberty at 9<br /><br />Farmers and Merchants Bank / NR Adventure Park / Schnauble Automotive, INC  <br /><br />#CMSportsNet<br /><br />© Community Media Center of Carroll County. Inc. 2026<br />-------------------------------------------------------------------------<br /><br />Subscribe NOW to Community Media Center: http://bit.ly/1RhfzRh<br /><br />Visit our Website:<br />http://www.carrollmediacenter.org<br /><br />Follow Us On: <br />CMC YouTube: http://www.youtube.com/carrollmediacenter<br />Like CMC: http://www.facebook.com/carrollmediacenter/<br />Follow CMC: http://twitter.com/CMC_Carroll_MD<br /><br />The Community Media Center is building a stronger, more dynamic local community by using media and other resources to inform, link, engage, and connect residents and organizations throughout Carroll County, Maryland.",CMC Carroll County,2026-06-01,,basketball,female,,,,Girls Basketball,Monday_girls_basketball_summer_league_is_LIVE.mp4,1142147,14.91,unreviewed,
InternetArchive,IA:ccxnewsmn-2026_CCX_Sports_All-Area_Girls_Basketball_Team,ccxnewsmn-2026_CCX_Sports_All-Area_Girls_Basketball_Team,https://archive.org/details/ccxnewsmn-2026_CCX_Sports_All-Area_Girls_Basketball_Team,https://archive.org/download/ccxnewsmn-2026_CCX_Sports_All-Area_Girls_Basketball_Team/2026_CCX_Sports_All-Area_Girls_Basketball_Team.mp4,2026 CCX Sports All-Area Girls Basketball Team,"John Jacobson presents the 2026 CCX Sports All-Area Girls Basketball Team. Five local teams qualified for the state tournament this season, with two others losing in section finals. That means a lot of talent to choose from. Fifteen players from eight local schools made our team, plus honorable mention selections. <br /><br />Website - http://www.ccxmedia.org<br />Twitter - http://twitter.com/ccxnews<br />Facebook - https://www.facebook.com/ccxmedia.org/<br /><br />CCX Media is on Comcast Xfinity in the Northwest Suburbs of Minneapolis and includes the cities Brooklyn Center, Brooklyn Park, Crystal, Golden Valley, Maple Grove, New Hope, Osseo, Plymouth and Robbinsdale.",CCX News,2026-04-10,,basketball,female,,,,Girls Basketball,2026_CCX_Sports_All-Area_Girls_Basketball_Team.mp4,35964557,368.92,unreviewed,
InternetArchive,IA:cocrkfl-Thinking_About_Joining_the_Girls_Basketball_League,cocrkfl-Thinking_About_Joining_the_Girls_Basketball_League,https://archive.org/details/cocrkfl-Thinking_About_Joining_the_Girls_Basketball_League,https://archive.org/download/cocrkfl-Thinking_About_Joining_the_Girls_Basketball_League/Thinking_About_Joining_the_Girls_Basketball_League.mp4,Thinking About Joining the Girls Basketball League?,"Calling all girls ages 8–15! Join our Girls Basketball League for a season full of fun, teamwork, competition, and staying active!<br /><br />✨ League Includes:<br />✔️ 3 evaluation clinics<br />✔️ 10 regular season games<br />✔️ Playoffs & Championship<br />✔️ Jersey & shorts included<br /><br />📅 Important Dates:<br />🏀 Evaluation Clinics (Saturdays)<br />• June 13, 20 & 27<br />• 12U at 10:00 AM<br />• 15U at 11:00 AM<br /><br />🏀 Practices Begin:<br />• Week of July 6<br /><br />🏀 Games:<br />• August 11 – October 3<br />• Games may be held Tuesdays, Wednesdays, Thursdays & Saturdays depending on division<br /><br />📍 Location:<br />Recreation Complex<br />4455 Sol Press Boulevard<br /><br />💲 Registration Fees:<br />• $130 Coconut Creek Residents<br />• $180 Non-Residents<br /><br />Register online at CoconutCreek.gov/WebTrac or in person at:<br />• Recreation Complex<br />• Community Center, 1100 Lyons Road<br /><br />📣 Volunteer Coaches Needed!<br />Interested in coaching? Contact the Recreation Complex at 954-956-1580 or email CreekSportsGirlsBBall@coconutcreek.gov<br /><br />📞 Questions?<br />Call 954-956-1580<br />🌐 CoconutCreek.gov/Recreation",City of Coconut Creek,2026-06-25,,basketball,female,,,,Girls Basketball,Thinking_About_Joining_the_Girls_Basketball_League.mp4,2847128,28.56,unreviewed,
InternetArchive,IA:cojmi-Homer_Girls_Basketball_Rallies_to_Support_Teammate_Following_Cancer_Diagnosis,cojmi-Homer_Girls_Basketball_Rallies_to_Support_Teammate_Following_Cancer_Diagnosis,https://archive.org/details/cojmi-Homer_Girls_Basketball_Rallies_to_Support_Teammate_Following_Cancer_Diagnosis,https://archive.org/download/cojmi-Homer_Girls_Basketball_Rallies_to_Support_Teammate_Following_Cancer_Diagnosis/Homer_Girls_Basketball_Rallies_to_Support_Teammate_Following_Cancer_Diagnosis.mp4,Homer Girls Basketball Rallies to Support Teammate Following Cancer Diagnosis,,JTV,2026-04-14,,basketball,female,,,,Girls Basketball,Homer_Girls_Basketball_Rallies_to_Support_Teammate_Following_Cancer_Diagnosis.mp4,66845598,663.56,unreviewed,
InternetArchive,IA:cormi-7th_8th_Grade_Girls_Basketball_-_Yale_Bulldogs_at_Richmond_Blue_Devils,cormi-7th_8th_Grade_Girls_Basketball_-_Yale_Bulldogs_at_Richmond_Blue_Devils,https://archive.org/details/cormi-7th_8th_Grade_Girls_Basketball_-_Yale_Bulldogs_at_Richmond_Blue_Devils,https://archive.org/download/cormi-7th_8th_Grade_Girls_Basketball_-_Yale_Bulldogs_at_Richmond_Blue_Devils/7th_8th_Grade_Girls_Basketball_-_Yale_Bulldogs_at_Richmond_Blue_Devils.mp4,7th & 8th Grade Girls Basketball - Yale Bulldogs at Richmond Blue Devils,"7th & 8th Grade Girls Basketball<br />Yale Bulldogs at Richmond Blue Devils<br />Richmond, MI<br />Richmond TV<br /><br />Richmond Community Schools Athletics Website:<br />https://www.rhsbluedevils.com<br /><br />Richmond Community Schools Website:<br />https://www.richmond.k12.mi.us<br /><br />City of Richmond Website:<br />https://www.cityofrichmond.net",TV12,2021-02-24,,basketball,female,youth,,,8th Grade Girls Basketball,7th_8th_Grade_Girls_Basketball_-_Yale_Bulldogs_at_Richmond_Blue_Devils.mp4,866006187,9315.1,unreviewed,
InternetArchive,IA:dunany-Dunkirk_Archives_-_2012_Girls_Basketball_Dunkirk_at_Fredonia,dunany-Dunkirk_Archives_-_2012_Girls_Basketball_Dunkirk_at_Fredonia,https://archive.org/details/dunany-Dunkirk_Archives_-_2012_Girls_Basketball_Dunkirk_at_Fredonia,https://archive.org/download/dunany-Dunkirk_Archives_-_2012_Girls_Basketball_Dunkirk_at_Fredonia/Dunkirk_Archives_-_2012_Girls_Basketball_Dunkirk_at_Fredonia.mp4,Dunkirk Archives - 2012 Girls Basketball Dunkirk at Fredonia,Dunkirk Archives - 2012 Girls Basketball Dunkirk at Fredonia,Dunkirk Access,2026-07-22,,basketball,female,,,,Girls Basketball,Dunkirk_Archives_-_2012_Girls_Basketball_Dunkirk_at_Fredonia.mp4,352683505,3702.33,unreviewed,
InternetArchive,IA:ftvma-2026_FHS_vs_Groton_Dunstable_-_Girls_Basketball_12.16.2025-mdX6_8tZT7o,ftvma-2026_FHS_vs_Groton_Dunstable_-_Girls_Basketball_12.16.2025-mdX6_8tZT7o,https://archive.org/details/ftvma-2026_FHS_vs_Groton_Dunstable_-_Girls_Basketball_12.16.2025-mdX6_8tZT7o,https://archive.org/download/ftvma-2026_FHS_vs_Groton_Dunstable_-_Girls_Basketball_12.16.2025-mdX6_8tZT7o/2026_FHS_vs_Groton_Dunstable_-_Girls_Basketball_12.16.2025-mdX6_8tZT7o.mp4,2026 FHS vs Groton Dunstable - Girls Basketball 12.16.2025,,Fitchburg Access TV,2026-09-16,,basketball,female,,,,Girls Basketball,2026_FHS_vs_Groton_Dunstable_-_Girls_Basketball_12.16.2025-mdX6_8tZT7o.mp4,377709185,3818.34,unreviewed,
InternetArchive,IA:ftvma-2026_FHS_vs_Oakmont_-_Girls_Basketball_1.6.2026-EPqnwVYr68I,ftvma-2026_FHS_vs_Oakmont_-_Girls_Basketball_1.6.2026-EPqnwVYr68I,https://archive.org/details/ftvma-2026_FHS_vs_Oakmont_-_Girls_Basketball_1.6.2026-EPqnwVYr68I,https://archive.org/download/ftvma-2026_FHS_vs_Oakmont_-_Girls_Basketball_1.6.2026-EPqnwVYr68I/2026_FHS_vs_Oakmont_-_Girls_Basketball_1.6.2026-EPqnwVYr68I.mp4,2026 FHS vs Oakmont - Girls Basketball 1.6.2026,,Fitchburg Access TV,2026-09-16,,basketball,female,,,,Girls Basketball,2026_FHS_vs_Oakmont_-_Girls_Basketball_1.6.2026-EPqnwVYr68I.mp4,311183010,3182.55,unreviewed,
InternetArchive,IA:ftvma-2026_FHS_vs_Tantasqua_-_Girls_Basketball_1.2.2026-RruOh6ZmFFQ,ftvma-2026_FHS_vs_Tantasqua_-_Girls_Basketball_1.2.2026-RruOh6ZmFFQ,https://archive.org/details/ftvma-2026_FHS_vs_Tantasqua_-_Girls_Basketball_1.2.2026-RruOh6ZmFFQ,https://archive.org/download/ftvma-2026_FHS_vs_Tantasqua_-_Girls_Basketball_1.2.2026-RruOh6ZmFFQ/2026_FHS_vs_Tantasqua_-_Girls_Basketball_1.2.2026-RruOh6ZmFFQ.mp4,2026 FHS vs Tantasqua - Girls Basketball 1.2.2026,,Fitchburg Access TV,2026-09-16,,basketball,female,,,,Girls Basketball,2026_FHS_vs_Tantasqua_-_Girls_Basketball_1.2.2026-RruOh6ZmFFQ.mp4,390526986,3992.9,unreviewed,
InternetArchive,IA:ftvma-2026_FHS_vs_Westborough_-_Girls_Basketball_1.13.2026-rdwfY-Vbomo,ftvma-2026_FHS_vs_Westborough_-_Girls_Basketball_1.13.2026-rdwfY-Vbomo,https://archive.org/details/ftvma-2026_FHS_vs_Westborough_-_Girls_Basketball_1.13.2026-rdwfY-Vbomo,https://archive.org/download/ftvma-2026_FHS_vs_Westborough_-_Girls_Basketball_1.13.2026-rdwfY-Vbomo/2026_FHS_vs_Westborough_-_Girls_Basketball_1.13.2026-rdwfY-Vbomo.mp4,2026 FHS vs Westborough - Girls Basketball 1.13.2026,,Fitchburg Access TV,2026-09-16,,basketball,female,,,,Girls Basketball,2026_FHS_vs_Westborough_-_Girls_Basketball_1.13.2026-rdwfY-Vbomo.mp4,381541555,3903.32,unreviewed,
InternetArchive,IA:ftvma-2026_FHS_vs_Worcester_Tech_-_Girls_Basketball_12.12.2025-NVkFifvVYto,ftvma-2026_FHS_vs_Worcester_Tech_-_Girls_Basketball_12.12.2025-NVkFifvVYto,https://archive.org/details/ftvma-2026_FHS_vs_Worcester_Tech_-_Girls_Basketball_12.12.2025-NVkFifvVYto,https://archive.org/download/ftvma-2026_FHS_vs_Worcester_Tech_-_Girls_Basketball_12.12.2025-NVkFifvVYto/2026_FHS_vs_Worcester_Tech_-_Girls_Basketball_12.12.2025-NVkFifvVYto.mp4,2026 FHS vs Worcester Tech - Girls Basketball 12.12.2025,,Fitchburg Access TV,2026-09-16,,basketball,female,,,,Girls Basketball,2026_FHS_vs_Worcester_Tech_-_Girls_Basketball_12.12.2025-NVkFifvVYto.mp4,363100167,3710.48,unreviewed,
InternetArchive,IA:gbect-1-11-17_West_Side_Girls_Basketball_at_Cutler-HLMjRmnv2po,gbect-1-11-17_West_Side_Girls_Basketball_at_Cutler-HLMjRmnv2po,https://archive.org/details/gbect-1-11-17_West_Side_Girls_Basketball_at_Cutler-HLMjRmnv2po,https://archive.org/download/gbect-1-11-17_West_Side_Girls_Basketball_at_Cutler-HLMjRmnv2po/1-11-17_West_Side_Girls_Basketball_at_Cutler-HLMjRmnv2po.mp4,1-11-17 West Side Girls Basketball at Cutler,"Some copyrighted music may be blocked. To request the uncut version of any video, please reach out to our email:<br /><br />gps19@groton.k12.ct.us<br /><br />Within your request, be sure to include the link to the video, or provide its full title.",Groton Public Schools - GPS 19,2026-09-21,,basketball,female,,,,Girls Basketball,1-11-17_West_Side_Girls_Basketball_at_Cutler-HLMjRmnv2po.mp4,429913066,4486.21,unreviewed,
InternetArchive,IA:hcectvky-2021_8th_Grade_Girls_Basketball_Championships,hcectvky-2021_8th_Grade_Girls_Basketball_Championships,https://archive.org/details/hcectvky-2021_8th_Grade_Girls_Basketball_Championships,https://archive.org/download/hcectvky-2021_8th_Grade_Girls_Basketball_Championships/2021_8th_Grade_Girls_Basketball_Championships.mp4,2021 8th Grade Girls Basketball Championships,"On Thursday, October 28, 2021, the TK Stone Panthers took on the Stuart Pepper Lady Waves in the finals of the 8th Grade Girls Basketball Championship at John Hardin High School in Elizabethtown, KY.",HCEC-TV,2021-11-12,,basketball,female,youth,,,8th Grade Girls Basketball,2021_8th_Grade_Girls_Basketball_Championships.mp4,513612822,5317.77,unreviewed,
InternetArchive,IA:hcectvky-8th_Grade_Girls_Basketball_Championship_East_Hardin_MS_vs_T.K._Stone_MS_October_29_2020,hcectvky-8th_Grade_Girls_Basketball_Championship_East_Hardin_MS_vs_T.K._Stone_MS_October_29_2020,https://archive.org/details/hcectvky-8th_Grade_Girls_Basketball_Championship_East_Hardin_MS_vs_T.K._Stone_MS_October_29_2020,https://archive.org/download/hcectvky-8th_Grade_Girls_Basketball_Championship_East_Hardin_MS_vs_T.K._Stone_MS_October_29_2020/8th_Grade_Girls_Basketball_Championship_East_Hardin_MS_vs_T.K._Stone_MS_October_29_2020.mp4,"8th Grade Girls Basketball Championship East Hardin MS vs T.K. Stone MS October 29, 2020",,HCEC-TV,2020-11-18,,basketball,female,youth,,,8th Grade Girls Basketball,8th_Grade_Girls_Basketball_Championship_East_Hardin_MS_vs_T.K._Stone_MS_October_29_2020.mp4,553509750,5779.84,unreviewed,
InternetArchive,IA:hcectvky-8th_Grade_Girls_Basketball_Championship_East_Hardin_vs_TK_Stone_11_3_22,hcectvky-8th_Grade_Girls_Basketball_Championship_East_Hardin_vs_TK_Stone_11_3_22,https://archive.org/details/hcectvky-8th_Grade_Girls_Basketball_Championship_East_Hardin_vs_TK_Stone_11_3_22,https://archive.org/download/hcectvky-8th_Grade_Girls_Basketball_Championship_East_Hardin_vs_TK_Stone_11_3_22/8th_Grade_Girls_Basketball_Championship_East_Hardin_vs_TK_Stone_11_3_22.mp4,8th Grade Girls Basketball Championship East Hardin vs TK Stone 11 3 22,,HCEC-TV,2022-11-10,,basketball,female,youth,,,8th Grade Girls Basketball,8th_Grade_Girls_Basketball_Championship_East_Hardin_vs_TK_Stone_11_3_22.mp4,418778642,4095.98,unreviewed,
InternetArchive,IA:hcectvky-8th_Grade_Girls_Basketball_Championships_10_30_23,hcectvky-8th_Grade_Girls_Basketball_Championships_10_30_23,https://archive.org/details/hcectvky-8th_Grade_Girls_Basketball_Championships_10_30_23,https://archive.org/download/hcectvky-8th_Grade_Girls_Basketball_Championships_10_30_23/8th_Grade_Girls_Basketball_Championships_10_30_23.mp4,8th Grade Girls Basketball Championships 10/30/23,,HCEC-TV,2023-11-03,,basketball,female,youth,,,8th Grade Girls Basketball,8th_Grade_Girls_Basketball_Championships_10_30_23.mp4,499906465,5172.64,unreviewed,
InternetArchive,IA:hcectvky-8th_Grade_Girls_Basketball_West_Hardin_vs_East_Hardin_September_19_2024,hcectvky-8th_Grade_Girls_Basketball_West_Hardin_vs_East_Hardin_September_19_2024,https://archive.org/details/hcectvky-8th_Grade_Girls_Basketball_West_Hardin_vs_East_Hardin_September_19_2024,https://archive.org/download/hcectvky-8th_Grade_Girls_Basketball_West_Hardin_vs_East_Hardin_September_19_2024/8th_Grade_Girls_Basketball_West_Hardin_vs_East_Hardin_September_19_2024.mp4,"8th Grade Girls Basketball West Hardin vs East Hardin September 19, 2024",,HCEC-TV,2024-10-04,,basketball,female,youth,,,8th Grade Girls Basketball,8th_Grade_Girls_Basketball_West_Hardin_vs_East_Hardin_September_19_2024.mp4,269353939,2662.42,unreviewed,
InternetArchive,IA:hcectvky-8th_Grade_Girls_Basketball_championships_Bluegrass_Middle_vs_TK_Stone,hcectvky-8th_Grade_Girls_Basketball_championships_Bluegrass_Middle_vs_TK_Stone,https://archive.org/details/hcectvky-8th_Grade_Girls_Basketball_championships_Bluegrass_Middle_vs_TK_Stone,https://archive.org/download/hcectvky-8th_Grade_Girls_Basketball_championships_Bluegrass_Middle_vs_TK_Stone/8th_Grade_Girls_Basketball_championships_Bluegrass_Middle_vs_TK_Stone.mp4,8th Grade Girls Basketball championships Bluegrass Middle vs TK Stone,,HCEC-TV,2023-10-30,,basketball,female,youth,,,8th Grade Girls Basketball,8th_Grade_Girls_Basketball_championships_Bluegrass_Middle_vs_TK_Stone.mp4,510627758,5258.86,unreviewed,
InternetArchive,IA:lctvme-January_21_2026_-_Lincoln_Academy_vs._Medomak_Valley_-_Varsity_Girls_Basketball,lctvme-January_21_2026_-_Lincoln_Academy_vs._Medomak_Valley_-_Varsity_Girls_Basketball,https://archive.org/details/lctvme-January_21_2026_-_Lincoln_Academy_vs._Medomak_Valley_-_Varsity_Girls_Basketball,https://archive.org/download/lctvme-January_21_2026_-_Lincoln_Academy_vs._Medomak_Valley_-_Varsity_Girls_Basketball/January_21_2026_-_Lincoln_Academy_vs._Medomak_Valley_-_Varsity_Girls_Basketball.mp4,"January 21, 2026 - Lincoln Academy vs. Medomak Valley - Varsity Girls Basketball",,LCTV,2026-04-08,,basketball,female,,,,Girls Basketball,January_21_2026_-_Lincoln_Academy_vs._Medomak_Valley_-_Varsity_Girls_Basketball.mp4,576374465,5994.88,unreviewed,
InternetArchive,IA:lctvme-January_23_2026_-_Lincoln_Academy_vs._Freeport_-_Varsity_Girls_Basketball,lctvme-January_23_2026_-_Lincoln_Academy_vs._Freeport_-_Varsity_Girls_Basketball,https://archive.org/details/lctvme-January_23_2026_-_Lincoln_Academy_vs._Freeport_-_Varsity_Girls_Basketball,https://archive.org/download/lctvme-January_23_2026_-_Lincoln_Academy_vs._Freeport_-_Varsity_Girls_Basketball/January_23_2026_-_Lincoln_Academy_vs._Freeport_-_Varsity_Girls_Basketball.mp4,"January 23, 2026 - Lincoln Academy vs. Freeport - Varsity Girls Basketball",,LCTV,2026-04-08,,basketball,female,,,,Girls Basketball,January_23_2026_-_Lincoln_Academy_vs._Freeport_-_Varsity_Girls_Basketball.mp4,577146497,5967.11,unreviewed,
InternetArchive,IA:lctvme-January_24_2026_-_Lincoln_Academy_vs_Medomak_Valley_-_JV_Girls_Basketball,lctvme-January_24_2026_-_Lincoln_Academy_vs_Medomak_Valley_-_JV_Girls_Basketball,https://archive.org/details/lctvme-January_24_2026_-_Lincoln_Academy_vs_Medomak_Valley_-_JV_Girls_Basketball,https://archive.org/download/lctvme-January_24_2026_-_Lincoln_Academy_vs_Medomak_Valley_-_JV_Girls_Basketball/January_24_2026_-_Lincoln_Academy_vs_Medomak_Valley_-_JV_Girls_Basketball.mp4,"January 24, 2026 - Lincoln Academy vs Medomak Valley - JV Girls Basketball",,LCTV,2026-04-09,,basketball,female,,,,Girls Basketball,January_24_2026_-_Lincoln_Academy_vs_Medomak_Valley_-_JV_Girls_Basketball.mp4,533130790,5356.31,unreviewed,
InternetArchive,IA:lctvme-January_30_2026_-_Lincoln_Academy_vs._Waterville_-_JV_Girls_Basketball,lctvme-January_30_2026_-_Lincoln_Academy_vs._Waterville_-_JV_Girls_Basketball,https://archive.org/details/lctvme-January_30_2026_-_Lincoln_Academy_vs._Waterville_-_JV_Girls_Basketball,https://archive.org/download/lctvme-January_30_2026_-_Lincoln_Academy_vs._Waterville_-_JV_Girls_Basketball/January_30_2026_-_Lincoln_Academy_vs._Waterville_-_JV_Girls_Basketball.mp4,"January 30, 2026 - Lincoln Academy vs. Waterville - JV Girls Basketball",,LCTV,2026-04-09,,basketball,female,,,,Girls Basketball,January_30_2026_-_Lincoln_Academy_vs._Waterville_-_JV_Girls_Basketball.mp4,442943426,4470.12,unreviewed,
InternetArchive,IA:lctvme-January_30_2026_-_Lincoln_Academy_vs._Waterville_-_Varsity_Girls_Basketball,lctvme-January_30_2026_-_Lincoln_Academy_vs._Waterville_-_Varsity_Girls_Basketball,https://archive.org/details/lctvme-January_30_2026_-_Lincoln_Academy_vs._Waterville_-_Varsity_Girls_Basketball,https://archive.org/download/lctvme-January_30_2026_-_Lincoln_Academy_vs._Waterville_-_Varsity_Girls_Basketball/January_30_2026_-_Lincoln_Academy_vs._Waterville_-_Varsity_Girls_Basketball.mp4,"January 30, 2026 - Lincoln Academy vs. Waterville - Varsity Girls Basketball",,LCTV,2026-04-09,,basketball,female,,,,Girls Basketball,January_30_2026_-_Lincoln_Academy_vs._Waterville_-_Varsity_Girls_Basketball.mp4,564730789,5849.71,unreviewed,
InternetArchive,IA:letvma-Agganis_All_Star_Girls_Basketball_June_27_2026,letvma-Agganis_All_Star_Girls_Basketball_June_27_2026,https://archive.org/details/letvma-Agganis_All_Star_Girls_Basketball_June_27_2026,https://archive.org/download/letvma-Agganis_All_Star_Girls_Basketball_June_27_2026/Agganis_All_Star_Girls_Basketball_June_27_2026.mp4,"Agganis All Star Girls Basketball June 27, 2026","Agganis All Star Girls Basketball June 27, 2026",Lynn Educational Television,2026-06-30,,basketball,female,,,,Girls Basketball,Agganis_All_Star_Girls_Basketball_June_27_2026.mp4,342034714,3366.38,unreviewed,
InternetArchive,IA:mapsdwi-11-10-2016_8th_Grade_Girls_Basketball_vs_DC_Everest,mapsdwi-11-10-2016_8th_Grade_Girls_Basketball_vs_DC_Everest,https://archive.org/details/mapsdwi-11-10-2016_8th_Grade_Girls_Basketball_vs_DC_Everest,https://archive.org/download/mapsdwi-11-10-2016_8th_Grade_Girls_Basketball_vs_DC_Everest/11-10-2016_8th_Grade_Girls_Basketball_vs_DC_Everest.mp4,11-10-2016 8th Grade Girls Basketball vs DC Everest,,Merrill Area Public Schools,2022-07-21,,basketball,female,youth,,,8th Grade Girls Basketball,11-10-2016_8th_Grade_Girls_Basketball_vs_DC_Everest.mp4,684395050,6968.45,unreviewed,
InternetArchive,IA:mapsdwi-LEGACY_VIDEO_1-17-2013_8th_Grade_Girls_Basketball_A_Team_vs_Rhinelander,mapsdwi-LEGACY_VIDEO_1-17-2013_8th_Grade_Girls_Basketball_A_Team_vs_Rhinelander,https://archive.org/details/mapsdwi-LEGACY_VIDEO_1-17-2013_8th_Grade_Girls_Basketball_A_Team_vs_Rhinelander,https://archive.org/download/mapsdwi-LEGACY_VIDEO_1-17-2013_8th_Grade_Girls_Basketball_A_Team_vs_Rhinelander/LEGACY_VIDEO_1-17-2013_8th_Grade_Girls_Basketball_A_Team_vs_Rhinelander.mp4,(LEGACY VIDEO) 1-17-2013 8th Grade Girls Basketball A Team vs Rhinelander,,Merrill Area Public Schools,2021-10-05,,basketball,female,youth,,,8th Grade Girls Basketball,LEGACY_VIDEO_1-17-2013_8th_Grade_Girls_Basketball_A_Team_vs_Rhinelander.mp4,286728268,2902.96,unreviewed,
InternetArchive,IA:mapsdwi-LEGACY_VIDEO_1-21-2014_8th_Grade_Girls_Basketball_vs_Horace_Mann,mapsdwi-LEGACY_VIDEO_1-21-2014_8th_Grade_Girls_Basketball_vs_Horace_Mann,https://archive.org/details/mapsdwi-LEGACY_VIDEO_1-21-2014_8th_Grade_Girls_Basketball_vs_Horace_Mann,https://archive.org/download/mapsdwi-LEGACY_VIDEO_1-21-2014_8th_Grade_Girls_Basketball_vs_Horace_Mann/LEGACY_VIDEO_1-21-2014_8th_Grade_Girls_Basketball_vs_Horace_Mann.mp4,(LEGACY VIDEO) 1-21-2014 8th Grade Girls Basketball vs Horace Mann,,Merrill Area Public Schools,2021-11-02,,basketball,female,youth,,,8th Grade Girls Basketball,LEGACY_VIDEO_1-21-2014_8th_Grade_Girls_Basketball_vs_Horace_Mann.mp4,316852581,3216.78,unreviewed,
InternetArchive,IA:mapsdwi-LEGACY_VIDEO_2-11-2013_8th_Grade_Girls_Basketball_A_Team_vs_Medford,mapsdwi-LEGACY_VIDEO_2-11-2013_8th_Grade_Girls_Basketball_A_Team_vs_Medford,https://archive.org/details/mapsdwi-LEGACY_VIDEO_2-11-2013_8th_Grade_Girls_Basketball_A_Team_vs_Medford,https://archive.org/download/mapsdwi-LEGACY_VIDEO_2-11-2013_8th_Grade_Girls_Basketball_A_Team_vs_Medford/LEGACY_VIDEO_2-11-2013_8th_Grade_Girls_Basketball_A_Team_vs_Medford.mp4,(LEGACY VIDEO) 2-11-2013 8th Grade Girls Basketball A Team vs Medford,,Merrill Area Public Schools,2021-10-06,,basketball,female,youth,,,8th Grade Girls Basketball,LEGACY_VIDEO_2-11-2013_8th_Grade_Girls_Basketball_A_Team_vs_Medford.mp4,255434038,2580.64,unreviewed,
InternetArchive,IA:mapsdwi-LEGACY_VIDEO_2-11-2013_8th_Grade_Girls_Basketball_B_Team_vs_Medford,mapsdwi-LEGACY_VIDEO_2-11-2013_8th_Grade_Girls_Basketball_B_Team_vs_Medford,https://archive.org/details/mapsdwi-LEGACY_VIDEO_2-11-2013_8th_Grade_Girls_Basketball_B_Team_vs_Medford,https://archive.org/download/mapsdwi-LEGACY_VIDEO_2-11-2013_8th_Grade_Girls_Basketball_B_Team_vs_Medford/LEGACY_VIDEO_2-11-2013_8th_Grade_Girls_Basketball_B_Team_vs_Medford.mp4,(LEGACY VIDEO) 2-11-2013 8th Grade Girls Basketball B Team vs Medford,,Merrill Area Public Schools,2021-10-06,,basketball,female,youth,,,8th Grade Girls Basketball,LEGACY_VIDEO_2-11-2013_8th_Grade_Girls_Basketball_B_Team_vs_Medford.mp4,295566820,2986.04,unreviewed,
InternetArchive,IA:mapsdwi-LEGACY_VIDEO_2-24-2015_8th_Grade_Girls_Basketball_vs_Marshfield,mapsdwi-LEGACY_VIDEO_2-24-2015_8th_Grade_Girls_Basketball_vs_Marshfield,https://archive.org/details/mapsdwi-LEGACY_VIDEO_2-24-2015_8th_Grade_Girls_Basketball_vs_Marshfield,https://archive.org/download/mapsdwi-LEGACY_VIDEO_2-24-2015_8th_Grade_Girls_Basketball_vs_Marshfield/LEGACY_VIDEO_2-24-2015_8th_Grade_Girls_Basketball_vs_Marshfield.mp4,(LEGACY VIDEO) 2-24-2015 8th Grade Girls Basketball vs Marshfield,,Merrill Area Public Schools,2021-11-22,,basketball,female,youth,,,8th Grade Girls Basketball,LEGACY_VIDEO_2-24-2015_8th_Grade_Girls_Basketball_vs_Marshfield.mp4,246166439,2516.63,unreviewed,
InternetArchive,IA:mapsdwi-LEGACY_VIDEO_2-4-2013_8th_Grade_Girls_Basketball_A_Team_vs_John_Muir,mapsdwi-LEGACY_VIDEO_2-4-2013_8th_Grade_Girls_Basketball_A_Team_vs_John_Muir,https://archive.org/details/mapsdwi-LEGACY_VIDEO_2-4-2013_8th_Grade_Girls_Basketball_A_Team_vs_John_Muir,https://archive.org/download/mapsdwi-LEGACY_VIDEO_2-4-2013_8th_Grade_Girls_Basketball_A_Team_vs_John_Muir/LEGACY_VIDEO_2-4-2013_8th_Grade_Girls_Basketball_A_Team_vs_John_Muir.mp4,(LEGACY VIDEO) 2-4-2013 8th Grade Girls Basketball A Team vs John Muir,,Merrill Area Public Schools,2021-10-05,,basketball,female,youth,,,8th Grade Girls Basketball,LEGACY_VIDEO_2-4-2013_8th_Grade_Girls_Basketball_A_Team_vs_John_Muir.mp4,294600237,2982.53,unreviewed,
InternetArchive,IA:marshtvmav-MHS_Varsity_Girls_Basketball_vs._Norwell,marshtvmav-MHS_Varsity_Girls_Basketball_vs._Norwell,https://archive.org/details/marshtvmav-MHS_Varsity_Girls_Basketball_vs._Norwell,https://archive.org/download/marshtvmav-MHS_Varsity_Girls_Basketball_vs._Norwell/MHS_Varsity_Girls_Basketball_vs._Norwell.mp4,MHS Varsity Girls Basketball vs. Norwell,"Ellwood lets it fly… and buries it 🏀<br /><br />MCM Coverage of MHS Sports is proudly presented by:<br />Biviano General Contracting<br />REPEL Pest Solutions <br />Road To Responsibility, Inc.<br /><br />#MHSsports #MarshfieldRams #LiveSports #MarshfieldMA #SupportLocalSports #GoRams #BivianoGeneralContracting #REPELPestSolutions #RoadToResponsibility",Marshfield Community TV,2026-05-07,,basketball,female,,,,Girls Basketball,MHS_Varsity_Girls_Basketball_vs._Norwell.mp4,1393643,14.88,unreviewed,
InternetArchive,IA:marshtvmav-MHS_Varsity_Girls_Basketball_vs._Plymouth_North,marshtvmav-MHS_Varsity_Girls_Basketball_vs._Plymouth_North,https://archive.org/details/marshtvmav-MHS_Varsity_Girls_Basketball_vs._Plymouth_North,https://archive.org/download/marshtvmav-MHS_Varsity_Girls_Basketball_vs._Plymouth_North/MHS_Varsity_Girls_Basketball_vs._Plymouth_North.mp4,MHS Varsity Girls Basketball vs. Plymouth North,"“Josie Ellwood from downtown, extends the lead to 8!” - Tyler Pinheiro 🏀<br /><br />MCM Coverage of MHS Sports is proudly presented by:<br />Biviano General Contracting <br />REPEL Pest Solutions <br />Road To Responsibility, Inc.<br /><br />Thank you to @BeforetheBells  for some extra shots!<br /><br />#MHSsports #GoRams #BivianoGeneralContracting #REPELPestSolutions #RoadToResponsibility",Marshfield Community TV,2026-04-23,,basketball,female,,,,Girls Basketball,MHS_Varsity_Girls_Basketball_vs._Plymouth_North.mp4,818990,8.87,unreviewed,
InternetArchive,IA:marshtvmav-MHS_Varsity_Girls_Basketball_vs._Quincy_-_Three_pointer_Montage,marshtvmav-MHS_Varsity_Girls_Basketball_vs._Quincy_-_Three_pointer_Montage,https://archive.org/details/marshtvmav-MHS_Varsity_Girls_Basketball_vs._Quincy_-_Three_pointer_Montage,https://archive.org/download/marshtvmav-MHS_Varsity_Girls_Basketball_vs._Quincy_-_Three_pointer_Montage/MHS_Varsity_Girls_Basketball_vs._Quincy_-_Three_pointer_Montage.mp4,MHS Varsity Girls Basketball vs. Quincy - Three pointer Montage,"Nothing but net. 🎯<br /><br />MCM Coverage of MHS Sports is proudly presented by:<br />Biviano General Contracting <br />REPEL Pest Solutions <br />Road To Responsibility, Inc.<br /><br />#MHSsports #MarshfieldRams #LiveSports #MarshfieldMA #SupportLocalSports #GoRams #BivianoGeneralContracting #REPELPestSolutions #RoadToResponsibility",Marshfield Community TV,2026-04-30,,basketball,female,,,,Girls Basketball,MHS_Varsity_Girls_Basketball_vs._Quincy_-_Three_pointer_Montage.mp4,3641523,37.73,unreviewed,
InternetArchive,IA:marshtvmav-MHS_Varsity_Girls_Basketball_vs_Plymouth_North,marshtvmav-MHS_Varsity_Girls_Basketball_vs_Plymouth_North,https://archive.org/details/marshtvmav-MHS_Varsity_Girls_Basketball_vs_Plymouth_North,https://archive.org/download/marshtvmav-MHS_Varsity_Girls_Basketball_vs_Plymouth_North/MHS_Varsity_Girls_Basketball_vs_Plymouth_North.mp4,MHS Varsity Girls Basketball vs Plymouth North,"Rams Riley Chesna wastes no time putting up a 3 from downtown 🏀<br /><br />MCM Coverage of MHS Sports is proudly presented by:<br />Biviano General Contracting <br />REPEL Pest Solutions <br />Road To Responsibility, Inc.<br /><br />Thank you to @BeforetheBells  for some extra shots!<br /><br />#MHSsport #GoRams #BivianoGeneralContracting #REPELPestSolutions #RoadToResponsibility",Marshfield Community TV,2026-04-22,,basketball,female,,,,Girls Basketball,MHS_Varsity_Girls_Basketball_vs_Plymouth_North.mp4,682429,7.01,unreviewed,
InternetArchive,IA:nmcma-7th_and_8th_grade_Girls_Basketball_Championships,nmcma-7th_and_8th_grade_Girls_Basketball_Championships,https://archive.org/details/nmcma-7th_and_8th_grade_Girls_Basketball_Championships,https://archive.org/download/nmcma-7th_and_8th_grade_Girls_Basketball_Championships/7th_and_8th_grade_Girls_Basketball_Championships.mp4,7th and 8th grade Girls Basketball Championships,,NMC,2019-02-15,,basketball,female,youth,,,8th Grade Girls Basketball,7th_and_8th_grade_Girls_Basketball_Championships.mp4,307416994,2984.04,unreviewed,
InternetArchive,IA:npatma-8th_Grade_Girls_Basketball_vs_Waltham_1_25_20,npatma-8th_Grade_Girls_Basketball_vs_Waltham_1_25_20,https://archive.org/details/npatma-8th_Grade_Girls_Basketball_vs_Waltham_1_25_20,https://archive.org/download/npatma-8th_Grade_Girls_Basketball_vs_Waltham_1_25_20/8th_Grade_Girls_Basketball_vs_Waltham_1_25_20.mp4,8th Grade Girls Basketball vs Waltham 1/25/20,,NPATV,2020-02-04,,basketball,female,youth,,,8th Grade Girls Basketball,8th_Grade_Girls_Basketball_vs_Waltham_1_25_20.mp4,352389734,3385.19,unreviewed,
InternetArchive,IA:nrhsme-1996_Nokomis_Regional_High_Girls_Basketball_at_Old_Town_Indians_12-28-96,nrhsme-1996_Nokomis_Regional_High_Girls_Basketball_at_Old_Town_Indians_12-28-96,https://archive.org/details/nrhsme-1996_Nokomis_Regional_High_Girls_Basketball_at_Old_Town_Indians_12-28-96,https://archive.org/download/nrhsme-1996_Nokomis_Regional_High_Girls_Basketball_at_Old_Town_Indians_12-28-96/1996_Nokomis_Regional_High_Girls_Basketball_at_Old_Town_Indians_12-28-96.mp4,1996 Nokomis Regional High Girls Basketball at Old Town Indians 12-28-96,Nokomis Girls Varsity Basketball,Nokomis Regional High,2026-04-28,,basketball,female,,,,Girls Basketball,1996_Nokomis_Regional_High_Girls_Basketball_at_Old_Town_Indians_12-28-96.mp4,461743721,4721.83,unreviewed,
InternetArchive,IA:nrhsme-1997_Nokomis_Regional_High_Girls_Basketball_at_Caribou_Vikings_2-15-97,nrhsme-1997_Nokomis_Regional_High_Girls_Basketball_at_Caribou_Vikings_2-15-97,https://archive.org/details/nrhsme-1997_Nokomis_Regional_High_Girls_Basketball_at_Caribou_Vikings_2-15-97,https://archive.org/download/nrhsme-1997_Nokomis_Regional_High_Girls_Basketball_at_Caribou_Vikings_2-15-97/1997_Nokomis_Regional_High_Girls_Basketball_at_Caribou_Vikings_2-15-97.mp4,1997 Nokomis Regional High Girls Basketball at Caribou Vikings 2-15-97,Girls Varsity Basketball<br />Caribou 58<br />Nokomis 55,Nokomis Regional High,2026-04-14,,basketball,female,,,,Girls Basketball,1997_Nokomis_Regional_High_Girls_Basketball_at_Caribou_Vikings_2-15-97.mp4,425583442,4338.28,unreviewed,
InternetArchive,IA:nrhsme-1997_Nokomis_Regional_High_Girls_Basketball_vs_Brewer_Witches_1-30-97,nrhsme-1997_Nokomis_Regional_High_Girls_Basketball_vs_Brewer_Witches_1-30-97,https://archive.org/details/nrhsme-1997_Nokomis_Regional_High_Girls_Basketball_vs_Brewer_Witches_1-30-97,https://archive.org/download/nrhsme-1997_Nokomis_Regional_High_Girls_Basketball_vs_Brewer_Witches_1-30-97/1997_Nokomis_Regional_High_Girls_Basketball_vs_Brewer_Witches_1-30-97.mp4,1997 Nokomis Regional High Girls Basketball vs Brewer Witches 1-30-97,Nokomis Varsity Girls Basketball<br />Nokomis 48<br />Brewer 26,Nokomis Regional High,2026-04-14,,basketball,female,,,,Girls Basketball,1997_Nokomis_Regional_High_Girls_Basketball_vs_Brewer_Witches_1-30-97.mp4,448399867,4636.54,unreviewed,
InternetArchive,IA:nrhsme-1997_Nokomis_Regional_High_Girls_Basketball_vs_Old_Town_Indians_2-4-97,nrhsme-1997_Nokomis_Regional_High_Girls_Basketball_vs_Old_Town_Indians_2-4-97,https://archive.org/details/nrhsme-1997_Nokomis_Regional_High_Girls_Basketball_vs_Old_Town_Indians_2-4-97,https://archive.org/download/nrhsme-1997_Nokomis_Regional_High_Girls_Basketball_vs_Old_Town_Indians_2-4-97/1997_Nokomis_Regional_High_Girls_Basketball_vs_Old_Town_Indians_2-4-97.mp4,1997 Nokomis Regional High Girls Basketball vs Old Town Indians 2-4-97,Girls Varsity Basketball<br />Old Town  61<br />Nokomis 44,Nokomis Regional High,2026-04-10,,basketball,female,,,,Girls Basketball,1997_Nokomis_Regional_High_Girls_Basketball_vs_Old_Town_Indians_2-4-97.mp4,462233107,4593.3,unreviewed,
InternetArchive,IA:nrhsme-1997_Nokomis_Regional_High_Girls_Basketball_vs_Presque_Isle_Wildcats_2-20-97,nrhsme-1997_Nokomis_Regional_High_Girls_Basketball_vs_Presque_Isle_Wildcats_2-20-97,https://archive.org/details/nrhsme-1997_Nokomis_Regional_High_Girls_Basketball_vs_Presque_Isle_Wildcats_2-20-97,https://archive.org/download/nrhsme-1997_Nokomis_Regional_High_Girls_Basketball_vs_Presque_Isle_Wildcats_2-20-97/1997_Nokomis_Regional_High_Girls_Basketball_vs_Presque_Isle_Wildcats_2-20-97.mp4,1997 Nokomis Regional High Girls Basketball vs Presque Isle Wildcats 2-20-97,Girls Varsity Basketball<br />Presque Isle 68<br />Nokomis 36,Nokomis Regional High,2026-04-28,,basketball,female,,,,Girls Basketball,1997_Nokomis_Regional_High_Girls_Basketball_vs_Presque_Isle_Wildcats_2-20-97.mp4,404190246,4098.62,unreviewed,
InternetArchive,IA:nrhsme-1998_Nokomis_Regional_High_Girls_Basketball_at_Presque_Isle_Wildcats_2-8-97,nrhsme-1998_Nokomis_Regional_High_Girls_Basketball_at_Presque_Isle_Wildcats_2-8-97,https://archive.org/details/nrhsme-1998_Nokomis_Regional_High_Girls_Basketball_at_Presque_Isle_Wildcats_2-8-97,https://archive.org/download/nrhsme-1998_Nokomis_Regional_High_Girls_Basketball_at_Presque_Isle_Wildcats_2-8-97/1998_Nokomis_Regional_High_Girls_Basketball_at_Presque_Isle_Wildcats_2-8-97.mp4,1998 Nokomis Regional High Girls Basketball at Presque Isle Wildcats 2-8-97,Girls Varsity Basketball<br />Presque Isle 53<br />Nokomis 34,Nokomis Regional High,2026-04-09,,basketball,female,,,,Girls Basketball,1998_Nokomis_Regional_High_Girls_Basketball_at_Presque_Isle_Wildcats_2-8-97.mp4,386113324,3904.0,unreviewed,
InternetArchive,IA:nrhsme-2002_Nokomis_Regional_High_Girls_Basketball_at_Bangor_12-21-02-RIQ2H5JbLSA,nrhsme-2002_Nokomis_Regional_High_Girls_Basketball_at_Bangor_12-21-02-RIQ2H5JbLSA,https://archive.org/details/nrhsme-2002_Nokomis_Regional_High_Girls_Basketball_at_Bangor_12-21-02-RIQ2H5JbLSA,https://archive.org/download/nrhsme-2002_Nokomis_Regional_High_Girls_Basketball_at_Bangor_12-21-02-RIQ2H5JbLSA/2002_Nokomis_Regional_High_Girls_Basketball_at_Bangor_12-21-02-RIQ2H5JbLSA.mp4,2002 Nokomis Regional High Girls Basketball at Bangor 12-21-02,Varsity Basketball,Nokomis Regional High,2026-09-16,,basketball,female,,,,Girls Basketball,2002_Nokomis_Regional_High_Girls_Basketball_at_Bangor_12-21-02-RIQ2H5JbLSA.mp4,429948570,4478.18,unreviewed,
InternetArchive,IA:nrhsme-2003_Nokomis_Regional_High_Girls_Basketball_at_Brewer_1-3-03-JShYXZTfSNs,nrhsme-2003_Nokomis_Regional_High_Girls_Basketball_at_Brewer_1-3-03-JShYXZTfSNs,https://archive.org/details/nrhsme-2003_Nokomis_Regional_High_Girls_Basketball_at_Brewer_1-3-03-JShYXZTfSNs,https://archive.org/download/nrhsme-2003_Nokomis_Regional_High_Girls_Basketball_at_Brewer_1-3-03-JShYXZTfSNs/2003_Nokomis_Regional_High_Girls_Basketball_at_Brewer_1-3-03-JShYXZTfSNs.mp4,2003 Nokomis Regional High Girls Basketball at Brewer 1-3-03,Varsity Girls Basketball,Nokomis Regional High,2026-09-14,,basketball,female,,,,Girls Basketball,2003_Nokomis_Regional_High_Girls_Basketball_at_Brewer_1-3-03-JShYXZTfSNs.mp4,430757697,4290.21,unreviewed,
InternetArchive,IA:nrhsme-2003_Nokomis_Regional_High_Girls_Basketball_at_Hampden_Academy_2-_11-_03-nYRlZr-DyKU,nrhsme-2003_Nokomis_Regional_High_Girls_Basketball_at_Hampden_Academy_2-_11-_03-nYRlZr-DyKU,https://archive.org/details/nrhsme-2003_Nokomis_Regional_High_Girls_Basketball_at_Hampden_Academy_2-_11-_03-nYRlZr-DyKU,https://archive.org/download/nrhsme-2003_Nokomis_Regional_High_Girls_Basketball_at_Hampden_Academy_2-_11-_03-nYRlZr-DyKU/2003_Nokomis_Regional_High_Girls_Basketball_at_Hampden_Academy_2-_11-_03-nYRlZr-DyKU.mp4,2003 Nokomis Regional High Girls Basketball at Hampden Academy 2- 11- 03,Varsity Basketball,Nokomis Regional High,2026-09-17,,basketball,female,,,,Girls Basketball,2003_Nokomis_Regional_High_Girls_Basketball_at_Hampden_Academy_2-_11-_03-nYRlZr-DyKU.mp4,388029480,4053.88,unreviewed,
InternetArchive,IA:nrhsme-2003_Nokomis_Regional_High_Girls_Basketball_vs_Brewer_at_Bangor_Auditorium_1-3SLa9WvVLpA,nrhsme-2003_Nokomis_Regional_High_Girls_Basketball_vs_Brewer_at_Bangor_Auditorium_1-3SLa9WvVLpA,https://archive.org/details/nrhsme-2003_Nokomis_Regional_High_Girls_Basketball_vs_Brewer_at_Bangor_Auditorium_1-3SLa9WvVLpA,https://archive.org/download/nrhsme-2003_Nokomis_Regional_High_Girls_Basketball_vs_Brewer_at_Bangor_Auditorium_1-3SLa9WvVLpA/2003_Nokomis_Regional_High_Girls_Basketball_vs_Brewer_at_Bangor_Auditorium_1-3SLa9WvVLpA.mp4,2003 Nokomis Regional High Girls Basketball vs Brewer at Bangor Auditorium 1-17-03,Varsity Basketball at the Bangor Auditorium,Nokomis Regional High,2026-09-22,,basketball,female,,,,Girls Basketball,2003_Nokomis_Regional_High_Girls_Basketball_vs_Brewer_at_Bangor_Auditorium_1-3SLa9WvVLpA.mp4,399950819,4165.54,unreviewed,
InternetArchive,IA:nrhsme-2003_Nokomis_Regional_High_Girls_Basketball_vs_Hampden_at_Bangor_Auditorium_-OzPiK7Pb-Uc,nrhsme-2003_Nokomis_Regional_High_Girls_Basketball_vs_Hampden_at_Bangor_Auditorium_-OzPiK7Pb-Uc,https://archive.org/details/nrhsme-2003_Nokomis_Regional_High_Girls_Basketball_vs_Hampden_at_Bangor_Auditorium_-OzPiK7Pb-Uc,https://archive.org/download/nrhsme-2003_Nokomis_Regional_High_Girls_Basketball_vs_Hampden_at_Bangor_Auditorium_-OzPiK7Pb-Uc/2003_Nokomis_Regional_High_Girls_Basketball_vs_Hampden_at_Bangor_Auditorium_-OzPiK7Pb-Uc.mp4,2003 Nokomis Regional High Girls Basketball vs Hampden at Bangor Auditorium 1-11-03,Varsity Basketball at The Bangor Auditorium,Nokomis Regional High,2026-09-22,,basketball,female,,,,Girls Basketball,2003_Nokomis_Regional_High_Girls_Basketball_vs_Hampden_at_Bangor_Auditorium_-OzPiK7Pb-Uc.mp4,442457313,4618.8,unreviewed,
InternetArchive,IA:nrhsme-2003_Nokomis_Regional_High_Girls_Basketball_vs_Mt._Ararat_12-30-26-JGPSxs5XToI,nrhsme-2003_Nokomis_Regional_High_Girls_Basketball_vs_Mt._Ararat_12-30-26-JGPSxs5XToI,https://archive.org/details/nrhsme-2003_Nokomis_Regional_High_Girls_Basketball_vs_Mt._Ararat_12-30-26-JGPSxs5XToI,https://archive.org/download/nrhsme-2003_Nokomis_Regional_High_Girls_Basketball_vs_Mt._Ararat_12-30-26-JGPSxs5XToI/2003_Nokomis_Regional_High_Girls_Basketball_vs_Mt._Ararat_12-30-26-JGPSxs5XToI.mp4,2003 Nokomis Regional High Girls Basketball vs Mt. Ararat 12-30-26,Girls Varsity Basketball,Nokomis Regional High,2026-09-17,,basketball,female,,,,Girls Basketball,2003_Nokomis_Regional_High_Girls_Basketball_vs_Mt._Ararat_12-30-26-JGPSxs5XToI.mp4,443616574,4620.75,unreviewed,
InternetArchive,IA:nrhsme-2003_Nokomis_Regional_High_Girls_Basketball_vs_Old_Town_1-29-03--kL9dJyVEAw,nrhsme-2003_Nokomis_Regional_High_Girls_Basketball_vs_Old_Town_1-29-03--kL9dJyVEAw,https://archive.org/details/nrhsme-2003_Nokomis_Regional_High_Girls_Basketball_vs_Old_Town_1-29-03--kL9dJyVEAw,https://archive.org/download/nrhsme-2003_Nokomis_Regional_High_Girls_Basketball_vs_Old_Town_1-29-03--kL9dJyVEAw/2003_Nokomis_Regional_High_Girls_Basketball_vs_Old_Town_1-29-03--kL9dJyVEAw.mp4,2003 Nokomis Regional High Girls Basketball vs Old Town 1-29-03,Varsity Girls Basketball,Nokomis Regional High,2026-09-24,,basketball,female,,,,Girls Basketball,2003_Nokomis_Regional_High_Girls_Basketball_vs_Old_Town_1-29-03--kL9dJyVEAw.mp4,462719717,4810.27,unreviewed,
InternetArchive,IA:nrhsme-2003_Nokomis_Regional_High_Girls_Basketball_vs_Presque_Isle_2-18-03-mMihiJwkSrA,nrhsme-2003_Nokomis_Regional_High_Girls_Basketball_vs_Presque_Isle_2-18-03-mMihiJwkSrA,https://archive.org/details/nrhsme-2003_Nokomis_Regional_High_Girls_Basketball_vs_Presque_Isle_2-18-03-mMihiJwkSrA,https://archive.org/download/nrhsme-2003_Nokomis_Regional_High_Girls_Basketball_vs_Presque_Isle_2-18-03-mMihiJwkSrA/2003_Nokomis_Regional_High_Girls_Basketball_vs_Presque_Isle_2-18-03-mMihiJwkSrA.mp4,2003 Nokomis Regional High Girls Basketball vs Presque Isle 2-18-03,Varsity Basketball,Nokomis Regional High,2026-09-15,,basketball,female,,,,Girls Basketball,2003_Nokomis_Regional_High_Girls_Basketball_vs_Presque_Isle_2-18-03-mMihiJwkSrA.mp4,456373852,4744.4,unreviewed,
InternetArchive,IA:orcavt-Montpelier_Youth_Sports_-_8th_Grade_Girls_Basketball_1_14_2025,orcavt-Montpelier_Youth_Sports_-_8th_Grade_Girls_Basketball_1_14_2025,https://archive.org/details/orcavt-Montpelier_Youth_Sports_-_8th_Grade_Girls_Basketball_1_14_2025,https://archive.org/download/orcavt-Montpelier_Youth_Sports_-_8th_Grade_Girls_Basketball_1_14_2025/Montpelier_Youth_Sports_-_8th_Grade_Girls_Basketball_1_14_2025.mp4,Montpelier Youth Sports - 8th Grade Girls Basketball 1/14/2025,,ORCA Media,2025-01-21,,basketball,female,youth,,,8th Grade Girls Basketball,Montpelier_Youth_Sports_-_8th_Grade_Girls_Basketball_1_14_2025.mp4,301874375,3157.57,unreviewed,
InternetArchive,IA:orcavt-Montpelier_Youth_Sports_-_8th_Grade_Girls_Basketball_1_17_2025,orcavt-Montpelier_Youth_Sports_-_8th_Grade_Girls_Basketball_1_17_2025,https://archive.org/details/orcavt-Montpelier_Youth_Sports_-_8th_Grade_Girls_Basketball_1_17_2025,https://archive.org/download/orcavt-Montpelier_Youth_Sports_-_8th_Grade_Girls_Basketball_1_17_2025/Montpelier_Youth_Sports_-_8th_Grade_Girls_Basketball_1_17_2025.mp4,Montpelier Youth Sports - 8th Grade Girls Basketball 1/17/2025,,ORCA Media,2025-01-24,,basketball,female,youth,,,8th Grade Girls Basketball,Montpelier_Youth_Sports_-_8th_Grade_Girls_Basketball_1_17_2025.mp4,278128967,2876.88,unreviewed,
InternetArchive,IA:orcavt-Montpelier_Youth_Sports_-_8th_Grade_Girls_Basketball_vs._Barre_Town_LIVE_12_19_2025_at_5_3,orcavt-Montpelier_Youth_Sports_-_8th_Grade_Girls_Basketball_vs._Barre_Town_LIVE_12_19_2025_at_5_3,https://archive.org/details/orcavt-Montpelier_Youth_Sports_-_8th_Grade_Girls_Basketball_vs._Barre_Town_LIVE_12_19_2025_at_5_3,https://archive.org/download/orcavt-Montpelier_Youth_Sports_-_8th_Grade_Girls_Basketball_vs._Barre_Town_LIVE_12_19_2025_at_5_3/Montpelier_Youth_Sports_-_8th_Grade_Girls_Basketball_vs._Barre_Town_LIVE_12_19_2025_at_5_3.mp4,Montpelier Youth Sports: 8th Grade Girls Basketball vs. Barre Town LIVE 12/19/2025 at 5:30PM,,ORCA Media,2025-12-20,,basketball,female,youth,,,8th Grade Girls Basketball,Montpelier_Youth_Sports_-_8th_Grade_Girls_Basketball_vs._Barre_Town_LIVE_12_19_2025_at_5_3.mp4,330588393,3280.1,unreviewed,
InternetArchive,IA:orcavt-Montpelier_Youth_Sports_-_8th_Grade_Girls_Basketball_vs._Barre_Town_LIVE_1_23_2026_at_5_30,orcavt-Montpelier_Youth_Sports_-_8th_Grade_Girls_Basketball_vs._Barre_Town_LIVE_1_23_2026_at_5_30,https://archive.org/details/orcavt-Montpelier_Youth_Sports_-_8th_Grade_Girls_Basketball_vs._Barre_Town_LIVE_1_23_2026_at_5_30,https://archive.org/download/orcavt-Montpelier_Youth_Sports_-_8th_Grade_Girls_Basketball_vs._Barre_Town_LIVE_1_23_2026_at_5_30/Montpelier_Youth_Sports_-_8th_Grade_Girls_Basketball_vs._Barre_Town_LIVE_1_23_2026_at_5_30.mp4,Montpelier Youth Sports: 8th Grade Girls Basketball vs. Barre Town LIVE 1/23/2026 at 5:30PM,,ORCA Media,2026-01-24,,basketball,female,youth,,,8th Grade Girls Basketball,Montpelier_Youth_Sports_-_8th_Grade_Girls_Basketball_vs._Barre_Town_LIVE_1_23_2026_at_5_30.mp4,367846936,3815.11,unreviewed,
InternetArchive,IA:orcavt-Montpelier_Youth_Sports_-_8th_Grade_Girls_Basketball_vs._Barre_Town_LIVE_1_27_2026_at_5_30,orcavt-Montpelier_Youth_Sports_-_8th_Grade_Girls_Basketball_vs._Barre_Town_LIVE_1_27_2026_at_5_30,https://archive.org/details/orcavt-Montpelier_Youth_Sports_-_8th_Grade_Girls_Basketball_vs._Barre_Town_LIVE_1_27_2026_at_5_30,https://archive.org/download/orcavt-Montpelier_Youth_Sports_-_8th_Grade_Girls_Basketball_vs._Barre_Town_LIVE_1_27_2026_at_5_30/Montpelier_Youth_Sports_-_8th_Grade_Girls_Basketball_vs._Barre_Town_LIVE_1_27_2026_at_5_30.mp4,Montpelier Youth Sports: 8th Grade Girls Basketball vs. Barre Town LIVE 1/27/2026 at 5:30PM,,ORCA Media,2026-01-28,,basketball,female,youth,,,8th Grade Girls Basketball,Montpelier_Youth_Sports_-_8th_Grade_Girls_Basketball_vs._Barre_Town_LIVE_1_27_2026_at_5_30.mp4,377781182,3730.1,unreviewed,
InternetArchive,IA:orcavt-Montpelier_Youth_Sports_-_8th_Grade_Girls_Basketball_vs._CBMS_HU_LIVE_12_22_2025_at_5_30PM,orcavt-Montpelier_Youth_Sports_-_8th_Grade_Girls_Basketball_vs._CBMS_HU_LIVE_12_22_2025_at_5_30PM,https://archive.org/details/orcavt-Montpelier_Youth_Sports_-_8th_Grade_Girls_Basketball_vs._CBMS_HU_LIVE_12_22_2025_at_5_30PM,https://archive.org/download/orcavt-Montpelier_Youth_Sports_-_8th_Grade_Girls_Basketball_vs._CBMS_HU_LIVE_12_22_2025_at_5_30PM/Montpelier_Youth_Sports_-_8th_Grade_Girls_Basketball_vs._CBMS_HU_LIVE_12_22_2025_at_5_30PM.mp4,Montpelier Youth Sports: 8th Grade Girls Basketball vs. CBMS/HU LIVE 12/22/2025 at 5:30PM,,ORCA Media,2025-12-23,,basketball,female,youth,,,8th Grade Girls Basketball,Montpelier_Youth_Sports_-_8th_Grade_Girls_Basketball_vs._CBMS_HU_LIVE_12_22_2025_at_5_30PM.mp4,368185168,3735.12,unreviewed,
InternetArchive,IA:orcavt-Montpelier_Youth_Sports_-_8th_Grade_Girls_Basketball_vs._Peoples_Academy_LIVE_1_21_2026_at,orcavt-Montpelier_Youth_Sports_-_8th_Grade_Girls_Basketball_vs._Peoples_Academy_LIVE_1_21_2026_at,https://archive.org/details/orcavt-Montpelier_Youth_Sports_-_8th_Grade_Girls_Basketball_vs._Peoples_Academy_LIVE_1_21_2026_at,https://archive.org/download/orcavt-Montpelier_Youth_Sports_-_8th_Grade_Girls_Basketball_vs._Peoples_Academy_LIVE_1_21_2026_at/Montpelier_Youth_Sports_-_8th_Grade_Girls_Basketball_vs._Peoples_Academy_LIVE_1_21_2026_at.mp4,Montpelier Youth Sports: 8th Grade Girls Basketball vs. Peoples Academy LIVE 1/21/2026 at 5:30PM,,ORCA Media,2026-01-22,,basketball,female,youth,,,8th Grade Girls Basketball,Montpelier_Youth_Sports_-_8th_Grade_Girls_Basketball_vs._Peoples_Academy_LIVE_1_21_2026_at.mp4,348129768,3510.12,unreviewed,
InternetArchive,IA:orcavt-Montpelier_Youth_Sports_-_8th_Grade_Girls_Basketball_vs._U-32_LIVE_1_8_2025_at_5_30PM,orcavt-Montpelier_Youth_Sports_-_8th_Grade_Girls_Basketball_vs._U-32_LIVE_1_8_2025_at_5_30PM,https://archive.org/details/orcavt-Montpelier_Youth_Sports_-_8th_Grade_Girls_Basketball_vs._U-32_LIVE_1_8_2025_at_5_30PM,https://archive.org/download/orcavt-Montpelier_Youth_Sports_-_8th_Grade_Girls_Basketball_vs._U-32_LIVE_1_8_2025_at_5_30PM/Montpelier_Youth_Sports_-_8th_Grade_Girls_Basketball_vs._U-32_LIVE_1_8_2025_at_5_30PM.mp4,Montpelier Youth Sports: 8th Grade Girls Basketball vs. U-32 LIVE 1/8/2025 at 5:30PM,,ORCA Media,2026-01-10,,basketball,female,youth,,,8th Grade Girls Basketball,Montpelier_Youth_Sports_-_8th_Grade_Girls_Basketball_vs._U-32_LIVE_1_8_2025_at_5_30PM.mp4,290651382,2925.11,unreviewed,
InternetArchive,IA:orcavt-Montpelier_Youth_Sports_-_8th_Grade_Girls_Basketball_vs_Barre_Town_12_19_2025,orcavt-Montpelier_Youth_Sports_-_8th_Grade_Girls_Basketball_vs_Barre_Town_12_19_2025,https://archive.org/details/orcavt-Montpelier_Youth_Sports_-_8th_Grade_Girls_Basketball_vs_Barre_Town_12_19_2025,https://archive.org/download/orcavt-Montpelier_Youth_Sports_-_8th_Grade_Girls_Basketball_vs_Barre_Town_12_19_2025/Montpelier_Youth_Sports_-_8th_Grade_Girls_Basketball_vs_Barre_Town_12_19_2025.mp4,Montpelier Youth Sports - 8th Grade Girls Basketball vs Barre Town 12/19/2025,,ORCA Media,2026-01-02,,basketball,female,youth,,,8th Grade Girls Basketball,Montpelier_Youth_Sports_-_8th_Grade_Girls_Basketball_vs_Barre_Town_12_19_2025.mp4,250229635,2511.94,unreviewed,
InternetArchive,IA:orcavt-Montpelier_Youth_Sports_-_8th_Grade_Girls_Basketball_vs_Barre_Town_1_23_2025,orcavt-Montpelier_Youth_Sports_-_8th_Grade_Girls_Basketball_vs_Barre_Town_1_23_2025,https://archive.org/details/orcavt-Montpelier_Youth_Sports_-_8th_Grade_Girls_Basketball_vs_Barre_Town_1_23_2025,https://archive.org/download/orcavt-Montpelier_Youth_Sports_-_8th_Grade_Girls_Basketball_vs_Barre_Town_1_23_2025/Montpelier_Youth_Sports_-_8th_Grade_Girls_Basketball_vs_Barre_Town_1_23_2025.mp4,Montpelier Youth Sports - 8th Grade Girls Basketball vs Barre Town 1/23/2025,,ORCA Media,2025-02-05,,basketball,female,youth,,,8th Grade Girls Basketball,Montpelier_Youth_Sports_-_8th_Grade_Girls_Basketball_vs_Barre_Town_1_23_2025.mp4,335391483,3386.77,unreviewed,
InternetArchive,IA:orcavt-Montpelier_Youth_Sports_-_8th_Grade_Girls_Basketball_vs_Barre_Town_1_27_2026,orcavt-Montpelier_Youth_Sports_-_8th_Grade_Girls_Basketball_vs_Barre_Town_1_27_2026,https://archive.org/details/orcavt-Montpelier_Youth_Sports_-_8th_Grade_Girls_Basketball_vs_Barre_Town_1_27_2026,https://archive.org/download/orcavt-Montpelier_Youth_Sports_-_8th_Grade_Girls_Basketball_vs_Barre_Town_1_27_2026/Montpelier_Youth_Sports_-_8th_Grade_Girls_Basketball_vs_Barre_Town_1_27_2026.mp4,Montpelier Youth Sports - 8th Grade Girls Basketball vs Barre Town 1/27/2026,,ORCA Media,2026-02-05,,basketball,female,youth,,,8th Grade Girls Basketball,Montpelier_Youth_Sports_-_8th_Grade_Girls_Basketball_vs_Barre_Town_1_27_2026.mp4,295805810,3111.71,unreviewed,
InternetArchive,IA:orcavt-Montpelier_Youth_Sports_-_8th_Grade_Girls_Basketball_vs_Crossett_Brook_12_22_2025,orcavt-Montpelier_Youth_Sports_-_8th_Grade_Girls_Basketball_vs_Crossett_Brook_12_22_2025,https://archive.org/details/orcavt-Montpelier_Youth_Sports_-_8th_Grade_Girls_Basketball_vs_Crossett_Brook_12_22_2025,https://archive.org/download/orcavt-Montpelier_Youth_Sports_-_8th_Grade_Girls_Basketball_vs_Crossett_Brook_12_22_2025/Montpelier_Youth_Sports_-_8th_Grade_Girls_Basketball_vs_Crossett_Brook_12_22_2025.mp4,Montpelier Youth Sports - 8th Grade Girls Basketball vs Crossett Brook 12/22/2025,,ORCA Media,2026-01-02,,basketball,female,youth,,,8th Grade Girls Basketball,Montpelier_Youth_Sports_-_8th_Grade_Girls_Basketball_vs_Crossett_Brook_12_22_2025.mp4,267461287,2769.33,unreviewed,
InternetArchive,IA:orcavt-Montpelier_Youth_Sports_-_8th_Grade_Girls_Basketball_vs_Crossett_Brook_1_23_2026,orcavt-Montpelier_Youth_Sports_-_8th_Grade_Girls_Basketball_vs_Crossett_Brook_1_23_2026,https://archive.org/details/orcavt-Montpelier_Youth_Sports_-_8th_Grade_Girls_Basketball_vs_Crossett_Brook_1_23_2026,https://archive.org/download/orcavt-Montpelier_Youth_Sports_-_8th_Grade_Girls_Basketball_vs_Crossett_Brook_1_23_2026/Montpelier_Youth_Sports_-_8th_Grade_Girls_Basketball_vs_Crossett_Brook_1_23_2026.mp4,Montpelier Youth Sports - 8th Grade Girls Basketball vs Crossett Brook 1/23/2026,,ORCA Media,2026-02-04,,basketball,female,youth,,,8th Grade Girls Basketball,Montpelier_Youth_Sports_-_8th_Grade_Girls_Basketball_vs_Crossett_Brook_1_23_2026.mp4,326355481,3424.39,unreviewed,
InternetArchive,IA:orcavt-Montpelier_Youth_Sports_-_8th_Grade_Girls_Basketball_vs_Crossett_Brook_2_2_2026,orcavt-Montpelier_Youth_Sports_-_8th_Grade_Girls_Basketball_vs_Crossett_Brook_2_2_2026,https://archive.org/details/orcavt-Montpelier_Youth_Sports_-_8th_Grade_Girls_Basketball_vs_Crossett_Brook_2_2_2026,https://archive.org/download/orcavt-Montpelier_Youth_Sports_-_8th_Grade_Girls_Basketball_vs_Crossett_Brook_2_2_2026/Montpelier_Youth_Sports_-_8th_Grade_Girls_Basketball_vs_Crossett_Brook_2_2_2026.mp4,Montpelier Youth Sports - 8th Grade Girls Basketball vs Crossett Brook 2/2/2026,,ORCA Media,2026-02-16,,basketball,female,youth,,,8th Grade Girls Basketball,Montpelier_Youth_Sports_-_8th_Grade_Girls_Basketball_vs_Crossett_Brook_2_2_2026.mp4,281853340,2959.48,unreviewed,
InternetArchive,IA:orcavt-Montpelier_Youth_Sports_-_8th_Grade_Girls_Basketball_vs_Peoples_Academy_1_21_2026,orcavt-Montpelier_Youth_Sports_-_8th_Grade_Girls_Basketball_vs_Peoples_Academy_1_21_2026,https://archive.org/details/orcavt-Montpelier_Youth_Sports_-_8th_Grade_Girls_Basketball_vs_Peoples_Academy_1_21_2026,https://archive.org/download/orcavt-Montpelier_Youth_Sports_-_8th_Grade_Girls_Basketball_vs_Peoples_Academy_1_21_2026/Montpelier_Youth_Sports_-_8th_Grade_Girls_Basketball_vs_Peoples_Academy_1_21_2026.mp4,Montpelier Youth Sports - 8th Grade Girls Basketball vs Peoples Academy 1/21/2026,,ORCA Media,2026-02-04,,basketball,female,youth,,,8th Grade Girls Basketball,Montpelier_Youth_Sports_-_8th_Grade_Girls_Basketball_vs_Peoples_Academy_1_21_2026.mp4,290367111,3044.16,unreviewed,
InternetArchive,IA:orcavt-Montpelier_Youth_Sports_-_8th_Grade_Girls_Basketball_vs_Stowe_2_5_2025,orcavt-Montpelier_Youth_Sports_-_8th_Grade_Girls_Basketball_vs_Stowe_2_5_2025,https://archive.org/details/orcavt-Montpelier_Youth_Sports_-_8th_Grade_Girls_Basketball_vs_Stowe_2_5_2025,https://archive.org/download/orcavt-Montpelier_Youth_Sports_-_8th_Grade_Girls_Basketball_vs_Stowe_2_5_2025/Montpelier_Youth_Sports_-_8th_Grade_Girls_Basketball_vs_Stowe_2_5_2025.mp4,Montpelier Youth Sports - 8th Grade Girls Basketball vs Stowe 2/5/2025,,ORCA Media,2025-02-11,,basketball,female,youth,,,8th Grade Girls Basketball,Montpelier_Youth_Sports_-_8th_Grade_Girls_Basketball_vs_Stowe_2_5_2025.mp4,335462155,3506.4,unreviewed,
InternetArchive,IA:orcavt-Montpelier_Youth_Sports_-_8th_Grade_Girls_Basketball_vs_U-32_1_8_2026,orcavt-Montpelier_Youth_Sports_-_8th_Grade_Girls_Basketball_vs_U-32_1_8_2026,https://archive.org/details/orcavt-Montpelier_Youth_Sports_-_8th_Grade_Girls_Basketball_vs_U-32_1_8_2026,https://archive.org/download/orcavt-Montpelier_Youth_Sports_-_8th_Grade_Girls_Basketball_vs_U-32_1_8_2026/Montpelier_Youth_Sports_-_8th_Grade_Girls_Basketball_vs_U-32_1_8_2026.mp4,Montpelier Youth Sports - 8th Grade Girls Basketball vs U-32 1/8/2026,,ORCA Media,2026-01-16,,basketball,female,youth,,,8th Grade Girls Basketball,Montpelier_Youth_Sports_-_8th_Grade_Girls_Basketball_vs_U-32_1_8_2026.mp4,291290220,3064.73,unreviewed,
InternetArchive,IA:rjmco-Live_Broadcast_-_Varsity_Girls_Basketball_vs_Rock_Canyon,rjmco-Live_Broadcast_-_Varsity_Girls_Basketball_vs_Rock_Canyon,https://archive.org/details/rjmco-Live_Broadcast_-_Varsity_Girls_Basketball_vs_Rock_Canyon,https://archive.org/download/rjmco-Live_Broadcast_-_Varsity_Girls_Basketball_vs_Rock_Canyon/Live_Broadcast_-_Varsity_Girls_Basketball_vs_Rock_Canyon.mp4,Live Broadcast: Varsity Girls Basketball vs Rock Canyon,Play-by-play: Charlie Wood '26<br />Color Commentary: Connor Houtsma '27,RJ Media,2026-04-15,,basketball,female,,,,Girls Basketball,Live_Broadcast_-_Varsity_Girls_Basketball_vs_Rock_Canyon.mp4,254038458,2526.47,unreviewed,
InternetArchive,IA:westcatma-WHS_Classics_-_Girls_Basketball_vs_North_Attleborough_12_02_1995,westcatma-WHS_Classics_-_Girls_Basketball_vs_North_Attleborough_12_02_1995,https://archive.org/details/westcatma-WHS_Classics_-_Girls_Basketball_vs_North_Attleborough_12_02_1995,https://archive.org/download/westcatma-WHS_Classics_-_Girls_Basketball_vs_North_Attleborough_12_02_1995/WHS_Classics_-_Girls_Basketball_vs_North_Attleborough_12_02_1995.mp4,WHS Classics - Girls Basketball vs North Attleborough 12/02/1995,"Check out this week's edition of WHS Classics, featuring the Girls Basketball matchup against North Attleborough from December 2nd, 1995.<br /><br />Thank you for watching! We are Westwood Media Center. We promote and enhance local television content to Westwood residents via cable and online channels to support an informed and active citizenry, increase the transparency and quality of civic decision-making, deepen understanding of local issues of importance, and promote civility in public dialogue while respecting the rights to free speech and creative expression.<br /><br />SUBSCRIBE TO OUR YOUTUBE NOW<br /><br />FOLLOW US HERE <br />Website: https://westwoodmediacenter.tv/<br />Instagram: https://www.instagram.com/westwood_mediacenter/<br />Twitter: https://x.com/westwood_media<br />Facebook: https://www.facebook.com/westwoodmediacenter<br />TikTok: https://www.tiktok.com/@westwoodmediacenter",WMC,2026-07-17,,basketball,female,,,,Girls Basketball,WHS_Classics_-_Girls_Basketball_vs_North_Attleborough_12_02_1995.mp4,458134299,4785.26,unreviewed,
InternetArchive,IA:Princeton_Vikings_2025-26_Boys_Basketball_D1_State_Champs,Princeton_Vikings_2025-26_Boys_Basketball_D1_State_Champs,https://archive.org/details/Princeton_Vikings_2025-26_Boys_Basketball_D1_State_Champs,https://archive.org/download/Princeton_Vikings_2025-26_Boys_Basketball_D1_State_Champs/Princeton_Vikings_2025-26_Boys_Basketball_D1_State_Champs.mp4,Princeton Vikings 2025-26 Boys Basketball D1 State Champs,"The Princeton Vikings are your 2026 Boys Basketball Division I State Champions!<br /><br />After finishing the season with a 25-3 record, the celebration continued as they took part in the Reds Opening Day Parade ⚾<br /><br />Congrats on an excellent season, and as always, Go Vikes!<br />------<br />Find more coverage on our website (icrctv.com) or YouTube Channel (ICRC-TV)!",ICRC,2026-04-21,,basketball,male,,,,Boys Basketball,Princeton_Vikings_2025-26_Boys_Basketball_D1_State_Champs.mp4,3877157,38.01,unreviewed,
InternetArchive,IA:ccmcmd-Boys_Basketball_Summer_League_JV_Games_7-9-2026,ccmcmd-Boys_Basketball_Summer_League_JV_Games_7-9-2026,https://archive.org/details/ccmcmd-Boys_Basketball_Summer_League_JV_Games_7-9-2026,https://archive.org/download/ccmcmd-Boys_Basketball_Summer_League_JV_Games_7-9-2026/Boys_Basketball_Summer_League_JV_Games_7-9-2026.mp4,Boys Basketball Summer League JV Games 7-9-2026,"CMSportsNet coverage of Boys Basketball Summer League JV Games at 5 PM on 7-9-2026.<br /><br />This fall CMSportsNet Plus will bring you LIVE streaming coverage from every Carroll County Public High School Stadium and Gym. Head over to CMSportsNet.com right now, and sign up at our special Early Bird discount price! Save 10 percent when you subscribe before August 18, 2026.<br /><br />When you do you’ll get exclusive access to all our LIVE and on demand coverage of JV and Varsity Football, Volleyball and Boys & Girls Soccer<br /><br />The fall season will be here before you know it, Sign up today and save. Visit CMSportsNet.com and Subscribe today and don't miss out on our special Early Bird Fall Season price!<br /><br />MAIN GYM TENTATIVE SCHEDULE<br /><br />Liberty vs Winters Mill, 5 PM<br /><br />MACA vs Liberty, 6 PM<br /><br />FSK vs South Carroll, 7 PM<br /><br />Catoctin vs Mt Hebron, 8 PM<br /><br />South Carroll vs Mt Hebron, 9 PM<br /><br />Be sure to watch games this upcoming fall season over at cmsportsnet.com! Subscribe today!<br /><br />© Community Media Center of Carroll County. Inc. 2026<br />-------------------------------------------------------------------------<br /><br />Subscribe NOW to Community Media Center: http://bit.ly/1RhfzRh<br /><br />Visit our Website:<br />http://www.carrollmediacenter.org<br /><br />Follow Us On: <br />CMC YouTube: http://www.youtube.com/carrollmediacenter<br />Like CMC: http://www.facebook.com/carrollmediacenter/<br />Follow CMC: http://twitter.com/CMC_Carroll_MD<br /><br />The Community Media Center is building a stronger, more dynamic local community by using media and other resources to inform, link, engage, and connect residents and organizations throughout Carroll County, Maryland.",CMC Carroll County,2026-07-10,,basketball,male,,,,Boys Basketball,Boys_Basketball_Summer_League_JV_Games_7-9-2026.mp4,1717075281,17604.05,unreviewed,
InternetArchive,IA:ccmcmd-Boys_Basketball_Summer_League_Varsity_Games_7-14-2026,ccmcmd-Boys_Basketball_Summer_League_Varsity_Games_7-14-2026,https://archive.org/details/ccmcmd-Boys_Basketball_Summer_League_Varsity_Games_7-14-2026,https://archive.org/download/ccmcmd-Boys_Basketball_Summer_League_Varsity_Games_7-14-2026/Boys_Basketball_Summer_League_Varsity_Games_7-14-2026.mp4,Boys Basketball Summer League Varsity Games 7-14-2026,"CMSportsNet coverage of Boys Basketball Summer League Varsity Games at 5 PM on 7-14-2026.<br /><br />This fall CMSportsNet Plus will bring you LIVE streaming coverage from every Carroll County Public High School Stadium and Gym. Head over to CMSportsNet.com right now, and sign up at our special Early Bird discount price! Save 10 percent when you subscribe before August 18, 2026.<br /><br />When you do you’ll get exclusive access to all our LIVE and on demand coverage of JV and Varsity Football, Volleyball and Boys & Girls Soccer<br /><br />The fall season will be here before you know it, Sign up today and save. Visit CMSportsNet.com and Subscribe today and don't miss out on our special Early Bird Fall Season price!<br /><br />MAIN GYM TENTATIVE SCHEDULE:<br /><br />TBD<br /><br />Be sure to watch games this upcoming fall season over at cmsportsnet.com! Subscribe today!<br /><br />© Community Media Center of Carroll County. Inc. 2026<br />-------------------------------------------------------------------------<br /><br />Subscribe NOW to Community Media Center: http://bit.ly/1RhfzRh<br /><br />Visit our Website:<br />http://www.carrollmediacenter.org<br /><br />Follow Us On: <br />CMC YouTube: http://www.youtube.com/carrollmediacenter<br />Like CMC: http://www.facebook.com/carrollmediacenter/<br />Follow CMC: http://twitter.com/CMC_Carroll_MD<br /><br />The Community Media Center is building a stronger, more dynamic local community by using media and other resources to inform, link, engage, and connect residents and organizations throughout Carroll County, Maryland.",CMC Carroll County,2026-07-15,,basketball,male,,,,Boys Basketball,Boys_Basketball_Summer_League_Varsity_Games_7-14-2026.mp4,1716421467,17474.46,unreviewed,
InternetArchive,IA:ccmcmd-Boys_Basketball_Summer_League_Varsity_Games_7-7-2026,ccmcmd-Boys_Basketball_Summer_League_Varsity_Games_7-7-2026,https://archive.org/details/ccmcmd-Boys_Basketball_Summer_League_Varsity_Games_7-7-2026,https://archive.org/download/ccmcmd-Boys_Basketball_Summer_League_Varsity_Games_7-7-2026/Boys_Basketball_Summer_League_Varsity_Games_7-7-2026.mp4,Boys Basketball Summer League Varsity Games 7-7-2026,"CMSportsNet coverage of Boys Basketball Summer League Varsity Games at 5 PM on 7-7-2026.<br /><br />CMSportsNet coverage of Girls Basketball Summer League JV Games at 5 PM on 7-8-2026<br /><br />This fall CMSportsNet Plus will bring you LIVE streaming coverage from every Carroll County Public High School Stadium and Gym. Head over to CMSportsNet.com right now, and sign up at our special Early Bird discount price! Save 10 percent when you subscribe before August 18, 2026.<br /><br />When you do you’ll get exclusive access to all our LIVE and on demand coverage of JV and Varsity Football, Volleyball and Boys & Girls Soccer<br /><br />The fall season will be here before you know it, Sign up today and save. Visit CMSportsNet.com and Subscribe today and don't miss out on our special Early Bird Fall Season price!<br /><br />MAIN GYM TENTATIVE SCHEDULE<br /><br />Liberty vs Winters Mill, 5 PM<br /><br />Glenelg vs Liberty, 6 PM<br /><br />FSK vs South Carroll, 7 PM<br /><br />Catoctin vs Century, 8 PM<br /><br />South Carroll vs Centennial, 9 PM<br /><br />Be sure to watch games this upcoming fall season over at cmsportsnet.com! Subscribe today!<br /><br />© Community Media Center of Carroll County. Inc. 2026<br />-------------------------------------------------------------------------<br /><br />Subscribe NOW to Community Media Center: http://bit.ly/1RhfzRh<br /><br />Visit our Website:<br />http://www.carrollmediacenter.org<br /><br />Follow Us On: <br />CMC YouTube: http://www.youtube.com/carrollmediacenter<br />Like CMC: http://www.facebook.com/carrollmediacenter/<br />Follow CMC: http://twitter.com/CMC_Carroll_MD<br /><br />The Community Media Center is building a stronger, more dynamic local community by using media and other resources to inform, link, engage, and connect residents and organizations throughout Carroll County, Maryland.",CMC Carroll County,2026-07-08,,basketball,male,,,,Boys Basketball,Boys_Basketball_Summer_League_Varsity_Games_7-7-2026.mp4,1699630946,17289.67,unreviewed,
InternetArchive,IA:ccmcmd-Boys_basketball_summer_league_--_LIVE_over_at_www.cmsportsnet.com,ccmcmd-Boys_basketball_summer_league_--_LIVE_over_at_www.cmsportsnet.com,https://archive.org/details/ccmcmd-Boys_basketball_summer_league_--_LIVE_over_at_www.cmsportsnet.com,https://archive.org/download/ccmcmd-Boys_basketball_summer_league_--_LIVE_over_at_www.cmsportsnet.com/Boys_basketball_summer_league_--_LIVE_over_at_www.cmsportsnet.com.mp4,Boys basketball summer league -- LIVE over at www.cmsportsnet.com!,"Boys basketball summer league is LIVE over at www.cmsportsnet.com!<br /><br />LINK TO BROADCAST -- https://www.carrollmediacenter.org/episodes/boys-basketball-summer-league-varsity-games-6-9-2026<br /><br />NR Adventure Park / Schnauble Automotive, INC / Farmers and Merchants Bank  <br /><br />#CMSportsNet<br /><br />© Community Media Center of Carroll County. Inc. 2026<br />-------------------------------------------------------------------------<br /><br />Subscribe NOW to Community Media Center: http://bit.ly/1RhfzRh<br /><br />Visit our Website:<br />http://www.carrollmediacenter.org<br /><br />Follow Us On: <br />CMC YouTube: http://www.youtube.com/carrollmediacenter<br />Like CMC: http://www.facebook.com/carrollmediacenter/<br />Follow CMC: http://twitter.com/CMC_Carroll_MD<br /><br />The Community Media Center is building a stronger, more dynamic local community by using media and other resources to inform, link, engage, and connect residents and organizations throughout Carroll County, Maryland.",CMC Carroll County,2026-06-09,,basketball,male,,,,Boys Basketball,Boys_basketball_summer_league_--_LIVE_over_at_www.cmsportsnet.com.mp4,1638126,20.88,unreviewed,
InternetArchive,IA:ccxnewsmn-2025-_26_CCX_Sports_All-Area_Boys_Basketball,ccxnewsmn-2025-_26_CCX_Sports_All-Area_Boys_Basketball,https://archive.org/details/ccxnewsmn-2025-_26_CCX_Sports_All-Area_Boys_Basketball,https://archive.org/download/ccxnewsmn-2025-_26_CCX_Sports_All-Area_Boys_Basketball/2025-_26_CCX_Sports_All-Area_Boys_Basketball.mp4,2025-'26 CCX Sports All-Area Boys Basketball,"After another great season of boys basketball in the northwest suburbs, we've consulted with local coaches to name the CCX Sports All-Area team. Jay Wilcox presents the 15-player squad, which includes three players each from Wayzata, Grove, Hopkins, and Totino-Grace.<br /><br />Website - http://www.ccxmedia.org<br />Twitter - http://twitter.com/ccxnews<br />Facebook - https://www.facebook.com/ccxmedia.org/<br /><br />CCX Media is on Comcast Xfinity in the Northwest Suburbs of Minneapolis and includes the cities Brooklyn Center, Brooklyn Park, Crystal, Golden Valley, Maple Grove, New Hope, Osseo, Plymouth and Robbinsdale.",CCX News,2026-04-17,,basketball,male,,,,Boys Basketball,2025-_26_CCX_Sports_All-Area_Boys_Basketball.mp4,32056962,331.72,unreviewed,
InternetArchive,IA:ccxnewsmn-James_Ware_New_Head_Coach_at_Hopkins_Boys_Basketball_coach_coaching_basketball,ccxnewsmn-James_Ware_New_Head_Coach_at_Hopkins_Boys_Basketball_coach_coaching_basketball,https://archive.org/details/ccxnewsmn-James_Ware_New_Head_Coach_at_Hopkins_Boys_Basketball_coach_coaching_basketball,https://archive.org/download/ccxnewsmn-James_Ware_New_Head_Coach_at_Hopkins_Boys_Basketball_coach_coaching_basketball/James_Ware_New_Head_Coach_at_Hopkins_Boys_Basketball_coach_coaching_basketball.mp4,James Ware New Head Coach at Hopkins Boys Basketball #coach #coaching #basketball,"1995 Hopkins High School graduate James Ware is the new head boys basketball coach at his alma mater, taking over for Hall of Fame coach Ken Novak, Jr. Novak retired this spring after 37 years at Hopkins. Hopkins Royals Athletics <br /><br />Ware was the head coach at Park Center High School for ten seasons, winning a state title in 2022.  He was an assistant coach at Hopkins this past season and has worked in the district for the past 14 years.<br /><br />Hear more from Ware at CCXMedia.org.<br /><br />Website - http://www.ccxmedia.org<br />Twitter - http://twitter.com/ccxnews<br />Facebook - https://www.facebook.com/ccxmedia.org/<br /><br />CCX Media is on Comcast Xfinity in the Northwest Suburbs of Minneapolis and includes the cities Brooklyn Center, Brooklyn Park, Crystal, Golden Valley, Maple Grove, New Hope, Osseo, Plymouth and Robbinsdale.",CCX News,2026-07-27,,basketball,male,,,,Boys Basketball,James_Ware_New_Head_Coach_at_Hopkins_Boys_Basketball_coach_coaching_basketball.mp4,2868019,31.07,unreviewed,
InternetArchive,IA:ccxnewsmn-James_Ware_Takes_Over_as_Hopkins_Boys_Basketball_Coach,ccxnewsmn-James_Ware_Takes_Over_as_Hopkins_Boys_Basketball_Coach,https://archive.org/details/ccxnewsmn-James_Ware_Takes_Over_as_Hopkins_Boys_Basketball_Coach,https://archive.org/download/ccxnewsmn-James_Ware_Takes_Over_as_Hopkins_Boys_Basketball_Coach/James_Ware_Takes_Over_as_Hopkins_Boys_Basketball_Coach.mp4,James Ware Takes Over as Hopkins Boys Basketball Coach,"1995 Hopkins High School graduate James Ware is the new head boys basketball coach at his alma mater, taking over for Hall of Fame coach Ken Novak, Jr. Novak retired this spring after 37 years at Hopkins. Ware was the head coach at Park Center High School for ten seasons, winning a state title in 2022. He was an assistant coach at Hopkins this past season and has worked in the district for the past 14 years.<br /><br />Website - http://www.ccxmedia.org<br />Twitter - http://twitter.com/ccxnews<br />Facebook - https://www.facebook.com/ccxmedia.org/<br /><br />CCX Media is on Comcast Xfinity in the Northwest Suburbs of Minneapolis and includes the cities Brooklyn Center, Brooklyn Park, Crystal, Golden Valley, Maple Grove, New Hope, Osseo, Plymouth and Robbinsdale.",CCX News,2026-07-16,,basketball,male,,,,Boys Basketball,James_Ware_Takes_Over_as_Hopkins_Boys_Basketball_Coach.mp4,13289877,141.5,unreviewed,
InternetArchive,IA:cormi-7th_8th_Grade_Boys_Basketball_-_Almont_Raiders_at_Richmond_Blue_Devils,cormi-7th_8th_Grade_Boys_Basketball_-_Almont_Raiders_at_Richmond_Blue_Devils,https://archive.org/details/cormi-7th_8th_Grade_Boys_Basketball_-_Almont_Raiders_at_Richmond_Blue_Devils,https://archive.org/download/cormi-7th_8th_Grade_Boys_Basketball_-_Almont_Raiders_at_Richmond_Blue_Devils/7th_8th_Grade_Boys_Basketball_-_Almont_Raiders_at_Richmond_Blue_Devils.mp4,7th & 8th Grade Boys Basketball - Almont Raiders at Richmond Blue Devils,"7th & 8th Grade Boys Basketball<br />7th Grade Start: 4:30pm<br />8th Grade Start: 6pm<br />Yale Bulldogs at Richmond Blue Devils<br />Richmond, MI<br />Richmond TV<br /><br />Richmond Community Schools Athletics Website:<br />https://www.rhsbluedevils.com<br /><br />Richmond Community Schools Website:<br />https://www.richmond.k12.mi.us<br /><br />City of Richmond Website:<br />https://www.cityofrichmond.net",TV12,2021-03-05,,basketball,male,youth,,,8th Grade Boys Basketball,7th_8th_Grade_Boys_Basketball_-_Almont_Raiders_at_Richmond_Blue_Devils.mp4,892298119,9480.1,unreviewed,
InternetArchive,IA:cormi-7th_8th_Grade_Boys_Basketball_-_North_Branch_Broncos_at_Richmond_Blue_Devils,cormi-7th_8th_Grade_Boys_Basketball_-_North_Branch_Broncos_at_Richmond_Blue_Devils,https://archive.org/details/cormi-7th_8th_Grade_Boys_Basketball_-_North_Branch_Broncos_at_Richmond_Blue_Devils,https://archive.org/download/cormi-7th_8th_Grade_Boys_Basketball_-_North_Branch_Broncos_at_Richmond_Blue_Devils/7th_8th_Grade_Boys_Basketball_-_North_Branch_Broncos_at_Richmond_Blue_Devils.mp4,7th & 8th Grade Boys Basketball - North Branch Broncos at Richmond Blue Devils,"7th & 8th Grade Boys Basketball<br />7th Grade Start: 4:30pm<br />8th Grade Start: 6pm<br />Yale Bulldogs at Richmond Blue Devils<br />Richmond, MI<br />Richmond TV<br /><br />Richmond Community Schools Athletics Website:<br />https://www.rhsbluedevils.com<br /><br />Richmond Community Schools Website:<br />https://www.richmond.k12.mi.us<br /><br />City of Richmond Website:<br />https://www.cityofrichmond.net",TV12,2021-03-03,,basketball,male,youth,,,8th Grade Boys Basketball,7th_8th_Grade_Boys_Basketball_-_North_Branch_Broncos_at_Richmond_Blue_Devils.mp4,825465877,9184.24,unreviewed,
InternetArchive,IA:ctvns-2001_High_School_Boys_Basketball_Section_Championship_-_Irondale_vs._Mounds_View,ctvns-2001_High_School_Boys_Basketball_Section_Championship_-_Irondale_vs._Mounds_View,https://archive.org/details/ctvns-2001_High_School_Boys_Basketball_Section_Championship_-_Irondale_vs._Mounds_View,https://archive.org/download/ctvns-2001_High_School_Boys_Basketball_Section_Championship_-_Irondale_vs._Mounds_View/2001_High_School_Boys_Basketball_Section_Championship_-_Irondale_vs._Mounds_View.mp4,2001 High School Boys Basketball Section Championship : Irondale vs. Mounds View,University of Minnesota Pavilion<br /><br />CTV North Suburbs / Irondale HS TV Studio Class production,CTV,2026-04-30,,basketball,male,,,,Boys Basketball,2001_High_School_Boys_Basketball_Section_Championship_-_Irondale_vs._Mounds_View.mp4,605209137,6250.12,unreviewed,
InternetArchive,IA:dunany-Dunkirk_Archives_-_2013_Boys_Basketball_Falconer_at_Dunkirk,dunany-Dunkirk_Archives_-_2013_Boys_Basketball_Falconer_at_Dunkirk,https://archive.org/details/dunany-Dunkirk_Archives_-_2013_Boys_Basketball_Falconer_at_Dunkirk,https://archive.org/download/dunany-Dunkirk_Archives_-_2013_Boys_Basketball_Falconer_at_Dunkirk/Dunkirk_Archives_-_2013_Boys_Basketball_Falconer_at_Dunkirk.mp4,Dunkirk Archives - 2013 Boys Basketball Falconer at Dunkirk,Dunkirk Archives - 2013 Boys Basketball Falconer at Dunkirk,Dunkirk Access,2026-07-31,,basketball,male,,,,Boys Basketball,Dunkirk_Archives_-_2013_Boys_Basketball_Falconer_at_Dunkirk.mp4,545891183,5662.67,unreviewed,
InternetArchive,IA:ftvma-2025_FHS_vs_Oakmont_-_Boys_Basketball_12.30.2024-abfU8Uiruz8,ftvma-2025_FHS_vs_Oakmont_-_Boys_Basketball_12.30.2024-abfU8Uiruz8,https://archive.org/details/ftvma-2025_FHS_vs_Oakmont_-_Boys_Basketball_12.30.2024-abfU8Uiruz8,https://archive.org/download/ftvma-2025_FHS_vs_Oakmont_-_Boys_Basketball_12.30.2024-abfU8Uiruz8/2025_FHS_vs_Oakmont_-_Boys_Basketball_12.30.2024-abfU8Uiruz8.mp4,2025 FHS vs Oakmont - Boys Basketball 12.30.2024,,Fitchburg Access TV,2026-09-16,,basketball,male,,,,Boys Basketball,2025_FHS_vs_Oakmont_-_Boys_Basketball_12.30.2024-abfU8Uiruz8.mp4,424220455,4252.02,unreviewed,
InternetArchive,IA:ftvma-2025_FHS_vs_Wachusett_-_Boys_Basketball_1.3.2025-jtfLD6N6N-w,ftvma-2025_FHS_vs_Wachusett_-_Boys_Basketball_1.3.2025-jtfLD6N6N-w,https://archive.org/details/ftvma-2025_FHS_vs_Wachusett_-_Boys_Basketball_1.3.2025-jtfLD6N6N-w,https://archive.org/download/ftvma-2025_FHS_vs_Wachusett_-_Boys_Basketball_1.3.2025-jtfLD6N6N-w/2025_FHS_vs_Wachusett_-_Boys_Basketball_1.3.2025-jtfLD6N6N-w.mp4,2025 FHS vs Wachusett - Boys Basketball 1.3.2025,,Fitchburg Access TV,2026-09-16,,basketball,male,,,,Boys Basketball,2025_FHS_vs_Wachusett_-_Boys_Basketball_1.3.2025-jtfLD6N6N-w.mp4,373209321,3745.94,unreviewed,
InternetArchive,IA:ftvma-2026_FHS_vs_Bay_Path_-_Boys_Basketball_1.2.2026-qvFRcRvEMGs,ftvma-2026_FHS_vs_Bay_Path_-_Boys_Basketball_1.2.2026-qvFRcRvEMGs,https://archive.org/details/ftvma-2026_FHS_vs_Bay_Path_-_Boys_Basketball_1.2.2026-qvFRcRvEMGs,https://archive.org/download/ftvma-2026_FHS_vs_Bay_Path_-_Boys_Basketball_1.2.2026-qvFRcRvEMGs/2026_FHS_vs_Bay_Path_-_Boys_Basketball_1.2.2026-qvFRcRvEMGs.mp4,2026 FHS vs Bay Path - Boys Basketball 1.2.2026,,Fitchburg Access TV,2026-09-17,,basketball,male,,,,Boys Basketball,2026_FHS_vs_Bay_Path_-_Boys_Basketball_1.2.2026-qvFRcRvEMGs.mp4,301741064,3080.87,unreviewed,
InternetArchive,IA:ftvma-2026_FHS_vs_Marlborough_-_Boys_Basketball_12.23.2025-S93zL-Juzv0,ftvma-2026_FHS_vs_Marlborough_-_Boys_Basketball_12.23.2025-S93zL-Juzv0,https://archive.org/details/ftvma-2026_FHS_vs_Marlborough_-_Boys_Basketball_12.23.2025-S93zL-Juzv0,https://archive.org/download/ftvma-2026_FHS_vs_Marlborough_-_Boys_Basketball_12.23.2025-S93zL-Juzv0/2026_FHS_vs_Marlborough_-_Boys_Basketball_12.23.2025-S93zL-Juzv0.mp4,2026 FHS vs Marlborough - Boys Basketball 12.23.2025,,Fitchburg Access TV,2026-09-16,,basketball,male,,,,Boys Basketball,2026_FHS_vs_Marlborough_-_Boys_Basketball_12.23.2025-S93zL-Juzv0.mp4,322105536,3292.43,unreviewed,
InternetArchive,IA:ftvma-2026_FHS_vs_Shrewsbury_-_Boys_Basketball_1.23.2026-2kDQPSXLYo8,ftvma-2026_FHS_vs_Shrewsbury_-_Boys_Basketball_1.23.2026-2kDQPSXLYo8,https://archive.org/details/ftvma-2026_FHS_vs_Shrewsbury_-_Boys_Basketball_1.23.2026-2kDQPSXLYo8,https://archive.org/download/ftvma-2026_FHS_vs_Shrewsbury_-_Boys_Basketball_1.23.2026-2kDQPSXLYo8/2026_FHS_vs_Shrewsbury_-_Boys_Basketball_1.23.2026-2kDQPSXLYo8.mp4,2026 FHS vs Shrewsbury - Boys Basketball 1.23.2026,,Fitchburg Access TV,2026-09-16,,basketball,male,,,,Boys Basketball,2026_FHS_vs_Shrewsbury_-_Boys_Basketball_1.23.2026-2kDQPSXLYo8.mp4,292243772,2986.69,unreviewed,
InternetArchive,IA:hcectvky-8th_Grade_Boys_Basketball_Champ_raw,hcectvky-8th_Grade_Boys_Basketball_Champ_raw,https://archive.org/details/hcectvky-8th_Grade_Boys_Basketball_Champ_raw,https://archive.org/download/hcectvky-8th_Grade_Boys_Basketball_Champ_raw/8th_Grade_Boys_Basketball_Champ_raw.mp4,8th Grade Boys Basketball Champ raw,,HCEC-TV,2024-02-05,,basketball,male,youth,,,8th Grade Boys Basketball,8th_Grade_Boys_Basketball_Champ_raw.mp4,405040438,4197.33,unreviewed,
InternetArchive,IA:hcectvky-8th_Grade_Boys_Basketball_Championship_-_January_30_2020,hcectvky-8th_Grade_Boys_Basketball_Championship_-_January_30_2020,https://archive.org/details/hcectvky-8th_Grade_Boys_Basketball_Championship_-_January_30_2020,https://archive.org/download/hcectvky-8th_Grade_Boys_Basketball_Championship_-_January_30_2020/8th_Grade_Boys_Basketball_Championship_-_January_30_2020.mp4,"8th Grade Boys Basketball Championship - January 30, 2020",North Middle School vs. East Hardin Middle School,HCEC-TV,2020-01-31,,basketball,male,youth,,,8th Grade Boys Basketball,8th_Grade_Boys_Basketball_Championship_-_January_30_2020.mp4,406150612,4232.98,unreviewed,
InternetArchive,IA:hcectvky-8th_Grade_Boys_Basketball_Championship_-_North_Middle_School_vs_LaRue_Co_Middle_School,hcectvky-8th_Grade_Boys_Basketball_Championship_-_North_Middle_School_vs_LaRue_Co_Middle_School,https://archive.org/details/hcectvky-8th_Grade_Boys_Basketball_Championship_-_North_Middle_School_vs_LaRue_Co_Middle_School,https://archive.org/download/hcectvky-8th_Grade_Boys_Basketball_Championship_-_North_Middle_School_vs_LaRue_Co_Middle_School/8th_Grade_Boys_Basketball_Championship_-_North_Middle_School_vs_LaRue_Co_Middle_School.mp4,8th Grade Boys Basketball Championship - North Middle School vs LaRue Co Middle School,,HCEC-TV,2026-02-06,,basketball,male,youth,,,8th Grade Boys Basketball,8th_Grade_Boys_Basketball_Championship_-_North_Middle_School_vs_LaRue_Co_Middle_School.mp4,457191994,4647.8,unreviewed,
InternetArchive,IA:hcectvky-8th_Grade_Boys_Basketball_Championship_JT_Alton_vs_TK_Stone_January_25_2018,hcectvky-8th_Grade_Boys_Basketball_Championship_JT_Alton_vs_TK_Stone_January_25_2018,https://archive.org/details/hcectvky-8th_Grade_Boys_Basketball_Championship_JT_Alton_vs_TK_Stone_January_25_2018,https://archive.org/download/hcectvky-8th_Grade_Boys_Basketball_Championship_JT_Alton_vs_TK_Stone_January_25_2018/8th_Grade_Boys_Basketball_Championship_JT_Alton_vs_TK_Stone_January_25_2018.mp4,"8th Grade Boys Basketball Championship JT Alton vs TK Stone January 25, 2018",,HCEC-TV,2018-01-31,,basketball,male,youth,,,8th Grade Boys Basketball,8th_Grade_Boys_Basketball_Championship_JT_Alton_vs_TK_Stone_January_25_2018.mp4,421786388,4405.17,unreviewed,
InternetArchive,IA:hcectvky-8th_Grade_Boys_Basketball_Championship_LaRue_County_Middle_vs_T.K._Stone_Middle_January_29,hcectvky-8th_Grade_Boys_Basketball_Championship_LaRue_County_Middle_vs_T.K._Stone_Middle_January_29,https://archive.org/details/hcectvky-8th_Grade_Boys_Basketball_Championship_LaRue_County_Middle_vs_T.K._Stone_Middle_January_29,https://archive.org/download/hcectvky-8th_Grade_Boys_Basketball_Championship_LaRue_County_Middle_vs_T.K._Stone_Middle_January_29/8th_Grade_Boys_Basketball_Championship_LaRue_County_Middle_vs_T.K._Stone_Middle_January_29.mp4,"8th Grade Boys Basketball Championship LaRue County Middle vs T.K. Stone Middle January 29, 2024",,HCEC-TV,2024-02-08,,basketball,male,youth,,,8th Grade Boys Basketball,8th_Grade_Boys_Basketball_Championship_LaRue_County_Middle_vs_T.K._Stone_Middle_January_29.mp4,404645673,4191.62,unreviewed,
InternetArchive,IA:hcectvky-8th_Grade_Boys_Basketball_Championship_T.K._Stone_vs_LaRue_County_Middles_Schools_Feb._2_2,hcectvky-8th_Grade_Boys_Basketball_Championship_T.K._Stone_vs_LaRue_County_Middles_Schools_Feb._2_2,https://archive.org/details/hcectvky-8th_Grade_Boys_Basketball_Championship_T.K._Stone_vs_LaRue_County_Middles_Schools_Feb._2_2,https://archive.org/download/hcectvky-8th_Grade_Boys_Basketball_Championship_T.K._Stone_vs_LaRue_County_Middles_Schools_Feb._2_2/8th_Grade_Boys_Basketball_Championship_T.K._Stone_vs_LaRue_County_Middles_Schools_Feb._2_2.mp4,"8th Grade Boys Basketball Championship T.K. Stone vs LaRue County Middles Schools Feb. 2, 2023",,HCEC-TV,2023-02-15,,basketball,male,youth,,,8th Grade Boys Basketball,8th_Grade_Boys_Basketball_Championship_T.K._Stone_vs_LaRue_County_Middles_Schools_Feb._2_2.mp4,432453910,4477.27,unreviewed,
InternetArchive,IA:hcectvky-8th_Grade_Boys_Basketball_EHMS_vs_LCMS_January_24_2019,hcectvky-8th_Grade_Boys_Basketball_EHMS_vs_LCMS_January_24_2019,https://archive.org/details/hcectvky-8th_Grade_Boys_Basketball_EHMS_vs_LCMS_January_24_2019,https://archive.org/download/hcectvky-8th_Grade_Boys_Basketball_EHMS_vs_LCMS_January_24_2019/8th_Grade_Boys_Basketball_EHMS_vs_LCMS_January_24_2019.mp4,"8th Grade Boys Basketball EHMS vs LCMS January 24, 2019","Don't miss this exciting 8th Grade Middle School Boys Basketball Championship from January 24, 2019 with East Hardin Middle School against LaRue County Middle School.",HCEC-TV,2019-02-04,,basketball,male,youth,,,8th Grade Boys Basketball,8th_Grade_Boys_Basketball_EHMS_vs_LCMS_January_24_2019.mp4,466431241,4849.28,unreviewed,
InternetArchive,IA:hcectvky-East_Hardin_Middle_School_8th_Grade_Boys_Basketball_and_Cheerleaders_Recognition_December_,hcectvky-East_Hardin_Middle_School_8th_Grade_Boys_Basketball_and_Cheerleaders_Recognition_December_,https://archive.org/details/hcectvky-East_Hardin_Middle_School_8th_Grade_Boys_Basketball_and_Cheerleaders_Recognition_December_,https://archive.org/download/hcectvky-East_Hardin_Middle_School_8th_Grade_Boys_Basketball_and_Cheerleaders_Recognition_December_/East_Hardin_Middle_School_8th_Grade_Boys_Basketball_and_Cheerleaders_Recognition_December_.mp4,"East Hardin Middle School 8th Grade Boys Basketball and Cheerleaders Recognition December 14, 2023 O",,HCEC-TV,2024-01-30,,basketball,male,youth,,,8th Grade Boys Basketball,East_Hardin_Middle_School_8th_Grade_Boys_Basketball_and_Cheerleaders_Recognition_December_.mp4,68797216,710.58,unreviewed,
InternetArchive,IA:hcectvky-HMSAC_8th_Grade_Boys_Basketball_Championship_Jan_28_2025,hcectvky-HMSAC_8th_Grade_Boys_Basketball_Championship_Jan_28_2025,https://archive.org/details/hcectvky-HMSAC_8th_Grade_Boys_Basketball_Championship_Jan_28_2025,https://archive.org/download/hcectvky-HMSAC_8th_Grade_Boys_Basketball_Championship_Jan_28_2025/HMSAC_8th_Grade_Boys_Basketball_Championship_Jan_28_2025.mp4,HMSAC 8th Grade Boys Basketball Championship Jan 28 2025,8th Grade: #1 EAST HARDIN vs #2-T. K. STONE @ 645PM<br /><br />Site: Central Hardin HS,HCEC-TV,2025-01-29,,basketball,male,youth,,,8th Grade Boys Basketball,HMSAC_8th_Grade_Boys_Basketball_Championship_Jan_28_2025.mp4,400602167,4147.11,unreviewed,
InternetArchive,IA:hcectvky-HMSAC_8th_Grade_Boys_Basketball_Championship_North_Middle_vs._East_Hardin_Middle_Jan_28_20,hcectvky-HMSAC_8th_Grade_Boys_Basketball_Championship_North_Middle_vs._East_Hardin_Middle_Jan_28_20,https://archive.org/details/hcectvky-HMSAC_8th_Grade_Boys_Basketball_Championship_North_Middle_vs._East_Hardin_Middle_Jan_28_20,https://archive.org/download/hcectvky-HMSAC_8th_Grade_Boys_Basketball_Championship_North_Middle_vs._East_Hardin_Middle_Jan_28_20/HMSAC_8th_Grade_Boys_Basketball_Championship_North_Middle_vs._East_Hardin_Middle_Jan_28_20.mp4,HMSAC 8th Grade Boys Basketball Championship  North Middle vs. East Hardin Middle Jan 28 2025,,HCEC-TV,2025-02-06,,basketball,male,youth,,,8th Grade Boys Basketball,HMSAC_8th_Grade_Boys_Basketball_Championship_North_Middle_vs._East_Hardin_Middle_Jan_28_20.mp4,413148002,4272.33,unreviewed,
InternetArchive,IA:hctvvt-Hazen_7th_and_8th_Grade_Boys_Basketball_playing_Danville_-_March_6_2021,hctvvt-Hazen_7th_and_8th_Grade_Boys_Basketball_playing_Danville_-_March_6_2021,https://archive.org/details/hctvvt-Hazen_7th_and_8th_Grade_Boys_Basketball_playing_Danville_-_March_6_2021,https://archive.org/download/hctvvt-Hazen_7th_and_8th_Grade_Boys_Basketball_playing_Danville_-_March_6_2021/Hazen_7th_and_8th_Grade_Boys_Basketball_playing_Danville_-_March_6_2021.mp4,"Hazen 7th and 8th Grade  Boys Basketball playing Danville:  March 6, 2021",,Hardwick Community Television,2021-03-18,,basketball,male,youth,,,8th Grade Boys Basketball,Hazen_7th_and_8th_Grade_Boys_Basketball_playing_Danville_-_March_6_2021.mp4,638136464,6651.17,unreviewed,
InternetArchive,IA:lctvme-February_3_2026_-_Lincoln_Academy_vs._Erskine_-_JV_Boys_Basketball,lctvme-February_3_2026_-_Lincoln_Academy_vs._Erskine_-_JV_Boys_Basketball,https://archive.org/details/lctvme-February_3_2026_-_Lincoln_Academy_vs._Erskine_-_JV_Boys_Basketball,https://archive.org/download/lctvme-February_3_2026_-_Lincoln_Academy_vs._Erskine_-_JV_Boys_Basketball/February_3_2026_-_Lincoln_Academy_vs._Erskine_-_JV_Boys_Basketball.mp4,"February 3, 2026 - Lincoln Academy vs. Erskine - JV Boys Basketball",,LCTV,2026-04-09,,basketball,male,,,,Boys Basketball,February_3_2026_-_Lincoln_Academy_vs._Erskine_-_JV_Boys_Basketball.mp4,518275396,5246.92,unreviewed,
InternetArchive,IA:lctvme-February_3_2026_-_Lincoln_Academy_vs._Erskine_-_Varsity_Boys_Basketball,lctvme-February_3_2026_-_Lincoln_Academy_vs._Erskine_-_Varsity_Boys_Basketball,https://archive.org/details/lctvme-February_3_2026_-_Lincoln_Academy_vs._Erskine_-_Varsity_Boys_Basketball,https://archive.org/download/lctvme-February_3_2026_-_Lincoln_Academy_vs._Erskine_-_Varsity_Boys_Basketball/February_3_2026_-_Lincoln_Academy_vs._Erskine_-_Varsity_Boys_Basketball.mp4,"February 3, 2026 - Lincoln Academy vs. Erskine - Varsity Boys Basketball",,LCTV,2026-04-10,,basketball,male,,,,Boys Basketball,February_3_2026_-_Lincoln_Academy_vs._Erskine_-_Varsity_Boys_Basketball.mp4,534470899,5551.29,unreviewed,
InternetArchive,IA:lctvme-February_5_2026_-_Lincoln_Academy_vs._Winslow_-_JV_Boys_Basketball,lctvme-February_5_2026_-_Lincoln_Academy_vs._Winslow_-_JV_Boys_Basketball,https://archive.org/details/lctvme-February_5_2026_-_Lincoln_Academy_vs._Winslow_-_JV_Boys_Basketball,https://archive.org/download/lctvme-February_5_2026_-_Lincoln_Academy_vs._Winslow_-_JV_Boys_Basketball/February_5_2026_-_Lincoln_Academy_vs._Winslow_-_JV_Boys_Basketball.mp4,"February 5, 2026 - Lincoln Academy vs. Winslow - JV Boys Basketball",,LCTV,2026-04-13,,basketball,male,,,,Boys Basketball,February_5_2026_-_Lincoln_Academy_vs._Winslow_-_JV_Boys_Basketball.mp4,431896916,4359.01,unreviewed,
InternetArchive,IA:lctvme-February_5_2026_-_Lincoln_Academy_vs._Winslow_-_Varsity_Boys_Basketball,lctvme-February_5_2026_-_Lincoln_Academy_vs._Winslow_-_Varsity_Boys_Basketball,https://archive.org/details/lctvme-February_5_2026_-_Lincoln_Academy_vs._Winslow_-_Varsity_Boys_Basketball,https://archive.org/download/lctvme-February_5_2026_-_Lincoln_Academy_vs._Winslow_-_Varsity_Boys_Basketball/February_5_2026_-_Lincoln_Academy_vs._Winslow_-_Varsity_Boys_Basketball.mp4,"February 5, 2026 - Lincoln Academy vs. Winslow - Varsity Boys Basketball",,LCTV,2026-04-13,,basketball,male,,,,Boys Basketball,February_5_2026_-_Lincoln_Academy_vs._Winslow_-_Varsity_Boys_Basketball.mp4,606907180,6293.82,unreviewed,
InternetArchive,IA:lctvme-January_24_2026_-_Lincoln_Academy_vs._Medomak_Valley_-_JV_Boys_Basketball,lctvme-January_24_2026_-_Lincoln_Academy_vs._Medomak_Valley_-_JV_Boys_Basketball,https://archive.org/details/lctvme-January_24_2026_-_Lincoln_Academy_vs._Medomak_Valley_-_JV_Boys_Basketball,https://archive.org/download/lctvme-January_24_2026_-_Lincoln_Academy_vs._Medomak_Valley_-_JV_Boys_Basketball/January_24_2026_-_Lincoln_Academy_vs._Medomak_Valley_-_JV_Boys_Basketball.mp4,"January 24, 2026 - Lincoln Academy vs. Medomak Valley - JV Boys Basketball",,LCTV,2026-04-09,,basketball,male,,,,Boys Basketball,January_24_2026_-_Lincoln_Academy_vs._Medomak_Valley_-_JV_Boys_Basketball.mp4,459936420,4618.33,unreviewed,
InternetArchive,IA:letvma-Agganis_All_Star_Boys_Basketball_June_27_2026,letvma-Agganis_All_Star_Boys_Basketball_June_27_2026,https://archive.org/details/letvma-Agganis_All_Star_Boys_Basketball_June_27_2026,https://archive.org/download/letvma-Agganis_All_Star_Boys_Basketball_June_27_2026/Agganis_All_Star_Boys_Basketball_June_27_2026.mp4,"Agganis All Star Boys Basketball June 27, 2026","Agganis All Star Boys Basketball June 27, 2026",Lynn Educational Television,2026-06-30,,basketball,male,,,,Boys Basketball,Agganis_All_Star_Boys_Basketball_June_27_2026.mp4,355783139,3508.58,unreviewed,
InternetArchive,IA:mapsdwi-11-29-2016_8th_Grade_Boys_Basketball,mapsdwi-11-29-2016_8th_Grade_Boys_Basketball,https://archive.org/details/mapsdwi-11-29-2016_8th_Grade_Boys_Basketball,https://archive.org/download/mapsdwi-11-29-2016_8th_Grade_Boys_Basketball/11-29-2016_8th_Grade_Boys_Basketball.mp4,11-29-2016 8th Grade Boys Basketball,,Merrill Area Public Schools,2022-07-26,,basketball,male,youth,,,8th Grade Boys Basketball,11-29-2016_8th_Grade_Boys_Basketball.mp4,359692468,3673.21,unreviewed,
InternetArchive,IA:mapsdwi-11-29-2016_8th_Grade_Boys_Basketball_vs_PJ_Jacobs_Junior_High,mapsdwi-11-29-2016_8th_Grade_Boys_Basketball_vs_PJ_Jacobs_Junior_High,https://archive.org/details/mapsdwi-11-29-2016_8th_Grade_Boys_Basketball_vs_PJ_Jacobs_Junior_High,https://archive.org/download/mapsdwi-11-29-2016_8th_Grade_Boys_Basketball_vs_PJ_Jacobs_Junior_High/11-29-2016_8th_Grade_Boys_Basketball_vs_PJ_Jacobs_Junior_High.mp4,11-29-2016 8th Grade Boys Basketball vs PJ Jacobs Junior High,,Merrill Area Public Schools,2022-07-26,,basketball,male,youth,,,8th Grade Boys Basketball,11-29-2016_8th_Grade_Boys_Basketball_vs_PJ_Jacobs_Junior_High.mp4,268217129,2713.76,unreviewed,
InternetArchive,IA:mapsdwi-12-1-2016_8th_Grade_Boys_Basketball_vs_Rapids,mapsdwi-12-1-2016_8th_Grade_Boys_Basketball_vs_Rapids,https://archive.org/details/mapsdwi-12-1-2016_8th_Grade_Boys_Basketball_vs_Rapids,https://archive.org/download/mapsdwi-12-1-2016_8th_Grade_Boys_Basketball_vs_Rapids/12-1-2016_8th_Grade_Boys_Basketball_vs_Rapids.mp4,12-1-2016 8th Grade Boys Basketball vs Rapids,,Merrill Area Public Schools,2022-07-26,,basketball,male,youth,,,8th Grade Boys Basketball,12-1-2016_8th_Grade_Boys_Basketball_vs_Rapids.mp4,323374462,3326.07,unreviewed,
InternetArchive,IA:mapsdwi-12-15-2016_8th_Grade_Boys_Basketball_vs_Horace_Mann,mapsdwi-12-15-2016_8th_Grade_Boys_Basketball_vs_Horace_Mann,https://archive.org/details/mapsdwi-12-15-2016_8th_Grade_Boys_Basketball_vs_Horace_Mann,https://archive.org/download/mapsdwi-12-15-2016_8th_Grade_Boys_Basketball_vs_Horace_Mann/12-15-2016_8th_Grade_Boys_Basketball_vs_Horace_Mann.mp4,12-15-2016 8th Grade Boys Basketball vs Horace Mann,,Merrill Area Public Schools,2022-08-03,,basketball,male,youth,,,8th Grade Boys Basketball,12-15-2016_8th_Grade_Boys_Basketball_vs_Horace_Mann.mp4,612412381,6235.21,unreviewed,
InternetArchive,IA:mapsdwi-LEGACY_VIDEO_11-6-2012_8th_Grade_Boys_Basketball_vs_Antigo,mapsdwi-LEGACY_VIDEO_11-6-2012_8th_Grade_Boys_Basketball_vs_Antigo,https://archive.org/details/mapsdwi-LEGACY_VIDEO_11-6-2012_8th_Grade_Boys_Basketball_vs_Antigo,https://archive.org/download/mapsdwi-LEGACY_VIDEO_11-6-2012_8th_Grade_Boys_Basketball_vs_Antigo/LEGACY_VIDEO_11-6-2012_8th_Grade_Boys_Basketball_vs_Antigo.mp4,(LEGACY VIDEO) 11-6-2012 8th Grade Boys Basketball vs Antigo,,Merrill Area Public Schools,2021-09-27,,basketball,male,youth,,,8th Grade Boys Basketball,LEGACY_VIDEO_11-6-2012_8th_Grade_Boys_Basketball_vs_Antigo.mp4,271428599,2767.33,unreviewed,
InternetArchive,IA:mapsdwi-LEGACY_VIDEO_12-17-2013_8th_Grade_Boys_Basketball_vs_PJ_Jacobs,mapsdwi-LEGACY_VIDEO_12-17-2013_8th_Grade_Boys_Basketball_vs_PJ_Jacobs,https://archive.org/details/mapsdwi-LEGACY_VIDEO_12-17-2013_8th_Grade_Boys_Basketball_vs_PJ_Jacobs,https://archive.org/download/mapsdwi-LEGACY_VIDEO_12-17-2013_8th_Grade_Boys_Basketball_vs_PJ_Jacobs/LEGACY_VIDEO_12-17-2013_8th_Grade_Boys_Basketball_vs_PJ_Jacobs.mp4,(LEGACY VIDEO) 12-17-2013 8th Grade Boys Basketball vs PJ Jacobs,,Merrill Area Public Schools,2021-10-27,,basketball,male,youth,,,8th Grade Boys Basketball,LEGACY_VIDEO_12-17-2013_8th_Grade_Boys_Basketball_vs_PJ_Jacobs.mp4,315609912,3215.78,unreviewed,
InternetArchive,IA:mapsdwi-LEGACY_VIDEO_12-18-2014_8th_Grade_Boys_Basketball_vs_DC_Everest,mapsdwi-LEGACY_VIDEO_12-18-2014_8th_Grade_Boys_Basketball_vs_DC_Everest,https://archive.org/details/mapsdwi-LEGACY_VIDEO_12-18-2014_8th_Grade_Boys_Basketball_vs_DC_Everest,https://archive.org/download/mapsdwi-LEGACY_VIDEO_12-18-2014_8th_Grade_Boys_Basketball_vs_DC_Everest/LEGACY_VIDEO_12-18-2014_8th_Grade_Boys_Basketball_vs_DC_Everest.mp4,(LEGACY VIDEO) 12-18-2014 8th Grade Boys Basketball vs DC Everest,,Merrill Area Public Schools,2021-11-16,,basketball,male,youth,,,8th Grade Boys Basketball,LEGACY_VIDEO_12-18-2014_8th_Grade_Boys_Basketball_vs_DC_Everest.mp4,260445528,2668.28,unreviewed,
InternetArchive,IA:mapsdwi-LEGACY_VIDEO_12-5-2013_8th_Grade_Boys_Basketball_vs_WI_Rapids,mapsdwi-LEGACY_VIDEO_12-5-2013_8th_Grade_Boys_Basketball_vs_WI_Rapids,https://archive.org/details/mapsdwi-LEGACY_VIDEO_12-5-2013_8th_Grade_Boys_Basketball_vs_WI_Rapids,https://archive.org/download/mapsdwi-LEGACY_VIDEO_12-5-2013_8th_Grade_Boys_Basketball_vs_WI_Rapids/LEGACY_VIDEO_12-5-2013_8th_Grade_Boys_Basketball_vs_WI_Rapids.mp4,(LEGACY VIDEO) 12-5-2013 8th Grade Boys Basketball vs WI Rapids,,Merrill Area Public Schools,2021-10-25,,basketball,male,youth,,,8th Grade Boys Basketball,LEGACY_VIDEO_12-5-2013_8th_Grade_Boys_Basketball_vs_WI_Rapids.mp4,264562167,2697.25,unreviewed,
InternetArchive,IA:mapsdwi-LEGACY_VIDEO_12-5-2013_8th_Grade_Boys_Basketball_vs_Wisconsin_Rapids,mapsdwi-LEGACY_VIDEO_12-5-2013_8th_Grade_Boys_Basketball_vs_Wisconsin_Rapids,https://archive.org/details/mapsdwi-LEGACY_VIDEO_12-5-2013_8th_Grade_Boys_Basketball_vs_Wisconsin_Rapids,https://archive.org/download/mapsdwi-LEGACY_VIDEO_12-5-2013_8th_Grade_Boys_Basketball_vs_Wisconsin_Rapids/LEGACY_VIDEO_12-5-2013_8th_Grade_Boys_Basketball_vs_Wisconsin_Rapids.mp4,(LEGACY VIDEO) 12-5-2013 8th Grade Boys Basketball vs Wisconsin Rapids,,Merrill Area Public Schools,2021-10-25,,basketball,male,youth,,,8th Grade Boys Basketball,LEGACY_VIDEO_12-5-2013_8th_Grade_Boys_Basketball_vs_Wisconsin_Rapids.mp4,264556902,2697.25,unreviewed,
InternetArchive,IA:marshtvmav-MHS_Varsity_Boys_Basketball_vs._Duxbury,marshtvmav-MHS_Varsity_Boys_Basketball_vs._Duxbury,https://archive.org/details/marshtvmav-MHS_Varsity_Boys_Basketball_vs._Duxbury,https://archive.org/download/marshtvmav-MHS_Varsity_Boys_Basketball_vs._Duxbury/MHS_Varsity_Boys_Basketball_vs._Duxbury.mp4,MHS Varsity Boys Basketball vs. Duxbury,"REJECTED BY THE SOPHOMORE! What a play by Rowan Hession to set this Marshfield crowd into a frenzy!” - Tyler Pinheiro<br /><br />Thank you Marshfield Student Broadcasting for the extra shots 🎥<br /><br />MCM Coverage of MHS Sports is proudly presented by:<br />Biviano General Contracting<br />REPEL Pest Solutions<br />Road To Responsibility, Inc. <br /><br />#MHSsports #MarshfieldRams #LiveSports #MarshfieldMA #SupportLocalSports #GoRams #BivianoGeneralContracting #REPELPestSolutions #RoadToResponsibility #marshfieldcommunitymedia",Marshfield Community TV,2026-06-30,,basketball,male,,,,Boys Basketball,MHS_Varsity_Boys_Basketball_vs._Duxbury.mp4,1342951,14.7,unreviewed,
InternetArchive,IA:marshtvmav-MHS_Varsity_Boys_Basketball_vs._Duxbury_-_Block_by_Richardson,marshtvmav-MHS_Varsity_Boys_Basketball_vs._Duxbury_-_Block_by_Richardson,https://archive.org/details/marshtvmav-MHS_Varsity_Boys_Basketball_vs._Duxbury_-_Block_by_Richardson,https://archive.org/download/marshtvmav-MHS_Varsity_Boys_Basketball_vs._Duxbury_-_Block_by_Richardson/MHS_Varsity_Boys_Basketball_vs._Duxbury_-_Block_by_Richardson.mp4,MHS Varsity Boys Basketball vs. Duxbury - Block by Richardson,"Richardson with the rejection! 🏀💪<br /><br />Thank you Marshfield Student Broadcasting for the extra shots 🎥<br /><br />MCM Coverage of MHS Sports is proudly presented by:<br />Biviano General Contracting<br />REPEL Pest Solutions<br />Road To Responsibility, Inc. <br /><br />#MHSsports #MarshfieldRams #LiveSports #MarshfieldMA #SupportLocalSports #GoRams #BivianoGeneralContracting #REPELPestSolutions #RoadToResponsibility #marshfieldcommunitymedia",Marshfield Community TV,2026-06-29,,basketball,male,,,,Boys Basketball,MHS_Varsity_Boys_Basketball_vs._Duxbury_-_Block_by_Richardson.mp4,1079153,10.94,unreviewed,
InternetArchive,IA:marshtvmav-MHS_Varsity_Boys_Basketball_vs._Hingham,marshtvmav-MHS_Varsity_Boys_Basketball_vs._Hingham,https://archive.org/details/marshtvmav-MHS_Varsity_Boys_Basketball_vs._Hingham,https://archive.org/download/marshtvmav-MHS_Varsity_Boys_Basketball_vs._Hingham/MHS_Varsity_Boys_Basketball_vs._Hingham.mp4,MHS Varsity Boys Basketball vs. Hingham,"“Ethan Hall - Man of The Night!” Marshfield Student Broadcasting and Marshfield Community Media announcers doubled up the play-by-play coverage during senior night to give you all the angles 🏀<br /><br />Thank you @BeforetheBells for the extra shots 🎥<br /><br />MCM Coverage of MHS Sports is proudly presented by:<br />Biviano General Contracting<br />REPEL Pest Solutions<br />Road To Responsibility, Inc. <br /><br />#MHSsports #MarshfieldRams #LiveSports #MarshfieldMA #SupportLocalSports #GoRams #BivianoGeneralContracting #REPELPestSolutions #RoadToResponsibility #marshfieldcommunitymedia",Marshfield Community TV,2026-06-16,,basketball,male,,,,Boys Basketball,MHS_Varsity_Boys_Basketball_vs._Hingham.mp4,1288909,13.93,unreviewed,
InternetArchive,IA:marshtvmav-MHS_Varsity_Boys_Basketball_vs_Duxbury_Noah_Feldman_with_the_steal,marshtvmav-MHS_Varsity_Boys_Basketball_vs_Duxbury_Noah_Feldman_with_the_steal,https://archive.org/details/marshtvmav-MHS_Varsity_Boys_Basketball_vs_Duxbury_Noah_Feldman_with_the_steal,https://archive.org/download/marshtvmav-MHS_Varsity_Boys_Basketball_vs_Duxbury_Noah_Feldman_with_the_steal/MHS_Varsity_Boys_Basketball_vs_Duxbury_Noah_Feldman_with_the_steal.mp4,MHS Varsity Boys Basketball vs Duxbury Noah Feldman with the steal,"Noah Feldman with the steal! 🏀<br /><br />MCM Coverage of MHS Sports is proudly presented by:<br />Biviano General Contracting <br />REPEL Pest Solutions <br />Road To Responsibility, Inc.<br /><br />#MHSsports #MarshfieldRams #LiveSports #MarshfieldMA #SupportLocalSports #GoRams #BivianoGeneralContracting #REPELPestSolutions #RoadToResponsibility",Marshfield Community TV,2026-04-09,,basketball,male,,,,Boys Basketball,MHS_Varsity_Boys_Basketball_vs_Duxbury_Noah_Feldman_with_the_steal.mp4,1772622,18.34,unreviewed,
InternetArchive,IA:marshtvmav-MHS_Varsity_Boys_Basketball_vs_Plymouth_North,marshtvmav-MHS_Varsity_Boys_Basketball_vs_Plymouth_North,https://archive.org/details/marshtvmav-MHS_Varsity_Boys_Basketball_vs_Plymouth_North,https://archive.org/download/marshtvmav-MHS_Varsity_Boys_Basketball_vs_Plymouth_North/MHS_Varsity_Boys_Basketball_vs_Plymouth_North.mp4,MHS Varsity Boys Basketball vs Plymouth North,"Brody Hession #23 sinks 3 three pointers in the third quarter 🏀<br /><br />MCM Coverage of MHS Sports is proudly presented by:<br />Biviano General Contracting <br />REPEL Pest Solutions <br />Road To Responsibility, Inc.<br /><br />Thank you to @BeforetheBells  for some extra shots!<br /><br />#MHSsports #GoRams #BivianoGeneralContracting #REPELPestSolutions #RoadToResponsibility",Marshfield Community TV,2026-04-24,,basketball,male,,,,Boys Basketball,MHS_Varsity_Boys_Basketball_vs_Plymouth_North.mp4,3592995,36.13,unreviewed,
InternetArchive,IA:marshtvmav-MHS_Varsity_Boys_Basketball_vs_Whitman_Hanson_-_Another_3pt_by_23_Brody_Hession,marshtvmav-MHS_Varsity_Boys_Basketball_vs_Whitman_Hanson_-_Another_3pt_by_23_Brody_Hession,https://archive.org/details/marshtvmav-MHS_Varsity_Boys_Basketball_vs_Whitman_Hanson_-_Another_3pt_by_23_Brody_Hession,https://archive.org/download/marshtvmav-MHS_Varsity_Boys_Basketball_vs_Whitman_Hanson_-_Another_3pt_by_23_Brody_Hession/MHS_Varsity_Boys_Basketball_vs_Whitman_Hanson_-_Another_3pt_by_23_Brody_Hession.mp4,MHS Varsity Boys Basketball vs  Whitman Hanson - Another 3pt by #23 Brody Hession,"Hession stays hot—buries another three off a slick kick-out from Padden 🏀<br /><br />MCM Coverage of MHS Sports is proudly presented by:<br />Biviano General Contracting <br />REPEL Pest Solutions <br />Road To Responsibility, Inc.<br /><br />#MHSsports #MarshfieldRams #LiveSports #MarshfieldMA #SupportLocalSports #GoRams #BivianoGeneralContracting #REPELPestSolutions #RoadToResponsibility",Marshfield Community TV,2026-04-09,,basketball,male,,,,Boys Basketball,MHS_Varsity_Boys_Basketball_vs_Whitman_Hanson_-_Another_3pt_by_23_Brody_Hession.mp4,841935,9.36,unreviewed,
InternetArchive,IA:marshtvmav-MHS_Varsity_Boys_Basketball_vs_Whitman_Hanson_-_Rams_take_the_lead,marshtvmav-MHS_Varsity_Boys_Basketball_vs_Whitman_Hanson_-_Rams_take_the_lead,https://archive.org/details/marshtvmav-MHS_Varsity_Boys_Basketball_vs_Whitman_Hanson_-_Rams_take_the_lead,https://archive.org/download/marshtvmav-MHS_Varsity_Boys_Basketball_vs_Whitman_Hanson_-_Rams_take_the_lead/MHS_Varsity_Boys_Basketball_vs_Whitman_Hanson_-_Rams_take_the_lead.mp4,MHS Varsity Boys Basketball vs Whitman Hanson - Rams take the lead,"Brody Hession flips the game on its head—drains a clutch three and swings the Rams from down one to up two! 🏀<br /><br />MCM Coverage of MHS Sports is proudly presented by:<br />Biviano General Contracting <br />REPEL Pest Solutions <br />Road To Responsibility, Inc.<br /><br />#MHSsports #MarshfieldRams #LiveSports #MarshfieldMA #SupportLocalSports #GoRams #BivianoGeneralContracting #REPELPestSolutions #RoadToResponsibility",Marshfield Community TV,2026-04-09,,basketball,male,,,,Boys Basketball,MHS_Varsity_Boys_Basketball_vs_Whitman_Hanson_-_Rams_take_the_lead.mp4,596689,7.13,unreviewed,
InternetArchive,IA:nrhsme-1996_Nokomis_Regional_High_Boys_Basketball_at_Old_Town_Indians_12-27-96,nrhsme-1996_Nokomis_Regional_High_Boys_Basketball_at_Old_Town_Indians_12-27-96,https://archive.org/details/nrhsme-1996_Nokomis_Regional_High_Boys_Basketball_at_Old_Town_Indians_12-27-96,https://archive.org/download/nrhsme-1996_Nokomis_Regional_High_Boys_Basketball_at_Old_Town_Indians_12-27-96/1996_Nokomis_Regional_High_Boys_Basketball_at_Old_Town_Indians_12-27-96.mp4,1996 Nokomis Regional High Boys Basketball at Old Town Indians 12-27-96,Boys Varsity Basketball<br />Old Tow 74<br />Nokomis 65,Nokomis Regional High,2026-04-15,,basketball,male,,,,Boys Basketball,1996_Nokomis_Regional_High_Boys_Basketball_at_Old_Town_Indians_12-27-96.mp4,576772332,6074.69,unreviewed,
InternetArchive,IA:nrhsme-1997_Nokomis_Regional_High_Boys_Basketball_at_Gardiner_1-9-97,nrhsme-1997_Nokomis_Regional_High_Boys_Basketball_at_Gardiner_1-9-97,https://archive.org/details/nrhsme-1997_Nokomis_Regional_High_Boys_Basketball_at_Gardiner_1-9-97,https://archive.org/download/nrhsme-1997_Nokomis_Regional_High_Boys_Basketball_at_Gardiner_1-9-97/1997_Nokomis_Regional_High_Boys_Basketball_at_Gardiner_1-9-97.mp4,1997 Nokomis Regional High Boys Basketball at Gardiner 1-9-97,Boys Varsity Basketball<br />Gardiner 73<br />Nokomis 57,Nokomis Regional High,2026-04-27,,basketball,male,,,,Boys Basketball,1997_Nokomis_Regional_High_Boys_Basketball_at_Gardiner_1-9-97.mp4,473923560,4905.36,unreviewed,
InternetArchive,IA:nrhsme-1997_Nokomis_Regional_High_Boys_Basketball_at_Hampden_Academy_Broncos_1-11-97,nrhsme-1997_Nokomis_Regional_High_Boys_Basketball_at_Hampden_Academy_Broncos_1-11-97,https://archive.org/details/nrhsme-1997_Nokomis_Regional_High_Boys_Basketball_at_Hampden_Academy_Broncos_1-11-97,https://archive.org/download/nrhsme-1997_Nokomis_Regional_High_Boys_Basketball_at_Hampden_Academy_Broncos_1-11-97/1997_Nokomis_Regional_High_Boys_Basketball_at_Hampden_Academy_Broncos_1-11-97.mp4,1997 Nokomis Regional High Boys Basketball at Hampden Academy Broncos 1-11-97,Boys Varsity Basketball<br />Hampden 72<br />Nokomis 65,Nokomis Regional High,2026-04-10,,basketball,male,,,,Boys Basketball,1997_Nokomis_Regional_High_Boys_Basketball_at_Hampden_Academy_Broncos_1-11-97.mp4,511273970,5265.94,unreviewed,
InternetArchive,IA:nrhsme-1997_Nokomis_Regional_High_Boys_Basketball_vs_Bangor_Rams_2-6-97,nrhsme-1997_Nokomis_Regional_High_Boys_Basketball_vs_Bangor_Rams_2-6-97,https://archive.org/details/nrhsme-1997_Nokomis_Regional_High_Boys_Basketball_vs_Bangor_Rams_2-6-97,https://archive.org/download/nrhsme-1997_Nokomis_Regional_High_Boys_Basketball_vs_Bangor_Rams_2-6-97/1997_Nokomis_Regional_High_Boys_Basketball_vs_Bangor_Rams_2-6-97.mp4,1997 Nokomis Regional High Boys Basketball vs Bangor Rams 2-6-97,Boys Varsity Basketball<br />Bangor Rams 68<br />Nokomis Warriors 52,Nokomis Regional High,2026-04-13,,basketball,male,,,,Boys Basketball,1997_Nokomis_Regional_High_Boys_Basketball_vs_Bangor_Rams_2-6-97.mp4,623431752,6248.42,unreviewed,
InternetArchive,IA:nrhsme-1997_Nokomis_Regional_High_Boys_Basketball_vs_Brewer_Witches_2-18-97,nrhsme-1997_Nokomis_Regional_High_Boys_Basketball_vs_Brewer_Witches_2-18-97,https://archive.org/details/nrhsme-1997_Nokomis_Regional_High_Boys_Basketball_vs_Brewer_Witches_2-18-97,https://archive.org/download/nrhsme-1997_Nokomis_Regional_High_Boys_Basketball_vs_Brewer_Witches_2-18-97/1997_Nokomis_Regional_High_Boys_Basketball_vs_Brewer_Witches_2-18-97.mp4,1997 Nokomis Regional High Boys Basketball vs Brewer Witches 2-18-97,Boys Varsity Basketball<br />Brewer 63<br />Nokomis 52,Nokomis Regional High,2026-04-10,,basketball,male,,,,Boys Basketball,1997_Nokomis_Regional_High_Boys_Basketball_vs_Brewer_Witches_2-18-97.mp4,539908250,5437.91,unreviewed,
InternetArchive,IA:nrhsme-1997_Nokomis_Regional_High_Boys_Basketball_vs_Caribou_Vikings_1-4-97,nrhsme-1997_Nokomis_Regional_High_Boys_Basketball_vs_Caribou_Vikings_1-4-97,https://archive.org/details/nrhsme-1997_Nokomis_Regional_High_Boys_Basketball_vs_Caribou_Vikings_1-4-97,https://archive.org/download/nrhsme-1997_Nokomis_Regional_High_Boys_Basketball_vs_Caribou_Vikings_1-4-97/1997_Nokomis_Regional_High_Boys_Basketball_vs_Caribou_Vikings_1-4-97.mp4,1997 Nokomis Regional High Boys Basketball vs Caribou Vikings 1-4-97,Boys Varsity Basketball<br />Nokomis 78<br />Caribou 75<br />Double Overtime,Nokomis Regional High,2026-04-09,,basketball,male,,,,Boys Basketball,1997_Nokomis_Regional_High_Boys_Basketball_vs_Caribou_Vikings_1-4-97.mp4,777517348,7951.58,unreviewed,
InternetArchive,IA:nrhsme-1997_Nokomis_Regional_High_Boys_Basketball_vs_Old_Town_Indians_2-7-97,nrhsme-1997_Nokomis_Regional_High_Boys_Basketball_vs_Old_Town_Indians_2-7-97,https://archive.org/details/nrhsme-1997_Nokomis_Regional_High_Boys_Basketball_vs_Old_Town_Indians_2-7-97,https://archive.org/download/nrhsme-1997_Nokomis_Regional_High_Boys_Basketball_vs_Old_Town_Indians_2-7-97/1997_Nokomis_Regional_High_Boys_Basketball_vs_Old_Town_Indians_2-7-97.mp4,1997 Nokomis Regional High Boys Basketball vs Old Town Indians 2-7-97,Boys Varsity Basketball<br />Old Town 64<br />Nokomis 61,Nokomis Regional High,2026-04-13,,basketball,male,,,,Boys Basketball,1997_Nokomis_Regional_High_Boys_Basketball_vs_Old_Town_Indians_2-7-97.mp4,534732259,5344.93,unreviewed,
InternetArchive,IA:orcavt-Montpelier_Youth_Sports_-_8th_Grade_Boys_Basketball_1_10_2025,orcavt-Montpelier_Youth_Sports_-_8th_Grade_Boys_Basketball_1_10_2025,https://archive.org/details/orcavt-Montpelier_Youth_Sports_-_8th_Grade_Boys_Basketball_1_10_2025,https://archive.org/download/orcavt-Montpelier_Youth_Sports_-_8th_Grade_Boys_Basketball_1_10_2025/Montpelier_Youth_Sports_-_8th_Grade_Boys_Basketball_1_10_2025.mp4,Montpelier Youth Sports - 8th Grade Boys Basketball 1/10/2025,,ORCA Media,2025-01-17,,basketball,male,youth,,,8th Grade Boys Basketball,Montpelier_Youth_Sports_-_8th_Grade_Boys_Basketball_1_10_2025.mp4,305092365,3150.88,unreviewed,
InternetArchive,IA:orcavt-Montpelier_Youth_Sports_-_8th_Grade_Boys_Basketball_1_15_2025,orcavt-Montpelier_Youth_Sports_-_8th_Grade_Boys_Basketball_1_15_2025,https://archive.org/details/orcavt-Montpelier_Youth_Sports_-_8th_Grade_Boys_Basketball_1_15_2025,https://archive.org/download/orcavt-Montpelier_Youth_Sports_-_8th_Grade_Boys_Basketball_1_15_2025/Montpelier_Youth_Sports_-_8th_Grade_Boys_Basketball_1_15_2025.mp4,Montpelier Youth Sports - 8th Grade Boys Basketball 1/15/2025,,ORCA Media,2025-01-24,,basketball,male,youth,,,8th Grade Boys Basketball,Montpelier_Youth_Sports_-_8th_Grade_Boys_Basketball_1_15_2025.mp4,350539448,3666.48,unreviewed,
InternetArchive,IA:orcavt-Montpelier_Youth_Sports_-_8th_Grade_Boys_Basketball_1_17_2025,orcavt-Montpelier_Youth_Sports_-_8th_Grade_Boys_Basketball_1_17_2025,https://archive.org/details/orcavt-Montpelier_Youth_Sports_-_8th_Grade_Boys_Basketball_1_17_2025,https://archive.org/download/orcavt-Montpelier_Youth_Sports_-_8th_Grade_Boys_Basketball_1_17_2025/Montpelier_Youth_Sports_-_8th_Grade_Boys_Basketball_1_17_2025.mp4,Montpelier Youth Sports - 8th Grade Boys Basketball 1/17/2025,,ORCA Media,2025-01-24,,basketball,male,youth,,,8th Grade Boys Basketball,Montpelier_Youth_Sports_-_8th_Grade_Boys_Basketball_1_17_2025.mp4,278712243,2877.88,unreviewed,
InternetArchive,IA:orcavt-Montpelier_Youth_Sports_-_8th_Grade_Boys_Basketball_vs._Barre_Town_1_15_2026,orcavt-Montpelier_Youth_Sports_-_8th_Grade_Boys_Basketball_vs._Barre_Town_1_15_2026,https://archive.org/details/orcavt-Montpelier_Youth_Sports_-_8th_Grade_Boys_Basketball_vs._Barre_Town_1_15_2026,https://archive.org/download/orcavt-Montpelier_Youth_Sports_-_8th_Grade_Boys_Basketball_vs._Barre_Town_1_15_2026/Montpelier_Youth_Sports_-_8th_Grade_Boys_Basketball_vs._Barre_Town_1_15_2026.mp4,Montpelier Youth Sports - 8th Grade Boys Basketball vs. Barre Town 1/15/2026,,ORCA Media,2026-02-02,,basketball,male,youth,,,8th Grade Boys Basketball,Montpelier_Youth_Sports_-_8th_Grade_Boys_Basketball_vs._Barre_Town_1_15_2026.mp4,292768624,3074.23,unreviewed,
InternetArchive,IA:orcavt-Montpelier_Youth_Sports_-_8th_Grade_Boys_Basketball_vs._Barre_Town_LIVE_1_15_2026_at_5_30P,orcavt-Montpelier_Youth_Sports_-_8th_Grade_Boys_Basketball_vs._Barre_Town_LIVE_1_15_2026_at_5_30P,https://archive.org/details/orcavt-Montpelier_Youth_Sports_-_8th_Grade_Boys_Basketball_vs._Barre_Town_LIVE_1_15_2026_at_5_30P,https://archive.org/download/orcavt-Montpelier_Youth_Sports_-_8th_Grade_Boys_Basketball_vs._Barre_Town_LIVE_1_15_2026_at_5_30P/Montpelier_Youth_Sports_-_8th_Grade_Boys_Basketball_vs._Barre_Town_LIVE_1_15_2026_at_5_30P.mp4,Montpelier Youth Sports: 8th Grade Boys Basketball vs. Barre Town LIVE 1/15/2026 at 5:30PM,,ORCA Media,2026-01-16,,basketball,male,youth,,,8th Grade Boys Basketball,Montpelier_Youth_Sports_-_8th_Grade_Boys_Basketball_vs._Barre_Town_LIVE_1_15_2026_at_5_30P.mp4,360976461,3635.11,unreviewed,
InternetArchive,IA:orcavt-Montpelier_Youth_Sports_-_8th_Grade_Boys_Basketball_vs._CBMS_HU_LIVE_2_2_2026_at_5_30PM,orcavt-Montpelier_Youth_Sports_-_8th_Grade_Boys_Basketball_vs._CBMS_HU_LIVE_2_2_2026_at_5_30PM,https://archive.org/details/orcavt-Montpelier_Youth_Sports_-_8th_Grade_Boys_Basketball_vs._CBMS_HU_LIVE_2_2_2026_at_5_30PM,https://archive.org/download/orcavt-Montpelier_Youth_Sports_-_8th_Grade_Boys_Basketball_vs._CBMS_HU_LIVE_2_2_2026_at_5_30PM/Montpelier_Youth_Sports_-_8th_Grade_Boys_Basketball_vs._CBMS_HU_LIVE_2_2_2026_at_5_30PM.mp4,Montpelier Youth Sports: 8th Grade Boys Basketball vs. CBMS/HU LIVE 2/2/2026 at 5:30PM,,ORCA Media,2026-02-03,,basketball,male,youth,,,8th Grade Boys Basketball,Montpelier_Youth_Sports_-_8th_Grade_Boys_Basketball_vs._CBMS_HU_LIVE_2_2_2026_at_5_30PM.mp4,324589685,3270.11,unreviewed,
InternetArchive,IA:orcavt-Montpelier_Youth_Sports_-_8th_Grade_Boys_Basketball_vs._Lamoille_LIVE_2_4_2026_at_5_30PM,orcavt-Montpelier_Youth_Sports_-_8th_Grade_Boys_Basketball_vs._Lamoille_LIVE_2_4_2026_at_5_30PM,https://archive.org/details/orcavt-Montpelier_Youth_Sports_-_8th_Grade_Boys_Basketball_vs._Lamoille_LIVE_2_4_2026_at_5_30PM,https://archive.org/download/orcavt-Montpelier_Youth_Sports_-_8th_Grade_Boys_Basketball_vs._Lamoille_LIVE_2_4_2026_at_5_30PM/Montpelier_Youth_Sports_-_8th_Grade_Boys_Basketball_vs._Lamoille_LIVE_2_4_2026_at_5_30PM.mp4,Montpelier Youth Sports: 8th Grade Boys Basketball vs. Lamoille LIVE 2/4/2026 at 5:30PM,,ORCA Media,2026-02-05,,basketball,male,youth,,,8th Grade Boys Basketball,Montpelier_Youth_Sports_-_8th_Grade_Boys_Basketball_vs._Lamoille_LIVE_2_4_2026_at_5_30PM.mp4,335983963,3490.1,unreviewed,
InternetArchive,IA:orcavt-Montpelier_Youth_Sports_-_8th_Grade_Boys_Basketball_vs._Peoples_Academy_2_12_2026,orcavt-Montpelier_Youth_Sports_-_8th_Grade_Boys_Basketball_vs._Peoples_Academy_2_12_2026,https://archive.org/details/orcavt-Montpelier_Youth_Sports_-_8th_Grade_Boys_Basketball_vs._Peoples_Academy_2_12_2026,https://archive.org/download/orcavt-Montpelier_Youth_Sports_-_8th_Grade_Boys_Basketball_vs._Peoples_Academy_2_12_2026/Montpelier_Youth_Sports_-_8th_Grade_Boys_Basketball_vs._Peoples_Academy_2_12_2026.mp4,Montpelier Youth Sports - 8th Grade Boys Basketball vs. Peoples Academy 2/12/2026,,ORCA Media,2026-03-25,,basketball,male,youth,,,8th Grade Boys Basketball,Montpelier_Youth_Sports_-_8th_Grade_Boys_Basketball_vs._Peoples_Academy_2_12_2026.mp4,258200904,2711.42,unreviewed,
InternetArchive,IA:orcavt-Montpelier_Youth_Sports_-_8th_Grade_Boys_Basketball_vs._Peoples_Academy_LIVE_2_12_2026_at_,orcavt-Montpelier_Youth_Sports_-_8th_Grade_Boys_Basketball_vs._Peoples_Academy_LIVE_2_12_2026_at_,https://archive.org/details/orcavt-Montpelier_Youth_Sports_-_8th_Grade_Boys_Basketball_vs._Peoples_Academy_LIVE_2_12_2026_at_,https://archive.org/download/orcavt-Montpelier_Youth_Sports_-_8th_Grade_Boys_Basketball_vs._Peoples_Academy_LIVE_2_12_2026_at_/Montpelier_Youth_Sports_-_8th_Grade_Boys_Basketball_vs._Peoples_Academy_LIVE_2_12_2026_at_.mp4,Montpelier Youth Sports: 8th Grade Boys Basketball vs. Peoples Academy LIVE 2/12/2026 at 5:30PM,,ORCA Media,2026-02-13,,basketball,male,youth,,,8th Grade Boys Basketball,Montpelier_Youth_Sports_-_8th_Grade_Boys_Basketball_vs._Peoples_Academy_LIVE_2_12_2026_at_.mp4,293063544,2965.1,unreviewed,
InternetArchive,IA:orcavt-Montpelier_Youth_Sports_-_8th_Grade_Boys_Basketball_vs._U-32_LIVE_1_30_2026_at_5_30PM,orcavt-Montpelier_Youth_Sports_-_8th_Grade_Boys_Basketball_vs._U-32_LIVE_1_30_2026_at_5_30PM,https://archive.org/details/orcavt-Montpelier_Youth_Sports_-_8th_Grade_Boys_Basketball_vs._U-32_LIVE_1_30_2026_at_5_30PM,https://archive.org/download/orcavt-Montpelier_Youth_Sports_-_8th_Grade_Boys_Basketball_vs._U-32_LIVE_1_30_2026_at_5_30PM/Montpelier_Youth_Sports_-_8th_Grade_Boys_Basketball_vs._U-32_LIVE_1_30_2026_at_5_30PM.mp4,Montpelier Youth Sports: 8th Grade Boys Basketball vs. U-32 LIVE 1/30/2026 at 5:30PM,,ORCA Media,2026-01-31,,basketball,male,youth,,,8th Grade Boys Basketball,Montpelier_Youth_Sports_-_8th_Grade_Boys_Basketball_vs._U-32_LIVE_1_30_2026_at_5_30PM.mp4,292615229,2955.13,unreviewed,
InternetArchive,IA:orcavt-Montpelier_Youth_Sports_-_8th_Grade_Boys_Basketball_vs_Crossett_Brook_1_30_2025,orcavt-Montpelier_Youth_Sports_-_8th_Grade_Boys_Basketball_vs_Crossett_Brook_1_30_2025,https://archive.org/details/orcavt-Montpelier_Youth_Sports_-_8th_Grade_Boys_Basketball_vs_Crossett_Brook_1_30_2025,https://archive.org/download/orcavt-Montpelier_Youth_Sports_-_8th_Grade_Boys_Basketball_vs_Crossett_Brook_1_30_2025/Montpelier_Youth_Sports_-_8th_Grade_Boys_Basketball_vs_Crossett_Brook_1_30_2025.mp4,Montpelier Youth Sports - 8th Grade Boys Basketball vs Crossett Brook 1/30/2025,,ORCA Media,2025-02-05,,basketball,male,youth,,,8th Grade Boys Basketball,Montpelier_Youth_Sports_-_8th_Grade_Boys_Basketball_vs_Crossett_Brook_1_30_2025.mp4,273228985,2855.43,unreviewed,
InternetArchive,IA:orcavt-Montpelier_Youth_Sports_-_8th_Grade_Boys_Basketball_vs_Lamoille_1_27_2025,orcavt-Montpelier_Youth_Sports_-_8th_Grade_Boys_Basketball_vs_Lamoille_1_27_2025,https://archive.org/details/orcavt-Montpelier_Youth_Sports_-_8th_Grade_Boys_Basketball_vs_Lamoille_1_27_2025,https://archive.org/download/orcavt-Montpelier_Youth_Sports_-_8th_Grade_Boys_Basketball_vs_Lamoille_1_27_2025/Montpelier_Youth_Sports_-_8th_Grade_Boys_Basketball_vs_Lamoille_1_27_2025.mp4,Montpelier Youth Sports - 8th Grade Boys Basketball vs Lamoille 1/27/2025,,ORCA Media,2025-02-05,,basketball,male,youth,,,8th Grade Boys Basketball,Montpelier_Youth_Sports_-_8th_Grade_Boys_Basketball_vs_Lamoille_1_27_2025.mp4,334531899,3503.71,unreviewed,
InternetArchive,IA:orcavt-Montpelier_Youth_Sports_-_8th_Grade_Boys_Basketball_vs_Mt._Abe_1_31_2025,orcavt-Montpelier_Youth_Sports_-_8th_Grade_Boys_Basketball_vs_Mt._Abe_1_31_2025,https://archive.org/details/orcavt-Montpelier_Youth_Sports_-_8th_Grade_Boys_Basketball_vs_Mt._Abe_1_31_2025,https://archive.org/download/orcavt-Montpelier_Youth_Sports_-_8th_Grade_Boys_Basketball_vs_Mt._Abe_1_31_2025/Montpelier_Youth_Sports_-_8th_Grade_Boys_Basketball_vs_Mt._Abe_1_31_2025.mp4,Montpelier Youth Sports - 8th Grade Boys Basketball vs Mt. Abe 1/31/2025,,ORCA Media,2025-02-10,,basketball,male,youth,,,8th Grade Boys Basketball,Montpelier_Youth_Sports_-_8th_Grade_Boys_Basketball_vs_Mt._Abe_1_31_2025.mp4,283639171,2974.78,unreviewed,
InternetArchive,IA:orcavt-Montpelier_Youth_Sports_-_8th_Grade_Boys_Basketball_vs_Stowe_2_5_2025,orcavt-Montpelier_Youth_Sports_-_8th_Grade_Boys_Basketball_vs_Stowe_2_5_2025,https://archive.org/details/orcavt-Montpelier_Youth_Sports_-_8th_Grade_Boys_Basketball_vs_Stowe_2_5_2025,https://archive.org/download/orcavt-Montpelier_Youth_Sports_-_8th_Grade_Boys_Basketball_vs_Stowe_2_5_2025/Montpelier_Youth_Sports_-_8th_Grade_Boys_Basketball_vs_Stowe_2_5_2025.mp4,Montpelier Youth Sports - 8th Grade Boys Basketball vs Stowe 2/5/2025,,ORCA Media,2025-02-11,,basketball,male,youth,,,8th Grade Boys Basketball,Montpelier_Youth_Sports_-_8th_Grade_Boys_Basketball_vs_Stowe_2_5_2025.mp4,315720555,3299.07,unreviewed,
InternetArchive,IA:pegtvvt-PEGTV_-_Sports_Rewind-Rutland_vs_Otter_Valley_8th_Grade_Boys_Basketball_February_10_2023,pegtvvt-PEGTV_-_Sports_Rewind-Rutland_vs_Otter_Valley_8th_Grade_Boys_Basketball_February_10_2023,https://archive.org/details/pegtvvt-PEGTV_-_Sports_Rewind-Rutland_vs_Otter_Valley_8th_Grade_Boys_Basketball_February_10_2023,https://archive.org/download/pegtvvt-PEGTV_-_Sports_Rewind-Rutland_vs_Otter_Valley_8th_Grade_Boys_Basketball_February_10_2023/PEGTV_-_Sports_Rewind-Rutland_vs_Otter_Valley_8th_Grade_Boys_Basketball_February_10_2023.mp4,"PEGTV: Sports Rewind-Rutland vs Otter Valley 8th Grade Boys Basketball, February 10, 2023","Rutland vs Otter Valley 8th Grade Boys Basketball recorded on February 10, 2023",PEGTV,2023-02-13,,basketball,male,youth,,,8th Grade Boys Basketball,PEGTV_-_Sports_Rewind-Rutland_vs_Otter_Valley_8th_Grade_Boys_Basketball_February_10_2023.mp4,266872700,2808.41,unreviewed,
InternetArchive,IA:pegtvvt-Rutland_vs_Manchester_8th_Grade_Boys_Basketball_-_January_20_2023,pegtvvt-Rutland_vs_Manchester_8th_Grade_Boys_Basketball_-_January_20_2023,https://archive.org/details/pegtvvt-Rutland_vs_Manchester_8th_Grade_Boys_Basketball_-_January_20_2023,https://archive.org/download/pegtvvt-Rutland_vs_Manchester_8th_Grade_Boys_Basketball_-_January_20_2023/Rutland_vs_Manchester_8th_Grade_Boys_Basketball_-_January_20_2023.mp4,"Rutland vs Manchester 8th Grade Boys Basketball - January 20, 2023","Rutland vs Manchester 8th Grade Boys Basketball - January 20, 2023",PEGTV,2023-01-23,,basketball,male,youth,,,8th Grade Boys Basketball,Rutland_vs_Manchester_8th_Grade_Boys_Basketball_-_January_20_2023.mp4,232734732,2449.43,unreviewed,
InternetArchive,IA:pegtvvt-Rutland_vs_Middlebury_8th_Grade_Boys_Basketball_-_January_26_2023,pegtvvt-Rutland_vs_Middlebury_8th_Grade_Boys_Basketball_-_January_26_2023,https://archive.org/details/pegtvvt-Rutland_vs_Middlebury_8th_Grade_Boys_Basketball_-_January_26_2023,https://archive.org/download/pegtvvt-Rutland_vs_Middlebury_8th_Grade_Boys_Basketball_-_January_26_2023/Rutland_vs_Middlebury_8th_Grade_Boys_Basketball_-_January_26_2023.mp4,"Rutland vs Middlebury 8th Grade Boys  Basketball - January 26, 2023","Rutland vs Middlebury 8th Grade Boys  Basketball recorded on January 26, 2023",PEGTV,2023-01-27,,basketball,male,youth,,,8th Grade Boys Basketball,Rutland_vs_Middlebury_8th_Grade_Boys_Basketball_-_January_26_2023.mp4,280387666,2944.76,unreviewed,
InternetArchive,IA:pegtvvt-Rutland_vs_Mt._Anthony_-_8th_Grade_Boys_Basketball_-_January_13_2023,pegtvvt-Rutland_vs_Mt._Anthony_-_8th_Grade_Boys_Basketball_-_January_13_2023,https://archive.org/details/pegtvvt-Rutland_vs_Mt._Anthony_-_8th_Grade_Boys_Basketball_-_January_13_2023,https://archive.org/download/pegtvvt-Rutland_vs_Mt._Anthony_-_8th_Grade_Boys_Basketball_-_January_13_2023/Rutland_vs_Mt._Anthony_-_8th_Grade_Boys_Basketball_-_January_13_2023.mp4,"Rutland vs Mt. Anthony - 8th Grade Boys Basketball - January 13, 2023","Rutland vs Mt. Anthony, 8th Grade Boys Basketball.  Recorded on January 13, 2023.",PEGTV,2023-01-17,,basketball,male,youth,,,8th Grade Boys Basketball,Rutland_vs_Mt._Anthony_-_8th_Grade_Boys_Basketball_-_January_13_2023.mp4,386282024,4039.04,unreviewed,
InternetArchive,IA:teli1ns-Telile_Sports-Boys_Basketball_IMDH_Vs_Guysborough_1998,teli1ns-Telile_Sports-Boys_Basketball_IMDH_Vs_Guysborough_1998,https://archive.org/details/teli1ns-Telile_Sports-Boys_Basketball_IMDH_Vs_Guysborough_1998,https://archive.org/download/teli1ns-Telile_Sports-Boys_Basketball_IMDH_Vs_Guysborough_1998/Telile_Sports-Boys_Basketball_IMDH_Vs_Guysborough_1998.mp4,Telile Sports-Boys Basketball IMDH Vs Guysborough 1998,,TCTV,2026-05-20,,basketball,male,,,,Boys Basketball,Telile_Sports-Boys_Basketball_IMDH_Vs_Guysborough_1998.mp4,458053960,4815.68,unreviewed,
InternetArchive,IA:teli1ns-Telile_Sports-Boys_Basketball_IMDH_Vs_Guysborough_1999,teli1ns-Telile_Sports-Boys_Basketball_IMDH_Vs_Guysborough_1999,https://archive.org/details/teli1ns-Telile_Sports-Boys_Basketball_IMDH_Vs_Guysborough_1999,https://archive.org/download/teli1ns-Telile_Sports-Boys_Basketball_IMDH_Vs_Guysborough_1999/Telile_Sports-Boys_Basketball_IMDH_Vs_Guysborough_1999.mp4,Telile Sports-Boys Basketball IMDH Vs Guysborough 1999,Complete high school basketball game with commentary.,TCTV,2026-06-08,,basketball,male,,,,Boys Basketball,Telile_Sports-Boys_Basketball_IMDH_Vs_Guysborough_1999.mp4,433662303,4552.62,unreviewed,
InternetArchive,IA:teli1ns-Telile_Sports-Boys_Basketball_IMDH_vs_SAERC_Regionals_2000,teli1ns-Telile_Sports-Boys_Basketball_IMDH_vs_SAERC_Regionals_2000,https://archive.org/details/teli1ns-Telile_Sports-Boys_Basketball_IMDH_vs_SAERC_Regionals_2000,https://archive.org/download/teli1ns-Telile_Sports-Boys_Basketball_IMDH_vs_SAERC_Regionals_2000/Telile_Sports-Boys_Basketball_IMDH_vs_SAERC_Regionals_2000.mp4,Telile Sports-Boys Basketball IMDH vs SAERC Regionals 2000,Complete high school basketball game with commentary.,TCTV,2026-06-09,,basketball,male,,,,Boys Basketball,Telile_Sports-Boys_Basketball_IMDH_vs_SAERC_Regionals_2000.mp4,379862886,3981.53,unreviewed,
InternetArchive,IA:witnde-WITN_22_News_Howard_High_Boys_Basketball_Championship_Celebration_April_2026,witnde-WITN_22_News_Howard_High_Boys_Basketball_Championship_Celebration_April_2026,https://archive.org/details/witnde-WITN_22_News_Howard_High_Boys_Basketball_Championship_Celebration_April_2026,https://archive.org/download/witnde-WITN_22_News_Howard_High_Boys_Basketball_Championship_Celebration_April_2026/WITN_22_News_Howard_High_Boys_Basketball_Championship_Celebration_April_2026.mp4,WITN 22 News - Howard High Boys Basketball Championship Celebration - April 2026,A celebration of the 2026 Boys high school state champions was held for the Howard High School of Technology boys basketball team on April 29.,WITN22,2026-04-30,,basketball,male,,,,Boys Basketball,WITN_22_News_Howard_High_Boys_Basketball_Championship_Celebration_April_2026.mp4,10186001,105.56,unreviewed,
InternetArchive,IA:wtvnj-NJSIAA_State_Tournament_Quarterfinal_Boys_Basketball_-_Colonia_vs_Cliffside_Park_March_01_,wtvnj-NJSIAA_State_Tournament_Quarterfinal_Boys_Basketball_-_Colonia_vs_Cliffside_Park_March_01_,https://archive.org/details/wtvnj-NJSIAA_State_Tournament_Quarterfinal_Boys_Basketball_-_Colonia_vs_Cliffside_Park_March_01_,https://archive.org/download/wtvnj-NJSIAA_State_Tournament_Quarterfinal_Boys_Basketball_-_Colonia_vs_Cliffside_Park_March_01_/NJSIAA_State_Tournament_Quarterfinal_Boys_Basketball_-_Colonia_vs_Cliffside_Park_March_01_.mp4,"NJSIAA  State Tournament Quarterfinal - Boys Basketball: Colonia vs Cliffside Park - March 01, 2025","NJSIAA  State Tournament Quarterfinal - Boys Basketball: Colonia vs Cliffside Park - March 01, 2025",WoodbridgeTv,2026-07-28,,basketball,male,,,,Boys Basketball,NJSIAA_State_Tournament_Quarterfinal_Boys_Basketball_-_Colonia_vs_Cliffside_Park_March_01_.mp4,427459454,4391.73,unreviewed,
InternetArchive,IA:Graham_Middle_School_vs._Ega_8th_grade_Girls_Soccer_2.28.13,Graham_Middle_School_vs._Ega_8th_grade_Girls_Soccer_2.28.13,https://archive.org/details/Graham_Middle_School_vs._Ega_8th_grade_Girls_Soccer_2.28.13,https://archive.org/download/Graham_Middle_School_vs._Ega_8th_grade_Girls_Soccer_2.28.13/Graham_Middle_School_vs._Ega_8th_grade_Girls_Soccer_2.28.13.mp4,Graham Middle School vs. Ega 8th grade Girls Soccer 2.28.13,"Graham Middle School vs. Egan Middle School girls soccer of February 28, 2013",KMVT15 Community Media,2013-03-04,,football,female,youth,,,8th Grade Girls Soccer,Graham_Middle_School_vs._Ega_8th_grade_Girls_Soccer_2.28.13.mp4,377458699,3627.4,unreviewed,
InternetArchive,IA:Graham_vs_Hyde_8th_Grade_Girls_Soccer_3.5.13,Graham_vs_Hyde_8th_Grade_Girls_Soccer_3.5.13,https://archive.org/details/Graham_vs_Hyde_8th_Grade_Girls_Soccer_3.5.13,https://archive.org/download/Graham_vs_Hyde_8th_Grade_Girls_Soccer_3.5.13/Graham_vs_Hyde_8th_Grade_Girls_Soccer_3.5.13.mp4,Graham vs Hyde 8th Grade Girls Soccer 3.5.13,Graham vs Hyde 8th Grade Soccer of 3-5-2013,KMVT15 Community Media,2013-03-28,,football,female,youth,,,8th Grade Girls Soccer,Graham_vs_Hyde_8th_Grade_Girls_Soccer_3.5.13.mp4,386943980,3721.35,unreviewed,
InternetArchive,IA:MV_Youth_Voices_-_Miller_Mustangs_vs_Graham_Bears_8th_Grade_Girls_Soccer_March_31st_2015,MV_Youth_Voices_-_Miller_Mustangs_vs_Graham_Bears_8th_Grade_Girls_Soccer_March_31st_2015,https://archive.org/details/MV_Youth_Voices_-_Miller_Mustangs_vs_Graham_Bears_8th_Grade_Girls_Soccer_March_31st_2015,https://archive.org/download/MV_Youth_Voices_-_Miller_Mustangs_vs_Graham_Bears_8th_Grade_Girls_Soccer_March_31st_2015/MV_Youth_Voices_-_Miller_Mustangs_vs_Graham_Bears_8th_Grade_Girls_Soccer_March_31st_2015.mp4,"MV Youth Voices - Miller Mustangs vs Graham Bears 8th Grade Girls Soccer  March 31st, 2015","Miller Mustangs vs Graham Bears 7th/8th Grade Girls Soccer  March 31st, 2015. This program was aired on KMVT15 Community Media.",KMVT15 Community Media,2015-04-02,,football,female,youth,,,8th Grade Girls Soccer,MV_Youth_Voices_-_Miller_Mustangs_vs_Graham_Bears_8th_Grade_Girls_Soccer_March_31st_2015.mp4,597411649,5752.68,unreviewed,
InternetArchive,IA:bctvnh-BHS_Girls_Soccer_Bedford_vs_Goffstown_9_22_26,bctvnh-BHS_Girls_Soccer_Bedford_vs_Goffstown_9_22_26,https://archive.org/details/bctvnh-BHS_Girls_Soccer_Bedford_vs_Goffstown_9_22_26,https://archive.org/download/bctvnh-BHS_Girls_Soccer_Bedford_vs_Goffstown_9_22_26/BHS_Girls_Soccer_Bedford_vs_Goffstown_9_22_26.mp4,BHS Girls Soccer Bedford vs Goffstown 9/22/26,Be sure to subscribe to our channel by clicking on Subscribe button and ring the bell to get updated when we upload a video.\r<br />\r<br />You can also click the link below to subscribe...\r<br />\r<br />https://tinyurl.com/SubscribetoBCTV,Bedford Community Television NH,2026-09-23,,football,female,,,,Girls Soccer,BHS_Girls_Soccer_Bedford_vs_Goffstown_9_22_26.mp4,566799702,5855.66,unreviewed,
InternetArchive,IA:datvsma-Dracut_Girls_Soccer_vs._Chelmsford_9-22-26-xVheYEIytlA,datvsma-Dracut_Girls_Soccer_vs._Chelmsford_9-22-26-xVheYEIytlA,https://archive.org/details/datvsma-Dracut_Girls_Soccer_vs._Chelmsford_9-22-26-xVheYEIytlA,https://archive.org/download/datvsma-Dracut_Girls_Soccer_vs._Chelmsford_9-22-26-xVheYEIytlA/Dracut_Girls_Soccer_vs._Chelmsford_9-22-26-xVheYEIytlA.mp4,Dracut Girls Soccer vs. Chelmsford 9-22-26,,DATV Studios,2026-09-23,,football,female,,,,Girls Soccer,Dracut_Girls_Soccer_vs._Chelmsford_9-22-26-xVheYEIytlA.mp4,551289034,5694.81,unreviewed,
InternetArchive,IA:datvsma-Dracut_Girls_Soccer_vs._Tyngsboro_9-14-26-Y8-J-ELTGfs,datvsma-Dracut_Girls_Soccer_vs._Tyngsboro_9-14-26-Y8-J-ELTGfs,https://archive.org/details/datvsma-Dracut_Girls_Soccer_vs._Tyngsboro_9-14-26-Y8-J-ELTGfs,https://archive.org/download/datvsma-Dracut_Girls_Soccer_vs._Tyngsboro_9-14-26-Y8-J-ELTGfs/Dracut_Girls_Soccer_vs._Tyngsboro_9-14-26-Y8-J-ELTGfs.mp4,Dracut Girls Soccer vs. Tyngsboro 9-14-26,,DATV Studios,2026-09-16,,football,female,,,,Girls Soccer,Dracut_Girls_Soccer_vs._Tyngsboro_9-14-26-Y8-J-ELTGfs.mp4,547376982,5645.05,unreviewed,
InternetArchive,IA:dscma-Dover-Sherborn_Girls_Soccer_vs._Needham_9_11_2026-PJGmcLxE6BM,dscma-Dover-Sherborn_Girls_Soccer_vs._Needham_9_11_2026-PJGmcLxE6BM,https://archive.org/details/dscma-Dover-Sherborn_Girls_Soccer_vs._Needham_9_11_2026-PJGmcLxE6BM,https://archive.org/download/dscma-Dover-Sherborn_Girls_Soccer_vs._Needham_9_11_2026-PJGmcLxE6BM/Dover-Sherborn_Girls_Soccer_vs._Needham_9_11_2026-PJGmcLxE6BM.mp4,Dover-Sherborn Girls Soccer vs. Needham 9/11/2026,,DSCTV,2026-09-16,,football,female,,,,Girls Soccer,Dover-Sherborn_Girls_Soccer_vs._Needham_9_11_2026-PJGmcLxE6BM.mp4,570962595,5942.01,unreviewed,
InternetArchive,IA:dscma-Dover-Sherborn_Girls_Soccer_vs._Norton_9_14_2026-bkim6OTsRZE,dscma-Dover-Sherborn_Girls_Soccer_vs._Norton_9_14_2026-bkim6OTsRZE,https://archive.org/details/dscma-Dover-Sherborn_Girls_Soccer_vs._Norton_9_14_2026-bkim6OTsRZE,https://archive.org/download/dscma-Dover-Sherborn_Girls_Soccer_vs._Norton_9_14_2026-bkim6OTsRZE/Dover-Sherborn_Girls_Soccer_vs._Norton_9_14_2026-bkim6OTsRZE.mp4,Dover-Sherborn Girls Soccer vs. Norton 9/14/2026,,DSCTV,2026-09-16,,football,female,,,,Girls Soccer,Dover-Sherborn_Girls_Soccer_vs._Norton_9_14_2026-bkim6OTsRZE.mp4,580215429,5893.88,unreviewed,
InternetArchive,IA:ecatma-OA_Girls_Soccer_vs_Attleboro_9_17_26-egMJczR9DxE,ecatma-OA_Girls_Soccer_vs_Attleboro_9_17_26-egMJczR9DxE,https://archive.org/details/ecatma-OA_Girls_Soccer_vs_Attleboro_9_17_26-egMJczR9DxE,https://archive.org/download/ecatma-OA_Girls_Soccer_vs_Attleboro_9_17_26-egMJczR9DxE/OA_Girls_Soccer_vs_Attleboro_9_17_26-egMJczR9DxE.mp4,OA Girls Soccer vs Attleboro 9/17/26,"OA Tigers vs Attleboro Bombardiers <br />OA 1 - ATT 0 FINAL<br />Muscato Stadium<br />9/17/26<br />The mission of Easton Community Access Television (ECAT) is to develop and produce educational, cultural and informational community programming for the Town of Easton, MA and to provide an electronic forum for the free exchange of information and ideas which reflect the talents, interests, concerns and diversity of Easton residents.<br />Follow us on Facebook: https://www.facebook.com/eastoncat<br />and Instagram: https://www.instagram.com/eastontv/<br />And check out our website: https://eastoncat.org/<br /><br />You can donate to ECAT here: https://buy.stripe.com/dR69D9atv1HS1DG9AB",ECAT,2026-09-18,,football,female,,,,Girls Soccer,OA_Girls_Soccer_vs_Attleboro_9_17_26-egMJczR9DxE.mp4,545499681,5464.31,unreviewed,
InternetArchive,IA:etvmn-Eagan_Girls_Soccer_vs._Centennial-YrXWc2Y_PhI,etvmn-Eagan_Girls_Soccer_vs._Centennial-YrXWc2Y_PhI,https://archive.org/details/etvmn-Eagan_Girls_Soccer_vs._Centennial-YrXWc2Y_PhI,https://archive.org/download/etvmn-Eagan_Girls_Soccer_vs._Centennial-YrXWc2Y_PhI/Eagan_Girls_Soccer_vs._Centennial-YrXWc2Y_PhI.mp4,Eagan Girls Soccer vs. Centennial,Watch as the Wildcats take on the Centennial Cougars! Kick-off is at 7:00 pm!,Eagan Television,2026-09-23,,football,female,,,,Girls Soccer,Eagan_Girls_Soccer_vs._Centennial-YrXWc2Y_PhI.mp4,629401573,6379.54,unreviewed,
InternetArchive,IA:etvmn-Eagan_Girls_Soccer_vs._Rosemount-tbeGaxFLm-g,etvmn-Eagan_Girls_Soccer_vs._Rosemount-tbeGaxFLm-g,https://archive.org/details/etvmn-Eagan_Girls_Soccer_vs._Rosemount-tbeGaxFLm-g,https://archive.org/download/etvmn-Eagan_Girls_Soccer_vs._Rosemount-tbeGaxFLm-g/Eagan_Girls_Soccer_vs._Rosemount-tbeGaxFLm-g.mp4,Eagan Girls Soccer vs. Rosemount,Watch as the Wildcats take on the Rosemount Irish! Kick-off is at 7:00 pm!,Eagan Television,2026-09-25,,football,female,,,,Girls Soccer,Eagan_Girls_Soccer_vs._Rosemount-tbeGaxFLm-g.mp4,617732106,6355.09,unreviewed,
InternetArchive,IA:gbect-9-15-26_FHS_Girls_Soccer_v_Windham--w2XBnCH7Ig,gbect-9-15-26_FHS_Girls_Soccer_v_Windham--w2XBnCH7Ig,https://archive.org/details/gbect-9-15-26_FHS_Girls_Soccer_v_Windham--w2XBnCH7Ig,https://archive.org/download/gbect-9-15-26_FHS_Girls_Soccer_v_Windham--w2XBnCH7Ig/9-15-26_FHS_Girls_Soccer_v_Windham--w2XBnCH7Ig.mp4,9-15-26 FHS Girls Soccer v Windham,"Some copyrighted music may be blocked. To request the uncut version of any video, please reach out to our email:<br /><br />gps19@groton.k12.ct.us<br /><br />Within your request, be sure to include the link to the video, or provide its full title.",Groton Public Schools - GPS 19,2026-09-16,,football,female,,,,Girls Soccer,9-15-26_FHS_Girls_Soccer_v_Windham--w2XBnCH7Ig.mp4,530116855,5979.84,unreviewed,
InternetArchive,IA:hadleyma-Hopkins_Academy_Girls_Soccer_Vs_Easthampton_-_9-14-26-o0-9uKvvBcU,hadleyma-Hopkins_Academy_Girls_Soccer_Vs_Easthampton_-_9-14-26-o0-9uKvvBcU,https://archive.org/details/hadleyma-Hopkins_Academy_Girls_Soccer_Vs_Easthampton_-_9-14-26-o0-9uKvvBcU,https://archive.org/download/hadleyma-Hopkins_Academy_Girls_Soccer_Vs_Easthampton_-_9-14-26-o0-9uKvvBcU/Hopkins_Academy_Girls_Soccer_Vs_Easthampton_-_9-14-26-o0-9uKvvBcU.mp4,Hopkins Academy Girls Soccer Vs Easthampton: 9-14-26,,Hadley Media,2026-09-15,,football,female,,,,Girls Soccer,Hopkins_Academy_Girls_Soccer_Vs_Easthampton_-_9-14-26-o0-9uKvvBcU.mp4,634035472,6420.39,unreviewed,
InternetArchive,IA:hcamma-Hiller_Varsity_Girls_Soccer_vs_Franklin-5_R7xN4LZyQ,hcamma-Hiller_Varsity_Girls_Soccer_vs_Franklin-5_R7xN4LZyQ,https://archive.org/details/hcamma-Hiller_Varsity_Girls_Soccer_vs_Franklin-5_R7xN4LZyQ,https://archive.org/download/hcamma-Hiller_Varsity_Girls_Soccer_vs_Franklin-5_R7xN4LZyQ/Hiller_Varsity_Girls_Soccer_vs_Franklin-5_R7xN4LZyQ.mp4,Hiller Varsity Girls Soccer vs Franklin,LIVE on September 19th at 10:00 AM,HCAM,2026-09-20,,football,female,,,,Girls Soccer,Hiller_Varsity_Girls_Soccer_vs_Franklin-5_R7xN4LZyQ.mp4,602909770,6208.88,unreviewed,
InternetArchive,IA:hcectvky-Girls_Soccer_-_Meade_County_High_School_vs_John_Hardin_High_School_-_Septe-Q0kXloQCa_I,hcectvky-Girls_Soccer_-_Meade_County_High_School_vs_John_Hardin_High_School_-_Septe-Q0kXloQCa_I,https://archive.org/details/hcectvky-Girls_Soccer_-_Meade_County_High_School_vs_John_Hardin_High_School_-_Septe-Q0kXloQCa_I,,"Girls Soccer - Meade County High School vs John Hardin High School - September 21, 2026",,HCEC-TV,2026-09-24,,football,female,,,,Girls Soccer,,0,0.0,unreviewed,
InternetArchive,IA:hcectvky-Girls_Soccer_John_Hardin_vs_North_Hardin_September_16_2026-H__8oyao_pY,hcectvky-Girls_Soccer_John_Hardin_vs_North_Hardin_September_16_2026-H__8oyao_pY,https://archive.org/details/hcectvky-Girls_Soccer_John_Hardin_vs_North_Hardin_September_16_2026-H__8oyao_pY,https://archive.org/download/hcectvky-Girls_Soccer_John_Hardin_vs_North_Hardin_September_16_2026-H__8oyao_pY/Girls_Soccer_John_Hardin_vs_North_Hardin_September_16_2026-H__8oyao_pY.mp4,"Girls Soccer John Hardin vs North Hardin September 16, 2026",,HCEC-TV,2026-09-22,,football,female,,,,Girls Soccer,Girls_Soccer_John_Hardin_vs_North_Hardin_September_16_2026-H__8oyao_pY.mp4,828031128,8272.92,unreviewed,
InternetArchive,IA:hctvmn-HCTV_SPORTS_-_Hastings_Girls_Soccer_vs_Two_Rivers_Warriors_9.15.26-XviKSeTt_vE,hctvmn-HCTV_SPORTS_-_Hastings_Girls_Soccer_vs_Two_Rivers_Warriors_9.15.26-XviKSeTt_vE,https://archive.org/details/hctvmn-HCTV_SPORTS_-_Hastings_Girls_Soccer_vs_Two_Rivers_Warriors_9.15.26-XviKSeTt_vE,https://archive.org/download/hctvmn-HCTV_SPORTS_-_Hastings_Girls_Soccer_vs_Two_Rivers_Warriors_9.15.26-XviKSeTt_vE/HCTV_SPORTS_-_Hastings_Girls_Soccer_vs_Two_Rivers_Warriors_9.15.26-XviKSeTt_vE.mp4,HCTV SPORTS: Hastings Girls Soccer vs Two Rivers Warriors - 9.15.26,This video was produced by Hastings Community Television.<br />____________________________________________________________<br /><br />Don't forget to check us out on Social Media!<br /><br />Twitter: https://twitter.com/HastingsTV14<br />Facebook: https://www.facebook.com/HastingsCommunityTV<br />Instagram: https://www.instagram.com/hastingstv14/<br />YouTube: https://www.youtube.com/c/HastingsCommunityTV,HCTV,2026-09-17,,football,female,,,,Girls Soccer,HCTV_SPORTS_-_Hastings_Girls_Soccer_vs_Two_Rivers_Warriors_9.15.26-XviKSeTt_vE.mp4,621112994,6394.68,unreviewed,
InternetArchive,IA:icrcoh-Indian_Hill_vs_Mariemont_Girls_Soccer_-_09.16.2026-yaMkH5lmJFQ,icrcoh-Indian_Hill_vs_Mariemont_Girls_Soccer_-_09.16.2026-yaMkH5lmJFQ,https://archive.org/details/icrcoh-Indian_Hill_vs_Mariemont_Girls_Soccer_-_09.16.2026-yaMkH5lmJFQ,https://archive.org/download/icrcoh-Indian_Hill_vs_Mariemont_Girls_Soccer_-_09.16.2026-yaMkH5lmJFQ/Indian_Hill_vs_Mariemont_Girls_Soccer_-_09.16.2026-yaMkH5lmJFQ.mp4,Indian Hill vs Mariemont Girls Soccer - 09.16.2026,"LIVE from Kusel Stadium, Mariemont, OH - September 16th, 2026",ICRC,2026-09-17,,football,female,,,,Girls Soccer,Indian_Hill_vs_Mariemont_Girls_Soccer_-_09.16.2026-yaMkH5lmJFQ.mp4,641158058,6420.02,unreviewed,
InternetArchive,IA:letvma-LCHS_Girls_Soccer_vs_Pioneer_Charter_September_10_2026-JkpPpqqx0FM,letvma-LCHS_Girls_Soccer_vs_Pioneer_Charter_September_10_2026-JkpPpqqx0FM,https://archive.org/details/letvma-LCHS_Girls_Soccer_vs_Pioneer_Charter_September_10_2026-JkpPpqqx0FM,https://archive.org/download/letvma-LCHS_Girls_Soccer_vs_Pioneer_Charter_September_10_2026-JkpPpqqx0FM/LCHS_Girls_Soccer_vs_Pioneer_Charter_September_10_2026-JkpPpqqx0FM.mp4,"LCHS Girls Soccer vs Pioneer Charter September 10, 2026","LCHS Girls Soccer vs Pioneer Charter September 10, 2026",Lynn Educational Television,2026-09-22,,football,female,,,,Girls Soccer,LCHS_Girls_Soccer_vs_Pioneer_Charter_September_10_2026-JkpPpqqx0FM.mp4,526376640,5481.05,unreviewed,
InternetArchive,IA:letvma-LEHS_Girls_Soccer_vs_Revere_September_15_2026--_Bc997q1FI,letvma-LEHS_Girls_Soccer_vs_Revere_September_15_2026--_Bc997q1FI,https://archive.org/details/letvma-LEHS_Girls_Soccer_vs_Revere_September_15_2026--_Bc997q1FI,https://archive.org/download/letvma-LEHS_Girls_Soccer_vs_Revere_September_15_2026--_Bc997q1FI/LEHS_Girls_Soccer_vs_Revere_September_15_2026--_Bc997q1FI.mp4,"LEHS Girls Soccer vs Revere September 15, 2026","LEHS Girls Soccer vs Revere September 15, 2026",Lynn Educational Television,2026-09-22,,football,female,,,,Girls Soccer,LEHS_Girls_Soccer_vs_Revere_September_15_2026--_Bc997q1FI.mp4,493205345,5130.38,unreviewed,
InternetArchive,IA:letvma-LVTI_Girls_Soccer_vs_Innovation_September_10_2026-A_nk91OP7mc,letvma-LVTI_Girls_Soccer_vs_Innovation_September_10_2026-A_nk91OP7mc,https://archive.org/details/letvma-LVTI_Girls_Soccer_vs_Innovation_September_10_2026-A_nk91OP7mc,https://archive.org/download/letvma-LVTI_Girls_Soccer_vs_Innovation_September_10_2026-A_nk91OP7mc/LVTI_Girls_Soccer_vs_Innovation_September_10_2026-A_nk91OP7mc.mp4,"LVTI Girls Soccer vs Innovation September 10, 2026","LVTI Girls Soccer vs Innovation September 10, 2026",Lynn Educational Television,2026-09-22,,football,female,,,,Girls Soccer,LVTI_Girls_Soccer_vs_Innovation_September_10_2026-A_nk91OP7mc.mp4,441750528,4559.48,unreviewed,
InternetArchive,IA:letvma-Lynn_City_Girls_Soccer_Tournament_LCHS_vs_LEHS_September_12_2026-9h85vXT0fHk,letvma-Lynn_City_Girls_Soccer_Tournament_LCHS_vs_LEHS_September_12_2026-9h85vXT0fHk,https://archive.org/details/letvma-Lynn_City_Girls_Soccer_Tournament_LCHS_vs_LEHS_September_12_2026-9h85vXT0fHk,https://archive.org/download/letvma-Lynn_City_Girls_Soccer_Tournament_LCHS_vs_LEHS_September_12_2026-9h85vXT0fHk/Lynn_City_Girls_Soccer_Tournament_LCHS_vs_LEHS_September_12_2026-9h85vXT0fHk.mp4,"Lynn City Girls Soccer Tournament LCHS vs LEHS September 12, 2026","Lynn City Girls Soccer Tournament LCHS vs LEHS September 12, 2026",Lynn Educational Television,2026-09-17,,football,female,,,,Girls Soccer,Lynn_City_Girls_Soccer_Tournament_LCHS_vs_LEHS_September_12_2026-9h85vXT0fHk.mp4,522640604,5430.59,unreviewed,
InternetArchive,IA:letvma-Lynn_City_Girls_Soccer_Tournament_LEHS_vs_LVTI_Sept_9_2026-1NqvUiI1Qn8,letvma-Lynn_City_Girls_Soccer_Tournament_LEHS_vs_LVTI_Sept_9_2026-1NqvUiI1Qn8,https://archive.org/details/letvma-Lynn_City_Girls_Soccer_Tournament_LEHS_vs_LVTI_Sept_9_2026-1NqvUiI1Qn8,https://archive.org/download/letvma-Lynn_City_Girls_Soccer_Tournament_LEHS_vs_LVTI_Sept_9_2026-1NqvUiI1Qn8/Lynn_City_Girls_Soccer_Tournament_LEHS_vs_LVTI_Sept_9_2026-1NqvUiI1Qn8.mp4,"Lynn City Girls Soccer Tournament LEHS vs LVTI Sept  9, 2026","Lynn City Girls Soccer Tournament LEHS vs LVTI Sept  9, 2026",Lynn Educational Television,2026-09-16,,football,female,,,,Girls Soccer,Lynn_City_Girls_Soccer_Tournament_LEHS_vs_LVTI_Sept_9_2026-1NqvUiI1Qn8.mp4,472024371,4918.43,unreviewed,
InternetArchive,IA:letvma-Lynn_City_Girls_Soccer_Tournament_SMHS_vs_LCHS_Sept_9_2026-u7OwI2wG4ZE,letvma-Lynn_City_Girls_Soccer_Tournament_SMHS_vs_LCHS_Sept_9_2026-u7OwI2wG4ZE,https://archive.org/details/letvma-Lynn_City_Girls_Soccer_Tournament_SMHS_vs_LCHS_Sept_9_2026-u7OwI2wG4ZE,https://archive.org/download/letvma-Lynn_City_Girls_Soccer_Tournament_SMHS_vs_LCHS_Sept_9_2026-u7OwI2wG4ZE/Lynn_City_Girls_Soccer_Tournament_SMHS_vs_LCHS_Sept_9_2026-u7OwI2wG4ZE.mp4,"Lynn City Girls Soccer Tournament SMHS vs LCHS Sept  9, 2026","Lynn City Girls Soccer Tournament SMHS vs LCHS Sept  9, 2026",Lynn Educational Television,2026-09-17,,football,female,,,,Girls Soccer,Lynn_City_Girls_Soccer_Tournament_SMHS_vs_LCHS_Sept_9_2026-u7OwI2wG4ZE.mp4,466758595,4867.21,unreviewed,
InternetArchive,IA:letvma-Lynn_City_Girls_Soccer_Tournament_SMHS_vs_LVTI_September_12_2026-uDUc8tnGrrU,letvma-Lynn_City_Girls_Soccer_Tournament_SMHS_vs_LVTI_September_12_2026-uDUc8tnGrrU,https://archive.org/details/letvma-Lynn_City_Girls_Soccer_Tournament_SMHS_vs_LVTI_September_12_2026-uDUc8tnGrrU,https://archive.org/download/letvma-Lynn_City_Girls_Soccer_Tournament_SMHS_vs_LVTI_September_12_2026-uDUc8tnGrrU/Lynn_City_Girls_Soccer_Tournament_SMHS_vs_LVTI_September_12_2026-uDUc8tnGrrU.mp4,"Lynn City Girls Soccer Tournament SMHS vs LVTI September 12, 2026","Lynn City Girls Soccer Tournament SMHS vs LVTI September 12, 2026",Lynn Educational Television,2026-09-17,,football,female,,,,Girls Soccer,Lynn_City_Girls_Soccer_Tournament_SMHS_vs_LVTI_September_12_2026-uDUc8tnGrrU.mp4,493713863,5145.29,unreviewed,
InternetArchive,IA:letvma-SMHS_Girls_Soccer_vs_Bishop_Fenwick_September_16_2026-nHlDZaDzGas,letvma-SMHS_Girls_Soccer_vs_Bishop_Fenwick_September_16_2026-nHlDZaDzGas,https://archive.org/details/letvma-SMHS_Girls_Soccer_vs_Bishop_Fenwick_September_16_2026-nHlDZaDzGas,https://archive.org/download/letvma-SMHS_Girls_Soccer_vs_Bishop_Fenwick_September_16_2026-nHlDZaDzGas/SMHS_Girls_Soccer_vs_Bishop_Fenwick_September_16_2026-nHlDZaDzGas.mp4,"SMHS Girls Soccer vs Bishop Fenwick September 16, 2026","SMHS Girls Soccer vs Bishop Fenwick September 16, 2026",Lynn Educational Television,2026-09-22,,football,female,,,,Girls Soccer,SMHS_Girls_Soccer_vs_Bishop_Fenwick_September_16_2026-nHlDZaDzGas.mp4,490595592,5108.18,unreviewed,
InternetArchive,IA:lictvma-LHS_Girls_Soccer_vs_Bromfield_-_Sept_24_2026-FaJ8icQJMtU,lictvma-LHS_Girls_Soccer_vs_Bromfield_-_Sept_24_2026-FaJ8icQJMtU,https://archive.org/details/lictvma-LHS_Girls_Soccer_vs_Bromfield_-_Sept_24_2026-FaJ8icQJMtU,https://archive.org/download/lictvma-LHS_Girls_Soccer_vs_Bromfield_-_Sept_24_2026-FaJ8icQJMtU/LHS_Girls_Soccer_vs_Bromfield_-_Sept_24_2026-FaJ8icQJMtU.mp4,"LHS Girls Soccer vs Bromfield - Sept 24, 2026","LHS Girls Soccer vs Bromfield - Sept 24, 2026",Littleton Community Television - LCTV,2026-09-25,,football,female,,,,Girls Soccer,LHS_Girls_Soccer_vs_Bromfield_-_Sept_24_2026-FaJ8icQJMtU.mp4,579569553,5822.15,unreviewed,
InternetArchive,IA:lictvma-LHS_Girls_Soccer_vs_Bromfield_6_30pm-qU5XGHEQOrE,lictvma-LHS_Girls_Soccer_vs_Bromfield_6_30pm-qU5XGHEQOrE,https://archive.org/details/lictvma-LHS_Girls_Soccer_vs_Bromfield_6_30pm-qU5XGHEQOrE,https://archive.org/download/lictvma-LHS_Girls_Soccer_vs_Bromfield_6_30pm-qU5XGHEQOrE/LHS_Girls_Soccer_vs_Bromfield_6_30pm-qU5XGHEQOrE.mp4,LHS Girls Soccer vs Bromfield 6:30pm,,Littleton Community Television - LCTV,2026-09-25,,football,female,,,,Girls Soccer,LHS_Girls_Soccer_vs_Bromfield_6_30pm-qU5XGHEQOrE.mp4,654208496,6531.08,unreviewed,
InternetArchive,IA:marshtvmav-Varsity_Girls_Soccer_LIVE_vs_Plymouth_South-2RVLTXvHwhQ,marshtvmav-Varsity_Girls_Soccer_LIVE_vs_Plymouth_South-2RVLTXvHwhQ,https://archive.org/details/marshtvmav-Varsity_Girls_Soccer_LIVE_vs_Plymouth_South-2RVLTXvHwhQ,https://archive.org/download/marshtvmav-Varsity_Girls_Soccer_LIVE_vs_Plymouth_South-2RVLTXvHwhQ/Varsity_Girls_Soccer_LIVE_vs_Plymouth_South-2RVLTXvHwhQ.mp4,Varsity Girls Soccer // LIVE vs Plymouth South,The Rams take on the Panthers on James G. Anderson Field<br /><br />MCM Coverage of MHS Sports is proudly presented by:<br />Biviano General Contracting<br />The Genesis Fit<br />Repel Pest Solutions<br />Next Gen Artisans<br />Marshfield Physical Therapy<br /><br />Play-by-play provided by Ben Wilson<br />Camerawork by Heather Allen,Marshfield Community TV,2026-09-23,,football,female,,,,Girls Soccer,Varsity_Girls_Soccer_LIVE_vs_Plymouth_South-2RVLTXvHwhQ.mp4,541170215,5476.66,unreviewed,
InternetArchive,IA:marshtvmav-Varsity_Girls_Soccer_LIVE_vs_Plymouth_South-SOilnZBY-T4,marshtvmav-Varsity_Girls_Soccer_LIVE_vs_Plymouth_South-SOilnZBY-T4,https://archive.org/details/marshtvmav-Varsity_Girls_Soccer_LIVE_vs_Plymouth_South-SOilnZBY-T4,https://archive.org/download/marshtvmav-Varsity_Girls_Soccer_LIVE_vs_Plymouth_South-SOilnZBY-T4/Varsity_Girls_Soccer_LIVE_vs_Plymouth_South-SOilnZBY-T4.mp4,Varsity Girls Soccer // LIVE vs Plymouth South,The Rams take on the Panthers on James G. Anderson Field<br /><br />MCM Coverage of MHS Sports is proudly presented by:<br />Biviano General Contracting<br />The Genesis Fit<br />Repel Pest Solutions<br />Next Gen Artisans<br />Marshfield Physical Therapy<br /><br />Play-by-play provided by Ben Wilson<br />Camerawork by Heather Allen,Marshfield Community TV,2026-09-22,,football,female,,,,Girls Soccer,Varsity_Girls_Soccer_LIVE_vs_Plymouth_South-SOilnZBY-T4.mp4,103820814,1056.93,unreviewed,
InternetArchive,IA:marshtvmav-Varsity_Girls_Soccer_LIVE_vs_Scituate-WzE0oUQTzuk,marshtvmav-Varsity_Girls_Soccer_LIVE_vs_Scituate-WzE0oUQTzuk,https://archive.org/details/marshtvmav-Varsity_Girls_Soccer_LIVE_vs_Scituate-WzE0oUQTzuk,https://archive.org/download/marshtvmav-Varsity_Girls_Soccer_LIVE_vs_Scituate-WzE0oUQTzuk/Varsity_Girls_Soccer_LIVE_vs_Scituate-WzE0oUQTzuk.mp4,Varsity Girls Soccer // LIVE vs Scituate,The Rams are facing off against the Scituate Sailors at home<br /><br />MCM Coverage of MHS Sports is proudly presented by:<br />Biviano General Contracting<br />Repel Pest Solutions<br />The Genesis Fit<br />Next Gen Artisans<br />Marshfield Physical Therapy<br /><br />Camerawork by Charlie Bioty<br />Directed by Sean Leary,Marshfield Community TV,2026-09-16,,football,female,,,,Girls Soccer,Varsity_Girls_Soccer_LIVE_vs_Scituate-WzE0oUQTzuk.mp4,613593274,6425.4,unreviewed,
InternetArchive,IA:miltvma-Milford_Scarlet_Hawks_Girls_Soccer_-_September_22_2026_vs_Taunton-NLZS0Hk6MUY,miltvma-Milford_Scarlet_Hawks_Girls_Soccer_-_September_22_2026_vs_Taunton-NLZS0Hk6MUY,https://archive.org/details/miltvma-Milford_Scarlet_Hawks_Girls_Soccer_-_September_22_2026_vs_Taunton-NLZS0Hk6MUY,https://archive.org/download/miltvma-Milford_Scarlet_Hawks_Girls_Soccer_-_September_22_2026_vs_Taunton-NLZS0Hk6MUY/Milford_Scarlet_Hawks_Girls_Soccer_-_September_22_2026_vs_Taunton-NLZS0Hk6MUY.mp4,"Milford Scarlet Hawks Girls Soccer - September 22, 2026 vs Taunton",Varsity Girl Soccer Live Stream - Presented by The Rail Trail Flatbread Co. <br />https://www.railtrailflatbread.com/order-now<br /><br />Live coverage from the Rentschler Biopharma Broadcast Booth<br />https://www.rentschler-biopharma.com/en-us/company/milford/<br /><br />Game Time Temperature Sponsor - Red Heat Tavern<br />https://redheattavern.com/locations/red-heat-american-tavern-restaurant-ma/milford/<br /><br />Official Apparel Sponsor - The Embroidery Bar<br />https://theembroidery-bar.com/<br /><br />General Sponsors - Unibank & Postmark Postal<br />https://www.unibank.com/milford<br />https://www.postmarkpostal.com/,Milford TV,2026-09-23,,football,female,,,,Girls Soccer,Milford_Scarlet_Hawks_Girls_Soccer_-_September_22_2026_vs_Taunton-NLZS0Hk6MUY.mp4,662302787,6845.1,unreviewed,
InternetArchive,IA:nektvvt-ncuhs_girls_soccer_vs_Spaulding_19_Sept_2026-k5uIV-rBbSE,nektvvt-ncuhs_girls_soccer_vs_Spaulding_19_Sept_2026-k5uIV-rBbSE,https://archive.org/details/nektvvt-ncuhs_girls_soccer_vs_Spaulding_19_Sept_2026-k5uIV-rBbSE,https://archive.org/download/nektvvt-ncuhs_girls_soccer_vs_Spaulding_19_Sept_2026-k5uIV-rBbSE/ncuhs_girls_soccer_vs_Spaulding_19_Sept_2026-k5uIV-rBbSE.mp4,ncuhs girls soccer vs Spaulding 19 Sept 2026,"North Country Union High School girls soccer recorded 19 Sept 2026 at Veterans Field in Newport, VT.",Northeast Kingdom Television VT,2026-09-21,,football,female,,,,Girls Soccer,ncuhs_girls_soccer_vs_Spaulding_19_Sept_2026-k5uIV-rBbSE.mp4,491600370,5129.15,unreviewed,
InternetArchive,IA:scctvmn-HS_Girls_Soccer_-_8_White_Bear_Lake_vs._East_Ridge_-_September_24_2026-b6iEXBO_OUI,scctvmn-HS_Girls_Soccer_-_8_White_Bear_Lake_vs._East_Ridge_-_September_24_2026-b6iEXBO_OUI,https://archive.org/details/scctvmn-HS_Girls_Soccer_-_8_White_Bear_Lake_vs._East_Ridge_-_September_24_2026-b6iEXBO_OUI,https://archive.org/download/scctvmn-HS_Girls_Soccer_-_8_White_Bear_Lake_vs._East_Ridge_-_September_24_2026-b6iEXBO_OUI/HS_Girls_Soccer_-_8_White_Bear_Lake_vs._East_Ridge_-_September_24_2026-b6iEXBO_OUI.mp4,"HS Girls Soccer - #8 White Bear Lake vs. East Ridge - September 24, 2026","#8 3A White Bear Lake Bears vs. East Ridge Raptors<br />White Bear Lake Area High School - White Bear Lake, MN<br /><br />Check us out Online!<br />X - https://X.com/SCCTVSports<br />Facebook - https://www.facebook.com/scctv/<br />Instagram - https://www.instagram.com/scctv/<br />Website - https://scctv.org/",Suburban Community Channels,2026-09-25,,football,female,,,,Girls Soccer,HS_Girls_Soccer_-_8_White_Bear_Lake_vs._East_Ridge_-_September_24_2026-b6iEXBO_OUI.mp4,690945536,7215.07,unreviewed,
InternetArchive,IA:scctvmn-HS_Girls_Soccer_-_Tartan_vs._7_South_St._Paul_-_September_22_2026-6o3ebCMBAbM,scctvmn-HS_Girls_Soccer_-_Tartan_vs._7_South_St._Paul_-_September_22_2026-6o3ebCMBAbM,https://archive.org/details/scctvmn-HS_Girls_Soccer_-_Tartan_vs._7_South_St._Paul_-_September_22_2026-6o3ebCMBAbM,https://archive.org/download/scctvmn-HS_Girls_Soccer_-_Tartan_vs._7_South_St._Paul_-_September_22_2026-6o3ebCMBAbM/HS_Girls_Soccer_-_Tartan_vs._7_South_St._Paul_-_September_22_2026-6o3ebCMBAbM.mp4,"HS Girls Soccer - Tartan vs. #7 South St. Paul - September 22, 2026","Tartan Titans vs. #7 AA South St. Paul Packers<br />Tartan High School - Oakdale, MN<br /><br />Check us out Online!<br />X - https://X.com/SCCTVSports<br />Facebook - https://www.facebook.com/scctv/<br />Instagram - https://www.instagram.com/scctv/<br />Website - https://scctv.org/",Suburban Community Channels,2026-09-23,,football,female,,,,Girls Soccer,HS_Girls_Soccer_-_Tartan_vs._7_South_St._Paul_-_September_22_2026-6o3ebCMBAbM.mp4,593265166,6150.8,unreviewed,
InternetArchive,IA:scctvmn-HS_Girls_Soccer_-_Tartan_vs._7_South_St._Paul_-_September_22_2026-ofgLsXm4EeI,scctvmn-HS_Girls_Soccer_-_Tartan_vs._7_South_St._Paul_-_September_22_2026-ofgLsXm4EeI,https://archive.org/details/scctvmn-HS_Girls_Soccer_-_Tartan_vs._7_South_St._Paul_-_September_22_2026-ofgLsXm4EeI,https://archive.org/download/scctvmn-HS_Girls_Soccer_-_Tartan_vs._7_South_St._Paul_-_September_22_2026-ofgLsXm4EeI/HS_Girls_Soccer_-_Tartan_vs._7_South_St._Paul_-_September_22_2026-ofgLsXm4EeI.mp4,"HS Girls Soccer - Tartan vs. #7 South St. Paul - September 22, 2026","Tartan Titans vs. #7 AA South St. Paul Packers<br />Tartan High School - Oakdale, MN<br /><br />Check us out Online!<br />X - https://X.com/SCCTVSports<br />Facebook - https://www.facebook.com/scctv/<br />Instagram - https://www.instagram.com/scctv/<br />Website - https://scctv.org/",Suburban Community Channels,2026-09-22,,football,female,,,,Girls Soccer,HS_Girls_Soccer_-_Tartan_vs._7_South_St._Paul_-_September_22_2026-ofgLsXm4EeI.mp4,672934550,6810.09,unreviewed,
InternetArchive,IA:sedtvma-Somerville_Girls_Soccer_vs_Malden_9-15-26-Q0Z8S3Jw3oo,sedtvma-Somerville_Girls_Soccer_vs_Malden_9-15-26-Q0Z8S3Jw3oo,https://archive.org/details/sedtvma-Somerville_Girls_Soccer_vs_Malden_9-15-26-Q0Z8S3Jw3oo,https://archive.org/download/sedtvma-Somerville_Girls_Soccer_vs_Malden_9-15-26-Q0Z8S3Jw3oo/Somerville_Girls_Soccer_vs_Malden_9-15-26-Q0Z8S3Jw3oo.mp4,Somerville Girls' Soccer vs Malden 9-15-26,"GBL Varsity Volleyball<br />Malden Golden Tornados vs Somerville Highlanders<br />September 15, 2026<br />Commentary by Todd Harmon<br /><br />F<br />MAL  1<br />SOM  4<br /><br />Music by Purple Planet",Somerville EdTV,2026-09-16,,football,female,,,,Girls Soccer,Somerville_Girls_Soccer_vs_Malden_9-15-26-Q0Z8S3Jw3oo.mp4,554212599,5732.61,unreviewed,
InternetArchive,IA:sedtvma-Tufts_Soccer_Classic_-_Somerville_Girls_Soccer_vs_Medford_9-17-26-j60-a7gIfiY,sedtvma-Tufts_Soccer_Classic_-_Somerville_Girls_Soccer_vs_Medford_9-17-26-j60-a7gIfiY,https://archive.org/details/sedtvma-Tufts_Soccer_Classic_-_Somerville_Girls_Soccer_vs_Medford_9-17-26-j60-a7gIfiY,https://archive.org/download/sedtvma-Tufts_Soccer_Classic_-_Somerville_Girls_Soccer_vs_Medford_9-17-26-j60-a7gIfiY/Tufts_Soccer_Classic_-_Somerville_Girls_Soccer_vs_Medford_9-17-26-j60-a7gIfiY.mp4,Tufts Soccer Classic: Somerville Girls' Soccer vs Medford 9-17-26,"TUFTS SOCCER CLASSIC 2026<br />GBL Girls' Varsity Soccer<br />Medford  Mustangs vs Somerville Highlanders<br />September 17, 2026 • Bello Field - Tufts University<br />Commentary by Todd Harmon with Somerville Mayor Jake Wilson<br /><br />F<br />MED  0<br />SOM  4<br /><br />Music by Purple Planet",Somerville EdTV,2026-09-18,,football,female,,,,Girls Soccer,Tufts_Soccer_Classic_-_Somerville_Girls_Soccer_vs_Medford_9-17-26-j60-a7gIfiY.mp4,622917154,6386.39,unreviewed,
InternetArchive,IA:tbcama-Brockton_High_School_Girls_Soccer_vs_Abington_High_School_9-24-26-AJUDAiPfdJU,tbcama-Brockton_High_School_Girls_Soccer_vs_Abington_High_School_9-24-26-AJUDAiPfdJU,https://archive.org/details/tbcama-Brockton_High_School_Girls_Soccer_vs_Abington_High_School_9-24-26-AJUDAiPfdJU,https://archive.org/download/tbcama-Brockton_High_School_Girls_Soccer_vs_Abington_High_School_9-24-26-AJUDAiPfdJU/Brockton_High_School_Girls_Soccer_vs_Abington_High_School_9-24-26-AJUDAiPfdJU.mp4,Brockton High School Girls Soccer vs Abington High School 9-24-26,"Brockton Boxers vs Abington Green Wave at Marciano Stadium at Brockton High School<br />Live Stream<br />September 24th, 2026",Brockton Community Access,2026-09-24,,football,female,,,,Girls Soccer,Brockton_High_School_Girls_Soccer_vs_Abington_High_School_9-24-26-AJUDAiPfdJU.mp4,612056890,6192.65,unreviewed,
InternetArchive,IA:tbcama-Brockton_High_School_Girls_Soccer_vs_Sharon_High_School_09-15-26-LZe9gh-wTqA,tbcama-Brockton_High_School_Girls_Soccer_vs_Sharon_High_School_09-15-26-LZe9gh-wTqA,https://archive.org/details/tbcama-Brockton_High_School_Girls_Soccer_vs_Sharon_High_School_09-15-26-LZe9gh-wTqA,https://archive.org/download/tbcama-Brockton_High_School_Girls_Soccer_vs_Sharon_High_School_09-15-26-LZe9gh-wTqA/Brockton_High_School_Girls_Soccer_vs_Sharon_High_School_09-15-26-LZe9gh-wTqA.mp4,Brockton High School Girls Soccer vs Sharon High School 09-15-26,"Brockton Boxers vs Sharon Eagles at Marciano Stadium at Brockton High School<br />Live Stream<br />September 15th, 2026",Brockton Community Access,2026-09-15,,football,female,,,,Girls Soccer,Brockton_High_School_Girls_Soccer_vs_Sharon_High_School_09-15-26-LZe9gh-wTqA.mp4,642191702,6367.86,unreviewed,
InternetArchive,IA:tewkstvma-TMHS_Girls_Soccer_vs_Lowell_-_9_17_26_V-04-B0P6s8dU,tewkstvma-TMHS_Girls_Soccer_vs_Lowell_-_9_17_26_V-04-B0P6s8dU,https://archive.org/details/tewkstvma-TMHS_Girls_Soccer_vs_Lowell_-_9_17_26_V-04-B0P6s8dU,https://archive.org/download/tewkstvma-TMHS_Girls_Soccer_vs_Lowell_-_9_17_26_V-04-B0P6s8dU/TMHS_Girls_Soccer_vs_Lowell_-_9_17_26_V-04-B0P6s8dU.mp4,TMHS Girls Soccer vs Lowell - 9/17/26 (V),,TewksburyTV,2026-09-18,,football,female,,,,Girls Soccer,TMHS_Girls_Soccer_vs_Lowell_-_9_17_26_V-04-B0P6s8dU.mp4,483533835,5012.82,unreviewed,
InternetArchive,IA:thsnj-9_22_26_Girls_Soccer_vs_Paramus-HgLixB5Vjt4,thsnj-9_22_26_Girls_Soccer_vs_Paramus-HgLixB5Vjt4,https://archive.org/details/thsnj-9_22_26_Girls_Soccer_vs_Paramus-HgLixB5Vjt4,https://archive.org/download/thsnj-9_22_26_Girls_Soccer_vs_Paramus-HgLixB5Vjt4/9_22_26_Girls_Soccer_vs_Paramus-HgLixB5Vjt4.mp4,9/22/26 Girls Soccer vs Paramus,,Channel 77 ,2026-09-22,,football,female,,,,Girls Soccer,9_22_26_Girls_Soccer_vs_Paramus-HgLixB5Vjt4.mp4,556723776,5803.74,unreviewed,
InternetArchive,IA:thsnj-Girls_Soccer_Expectations_2026-vaHONzZ0ZHw,thsnj-Girls_Soccer_Expectations_2026-vaHONzZ0ZHw,https://archive.org/details/thsnj-Girls_Soccer_Expectations_2026-vaHONzZ0ZHw,https://archive.org/download/thsnj-Girls_Soccer_Expectations_2026-vaHONzZ0ZHw/Girls_Soccer_Expectations_2026-vaHONzZ0ZHw.mp4,Girls Soccer Expectations 2026,,Channel 77 ,2026-09-22,,football,female,,,,Girls Soccer,Girls_Soccer_Expectations_2026-vaHONzZ0ZHw.mp4,8400879,87.52,unreviewed,
InternetArchive,IA:bcamma-BHS_Boys_Soccer_vs_Walpole_9_15_26_LIVE_at_4pm-optj1EAJpo0,bcamma-BHS_Boys_Soccer_vs_Walpole_9_15_26_LIVE_at_4pm-optj1EAJpo0,https://archive.org/details/bcamma-BHS_Boys_Soccer_vs_Walpole_9_15_26_LIVE_at_4pm-optj1EAJpo0,https://archive.org/download/bcamma-BHS_Boys_Soccer_vs_Walpole_9_15_26_LIVE_at_4pm-optj1EAJpo0/BHS_Boys_Soccer_vs_Walpole_9_15_26_LIVE_at_4pm-optj1EAJpo0.mp4,BHS Boys Soccer vs Walpole 9/15/26 LIVE @ 4pm,BHS Boys Soccer vs Walpole 9/15/26 LIVE @ 4pm,BCAM-TV,2026-09-15,,football,male,,,,Boys Soccer,BHS_Boys_Soccer_vs_Walpole_9_15_26_LIVE_at_4pm-optj1EAJpo0.mp4,616885745,6046.05,unreviewed,
InternetArchive,IA:bcamma-BHS_Boys_Soccer_vs_Walpole_9_22_26_LIVE_at_4_00pm-LfA5JAu4yjY,bcamma-BHS_Boys_Soccer_vs_Walpole_9_22_26_LIVE_at_4_00pm-LfA5JAu4yjY,https://archive.org/details/bcamma-BHS_Boys_Soccer_vs_Walpole_9_22_26_LIVE_at_4_00pm-LfA5JAu4yjY,https://archive.org/download/bcamma-BHS_Boys_Soccer_vs_Walpole_9_22_26_LIVE_at_4_00pm-LfA5JAu4yjY/BHS_Boys_Soccer_vs_Walpole_9_22_26_LIVE_at_4_00pm-LfA5JAu4yjY.mp4,BHS Boys Soccer vs Walpole 9/22/26 LIVE @ 4:00pm,BHS Boys Soccer vs Walpole 9/22/26 LIVE @ 4:00pm,BCAM-TV,2026-09-22,,football,male,,,,Boys Soccer,BHS_Boys_Soccer_vs_Walpole_9_22_26_LIVE_at_4_00pm-LfA5JAu4yjY.mp4,642567946,6315.92,unreviewed,
InternetArchive,IA:bctvnh-BHS_Boys_Soccer_Bedford_vs_Goffstown_9_22_26,bctvnh-BHS_Boys_Soccer_Bedford_vs_Goffstown_9_22_26,https://archive.org/details/bctvnh-BHS_Boys_Soccer_Bedford_vs_Goffstown_9_22_26,https://archive.org/download/bctvnh-BHS_Boys_Soccer_Bedford_vs_Goffstown_9_22_26/BHS_Boys_Soccer_Bedford_vs_Goffstown_9_22_26.mp4,BHS Boys Soccer Bedford vs Goffstown 9/22/26,Be sure to subscribe to our channel by clicking on Subscribe button and ring the bell to get updated when we upload a video.\r<br />\r<br />You can also click the link below to subscribe...\r<br />\r<br />https://tinyurl.com/SubscribetoBCTV,Bedford Community Television NH,2026-09-23,,football,male,,,,Boys Soccer,BHS_Boys_Soccer_Bedford_vs_Goffstown_9_22_26.mp4,547654717,5639.87,unreviewed,
InternetArchive,IA:cojmi-Michigan_Center_vs_Columbia_Central_HS_Boys_Soccer_Highlights_JTV_Sports-AGK4HuPVYms,cojmi-Michigan_Center_vs_Columbia_Central_HS_Boys_Soccer_Highlights_JTV_Sports-AGK4HuPVYms,https://archive.org/details/cojmi-Michigan_Center_vs_Columbia_Central_HS_Boys_Soccer_Highlights_JTV_Sports-AGK4HuPVYms,https://archive.org/download/cojmi-Michigan_Center_vs_Columbia_Central_HS_Boys_Soccer_Highlights_JTV_Sports-AGK4HuPVYms/Michigan_Center_vs_Columbia_Central_HS_Boys_Soccer_Highlights_JTV_Sports-AGK4HuPVYms.mp4,Michigan Center vs Columbia Central - HS Boys Soccer Highlights - JTV Sports,,JTV,2026-09-17,,football,male,,,,Boys Soccer,Michigan_Center_vs_Columbia_Central_HS_Boys_Soccer_Highlights_JTV_Sports-AGK4HuPVYms.mp4,23474132,231.36,unreviewed,
InternetArchive,IA:ctncrmn-Boys_Soccer_-_Coon_Rapids_at_Elk_River_9.8.26-lGMwA_0E0G4,ctncrmn-Boys_Soccer_-_Coon_Rapids_at_Elk_River_9.8.26-lGMwA_0E0G4,https://archive.org/details/ctncrmn-Boys_Soccer_-_Coon_Rapids_at_Elk_River_9.8.26-lGMwA_0E0G4,https://archive.org/download/ctncrmn-Boys_Soccer_-_Coon_Rapids_at_Elk_River_9.8.26-lGMwA_0E0G4/Boys_Soccer_-_Coon_Rapids_at_Elk_River_9.8.26-lGMwA_0E0G4.mp4,Boys Soccer: Coon Rapids at Elk River 9.8.26,,CTN Coon Rapids,2026-09-10,,football,male,,,,Boys Soccer,Boys_Soccer_-_Coon_Rapids_at_Elk_River_9.8.26-lGMwA_0E0G4.mp4,545790800,5603.86,unreviewed,
InternetArchive,IA:dscma-Dover-Sherborn_Boys_Soccer_vs._Bellingham_9_16_2026-Budfz1EP6yQ,dscma-Dover-Sherborn_Boys_Soccer_vs._Bellingham_9_16_2026-Budfz1EP6yQ,https://archive.org/details/dscma-Dover-Sherborn_Boys_Soccer_vs._Bellingham_9_16_2026-Budfz1EP6yQ,https://archive.org/download/dscma-Dover-Sherborn_Boys_Soccer_vs._Bellingham_9_16_2026-Budfz1EP6yQ/Dover-Sherborn_Boys_Soccer_vs._Bellingham_9_16_2026-Budfz1EP6yQ.mp4,Dover-Sherborn Boys Soccer vs. Bellingham 9/16/2026,,DSCTV,2026-09-17,,football,male,,,,Boys Soccer,Dover-Sherborn_Boys_Soccer_vs._Bellingham_9_16_2026-Budfz1EP6yQ.mp4,524572013,5445.2,unreviewed,
InternetArchive,IA:dscma-Dover-Sherborn_Boys_Soccer_vs._Bellingham_9_16_26-Ce57EVe1ORc,dscma-Dover-Sherborn_Boys_Soccer_vs._Bellingham_9_16_26-Ce57EVe1ORc,https://archive.org/details/dscma-Dover-Sherborn_Boys_Soccer_vs._Bellingham_9_16_26-Ce57EVe1ORc,https://archive.org/download/dscma-Dover-Sherborn_Boys_Soccer_vs._Bellingham_9_16_26-Ce57EVe1ORc/Dover-Sherborn_Boys_Soccer_vs._Bellingham_9_16_26-Ce57EVe1ORc.mp4,Dover-Sherborn Boys Soccer vs. Bellingham (9/16/26),First Home Game for the DS Boys Soccer Team,DSCTV,2026-09-16,,football,male,,,,Boys Soccer,Dover-Sherborn_Boys_Soccer_vs._Bellingham_9_16_26-Ce57EVe1ORc.mp4,603372333,6511.6,unreviewed,
InternetArchive,IA:etvmn-Eagan_Boys_Soccer_vs._Prior_Lake-GX0KN5yrffI,etvmn-Eagan_Boys_Soccer_vs._Prior_Lake-GX0KN5yrffI,https://archive.org/details/etvmn-Eagan_Boys_Soccer_vs._Prior_Lake-GX0KN5yrffI,https://archive.org/download/etvmn-Eagan_Boys_Soccer_vs._Prior_Lake-GX0KN5yrffI/Eagan_Boys_Soccer_vs._Prior_Lake-GX0KN5yrffI.mp4,Eagan Boys Soccer vs. Prior Lake,Watch as the Wildcats take on they take on the Prior Lake Lakers! Kick-off is at 7:00 pm!,Eagan Television,2026-09-11,,football,male,,,,Boys Soccer,Eagan_Boys_Soccer_vs._Prior_Lake-GX0KN5yrffI.mp4,653529324,6499.85,unreviewed,
InternetArchive,IA:etvmn-Eagan_Boys_Soccer_vs._Rochester_John_Marshall-nKlOeODd1T8,etvmn-Eagan_Boys_Soccer_vs._Rochester_John_Marshall-nKlOeODd1T8,https://archive.org/details/etvmn-Eagan_Boys_Soccer_vs._Rochester_John_Marshall-nKlOeODd1T8,https://archive.org/download/etvmn-Eagan_Boys_Soccer_vs._Rochester_John_Marshall-nKlOeODd1T8/Eagan_Boys_Soccer_vs._Rochester_John_Marshall-nKlOeODd1T8.mp4,Eagan Boys Soccer vs. Rochester John Marshall,"Watch as the Wildcats take on the Rochester John Marshall Rockets! Kick-off is at 5:00 pm!<br /><br />📺 cityofeagan.com/eagan-tv<br />🌳cityofeagan.com/<br /><br />Eagan is the 2nd largest city in Dakota County, Minnesota. Its landscape is made up of rolling hills, laced with nearly 1,200 small lakes, wetlands and ponds. Eagan is a community known for its trees. It is the 8th largest city in the state with just over 69,000 people. Eagan is south and equal distance to both downtown Minneapolis and St. Paul. Just across the Minnesota River is the Minneapolis-St. Paul International Airport.",Eagan Television,2026-09-11,,football,male,,,,Boys Soccer,Eagan_Boys_Soccer_vs._Rochester_John_Marshall-nKlOeODd1T8.mp4,551185074,5650.65,unreviewed,
InternetArchive,IA:etvmn-Eagan_Boys_Soccer_vs._Rosemount-bwYvn1QghS8,etvmn-Eagan_Boys_Soccer_vs._Rosemount-bwYvn1QghS8,https://archive.org/details/etvmn-Eagan_Boys_Soccer_vs._Rosemount-bwYvn1QghS8,https://archive.org/download/etvmn-Eagan_Boys_Soccer_vs._Rosemount-bwYvn1QghS8/Eagan_Boys_Soccer_vs._Rosemount-bwYvn1QghS8.mp4,Eagan Boys Soccer vs. Rosemount,Watch as the Wildcats take on the Rosemount Irish! Kick-off is at 5:00 pm!,Eagan Television,2026-09-25,,football,male,,,,Boys Soccer,Eagan_Boys_Soccer_vs._Rosemount-bwYvn1QghS8.mp4,684734735,6995.04,unreviewed,
InternetArchive,IA:gbect-9-21-26_FHS_Boys_Soccer_vs_East_Lyme-SvMrWTPi8wg,gbect-9-21-26_FHS_Boys_Soccer_vs_East_Lyme-SvMrWTPi8wg,https://archive.org/details/gbect-9-21-26_FHS_Boys_Soccer_vs_East_Lyme-SvMrWTPi8wg,https://archive.org/download/gbect-9-21-26_FHS_Boys_Soccer_vs_East_Lyme-SvMrWTPi8wg/9-21-26_FHS_Boys_Soccer_vs_East_Lyme-SvMrWTPi8wg.mp4,9-21-26 FHS Boys Soccer vs East Lyme,"Some copyrighted music may be blocked. To request the uncut version of any video, please reach out to our email:<br /><br />gps19@groton.k12.ct.us<br /><br />Within your request, be sure to include the link to the video, or provide its full title.",Groton Public Schools - GPS 19,2026-09-23,,football,male,,,,Boys Soccer,9-21-26_FHS_Boys_Soccer_vs_East_Lyme-SvMrWTPi8wg.mp4,520879318,5426.6,unreviewed,
InternetArchive,IA:hadleyma-Hopkins_Boys_Soccer_vs._Pioneer_Valley_-_9-22-26-xhWR-nyRm0s,hadleyma-Hopkins_Boys_Soccer_vs._Pioneer_Valley_-_9-22-26-xhWR-nyRm0s,https://archive.org/details/hadleyma-Hopkins_Boys_Soccer_vs._Pioneer_Valley_-_9-22-26-xhWR-nyRm0s,https://archive.org/download/hadleyma-Hopkins_Boys_Soccer_vs._Pioneer_Valley_-_9-22-26-xhWR-nyRm0s/Hopkins_Boys_Soccer_vs._Pioneer_Valley_-_9-22-26-xhWR-nyRm0s.mp4,Hopkins Boys Soccer vs. Pioneer Valley: 9-22-26,,Hadley Media,2026-09-22,,football,male,,,,Boys Soccer,Hopkins_Boys_Soccer_vs._Pioneer_Valley_-_9-22-26-xhWR-nyRm0s.mp4,622308336,6059.13,unreviewed,
InternetArchive,IA:hadleyma-Hopkins_Boys_Soccer_vs._Smith_Academy_-_9-19-26-ZiPqZ0bMAtA,hadleyma-Hopkins_Boys_Soccer_vs._Smith_Academy_-_9-19-26-ZiPqZ0bMAtA,https://archive.org/details/hadleyma-Hopkins_Boys_Soccer_vs._Smith_Academy_-_9-19-26-ZiPqZ0bMAtA,https://archive.org/download/hadleyma-Hopkins_Boys_Soccer_vs._Smith_Academy_-_9-19-26-ZiPqZ0bMAtA/Hopkins_Boys_Soccer_vs._Smith_Academy_-_9-19-26-ZiPqZ0bMAtA.mp4,Hopkins Boys Soccer vs. Smith Academy: 9-19-26,,Hadley Media,2026-09-19,,football,male,,,,Boys Soccer,Hopkins_Boys_Soccer_vs._Smith_Academy_-_9-19-26-ZiPqZ0bMAtA.mp4,6787370,70.06,unreviewed,
InternetArchive,IA:hadleyma-Hopkins_Boys_Soccer_vs._Smith_Academy_-_9-19-26-zUQXbHOlAek,hadleyma-Hopkins_Boys_Soccer_vs._Smith_Academy_-_9-19-26-zUQXbHOlAek,https://archive.org/details/hadleyma-Hopkins_Boys_Soccer_vs._Smith_Academy_-_9-19-26-zUQXbHOlAek,https://archive.org/download/hadleyma-Hopkins_Boys_Soccer_vs._Smith_Academy_-_9-19-26-zUQXbHOlAek/Hopkins_Boys_Soccer_vs._Smith_Academy_-_9-19-26-zUQXbHOlAek.mp4,Hopkins Boys Soccer vs. Smith Academy: 9-19-26,,Hadley Media,2026-09-19,,football,male,,,,Boys Soccer,Hopkins_Boys_Soccer_vs._Smith_Academy_-_9-19-26-zUQXbHOlAek.mp4,550204,6.6,unreviewed,
InternetArchive,IA:hcamma-Hiller_Varsity_Boys_Soccer_vs_Ashland-XB8LnXj331Y,hcamma-Hiller_Varsity_Boys_Soccer_vs_Ashland-XB8LnXj331Y,https://archive.org/details/hcamma-Hiller_Varsity_Boys_Soccer_vs_Ashland-XB8LnXj331Y,https://archive.org/download/hcamma-Hiller_Varsity_Boys_Soccer_vs_Ashland-XB8LnXj331Y/Hiller_Varsity_Boys_Soccer_vs_Ashland-XB8LnXj331Y.mp4,Hiller Varsity Boys Soccer vs Ashland,LIVE on September 16th at 4:00 PM,HCAM,2026-09-11,,football,male,,,,Boys Soccer,Hiller_Varsity_Boys_Soccer_vs_Ashland-XB8LnXj331Y.mp4,643245877,6757.63,unreviewed,
InternetArchive,IA:hcectvky-Boys_Soccer_EHS_vs_NHHS_9_17_26-exLWQk2L6Ew,hcectvky-Boys_Soccer_EHS_vs_NHHS_9_17_26-exLWQk2L6Ew,https://archive.org/details/hcectvky-Boys_Soccer_EHS_vs_NHHS_9_17_26-exLWQk2L6Ew,https://archive.org/download/hcectvky-Boys_Soccer_EHS_vs_NHHS_9_17_26-exLWQk2L6Ew/Boys_Soccer_EHS_vs_NHHS_9_17_26-exLWQk2L6Ew.mp4,Boys Soccer EHS vs NHHS 9 17 26,,HCEC-TV,2026-09-18,,football,male,,,,Boys Soccer,Boys_Soccer_EHS_vs_NHHS_9_17_26-exLWQk2L6Ew.mp4,787897451,7843.7,unreviewed,
InternetArchive,IA:hctvmn-HCTV_SPORTS_-_Hastings_Boys_Soccer_vs_Two_Rivers_Warriors_9.15.26-_z-ZyCpS384,hctvmn-HCTV_SPORTS_-_Hastings_Boys_Soccer_vs_Two_Rivers_Warriors_9.15.26-_z-ZyCpS384,https://archive.org/details/hctvmn-HCTV_SPORTS_-_Hastings_Boys_Soccer_vs_Two_Rivers_Warriors_9.15.26-_z-ZyCpS384,https://archive.org/download/hctvmn-HCTV_SPORTS_-_Hastings_Boys_Soccer_vs_Two_Rivers_Warriors_9.15.26-_z-ZyCpS384/HCTV_SPORTS_-_Hastings_Boys_Soccer_vs_Two_Rivers_Warriors_9.15.26-_z-ZyCpS384.mp4,HCTV SPORTS: Hastings Boys Soccer vs Two Rivers Warriors - 9.15.26,This video was produced by Hastings Community Television.<br />____________________________________________________________<br /><br />Don't forget to check us out on Social Media!<br /><br />Twitter: https://twitter.com/HastingsTV14<br />Facebook: https://www.facebook.com/HastingsCommunityTV<br />Instagram: https://www.instagram.com/hastingstv14/<br />YouTube: https://www.youtube.com/c/HastingsCommunityTV,HCTV,2026-09-16,,football,male,,,,Boys Soccer,HCTV_SPORTS_-_Hastings_Boys_Soccer_vs_Two_Rivers_Warriors_9.15.26-_z-ZyCpS384.mp4,617677709,6373.9,unreviewed,
InternetArchive,IA:hctvvt-Hazen_Boys_Soccer_vs_North_Country_September_8_2026-g9VI61I_a0A,hctvvt-Hazen_Boys_Soccer_vs_North_Country_September_8_2026-g9VI61I_a0A,https://archive.org/details/hctvvt-Hazen_Boys_Soccer_vs_North_Country_September_8_2026-g9VI61I_a0A,https://archive.org/download/hctvvt-Hazen_Boys_Soccer_vs_North_Country_September_8_2026-g9VI61I_a0A/Hazen_Boys_Soccer_vs_North_Country_September_8_2026-g9VI61I_a0A.mp4,"Hazen Boys Soccer vs North Country—September 8, 2026",,Hardwick Community Television,2026-09-13,,football,male,,,,Boys Soccer,Hazen_Boys_Soccer_vs_North_Country_September_8_2026-g9VI61I_a0A.mp4,498784733,5207.8,unreviewed,
InternetArchive,IA:letvma-Lynn_City_Boys_Soccer_Tournament_LCHS_vs_LEHS_September_12_2026-atIBd_cCJTU,letvma-Lynn_City_Boys_Soccer_Tournament_LCHS_vs_LEHS_September_12_2026-atIBd_cCJTU,https://archive.org/details/letvma-Lynn_City_Boys_Soccer_Tournament_LCHS_vs_LEHS_September_12_2026-atIBd_cCJTU,https://archive.org/download/letvma-Lynn_City_Boys_Soccer_Tournament_LCHS_vs_LEHS_September_12_2026-atIBd_cCJTU/Lynn_City_Boys_Soccer_Tournament_LCHS_vs_LEHS_September_12_2026-atIBd_cCJTU.mp4,"Lynn City Boys Soccer Tournament LCHS vs LEHS September 12, 2026","Lynn City Boys Soccer Tournament LCHS vs LEHS September 12, 2026",Lynn Educational Television,2026-09-17,,football,male,,,,Boys Soccer,Lynn_City_Boys_Soccer_Tournament_LCHS_vs_LEHS_September_12_2026-atIBd_cCJTU.mp4,530218862,5528.21,unreviewed,
InternetArchive,IA:letvma-Lynn_City_Boys_Soccer_Tournament_LEHS_vs_LVTI_Sept_8_2026-DMwgpiJHT5c,letvma-Lynn_City_Boys_Soccer_Tournament_LEHS_vs_LVTI_Sept_8_2026-DMwgpiJHT5c,https://archive.org/details/letvma-Lynn_City_Boys_Soccer_Tournament_LEHS_vs_LVTI_Sept_8_2026-DMwgpiJHT5c,https://archive.org/download/letvma-Lynn_City_Boys_Soccer_Tournament_LEHS_vs_LVTI_Sept_8_2026-DMwgpiJHT5c/Lynn_City_Boys_Soccer_Tournament_LEHS_vs_LVTI_Sept_8_2026-DMwgpiJHT5c.mp4,"Lynn City Boys Soccer Tournament LEHS vs LVTI Sept  8, 2026","Lynn City Boys Soccer Tournament LEHS vs LVTI Sept  8, 2026",Lynn Educational Television,2026-09-16,,football,male,,,,Boys Soccer,Lynn_City_Boys_Soccer_Tournament_LEHS_vs_LVTI_Sept_8_2026-DMwgpiJHT5c.mp4,548952321,5714.29,unreviewed,
InternetArchive,IA:letvma-Lynn_City_Boys_Soccer_Tournament_SMHS_vs_LCHS_Sept_8_2026-SQv4OkpNKTU,letvma-Lynn_City_Boys_Soccer_Tournament_SMHS_vs_LCHS_Sept_8_2026-SQv4OkpNKTU,https://archive.org/details/letvma-Lynn_City_Boys_Soccer_Tournament_SMHS_vs_LCHS_Sept_8_2026-SQv4OkpNKTU,https://archive.org/download/letvma-Lynn_City_Boys_Soccer_Tournament_SMHS_vs_LCHS_Sept_8_2026-SQv4OkpNKTU/Lynn_City_Boys_Soccer_Tournament_SMHS_vs_LCHS_Sept_8_2026-SQv4OkpNKTU.mp4,"Lynn City Boys Soccer  Tournament SMHS vs LCHS Sept  8, 2026","Lynn City Boys Soccer  Tournament SMHS vs LCHS Sept  8, 2026",Lynn Educational Television,2026-09-16,,football,male,,,,Boys Soccer,Lynn_City_Boys_Soccer_Tournament_SMHS_vs_LCHS_Sept_8_2026-SQv4OkpNKTU.mp4,553607246,5776.87,unreviewed,
InternetArchive,IA:letvma-Lynn_City_Boys_Soccer_Tournament_SMHS_vs_LVTI_September_12_2026-DSk7efe0Sh8,letvma-Lynn_City_Boys_Soccer_Tournament_SMHS_vs_LVTI_September_12_2026-DSk7efe0Sh8,https://archive.org/details/letvma-Lynn_City_Boys_Soccer_Tournament_SMHS_vs_LVTI_September_12_2026-DSk7efe0Sh8,https://archive.org/download/letvma-Lynn_City_Boys_Soccer_Tournament_SMHS_vs_LVTI_September_12_2026-DSk7efe0Sh8/Lynn_City_Boys_Soccer_Tournament_SMHS_vs_LVTI_September_12_2026-DSk7efe0Sh8.mp4,"Lynn City Boys Soccer Tournament SMHS vs LVTI September 12, 2026","Lynn City Boys Soccer Tournament SMHS vs LVTI September 12, 2026",Lynn Educational Television,2026-09-17,,football,male,,,,Boys Soccer,Lynn_City_Boys_Soccer_Tournament_SMHS_vs_LVTI_September_12_2026-DSk7efe0Sh8.mp4,565011805,5887.56,unreviewed,
InternetArchive,IA:letvma-SMHS_Boys_Soccer_vs_Shawsheen_Tech_September_14_2026-_57QT72Q5Qc,letvma-SMHS_Boys_Soccer_vs_Shawsheen_Tech_September_14_2026-_57QT72Q5Qc,https://archive.org/details/letvma-SMHS_Boys_Soccer_vs_Shawsheen_Tech_September_14_2026-_57QT72Q5Qc,https://archive.org/download/letvma-SMHS_Boys_Soccer_vs_Shawsheen_Tech_September_14_2026-_57QT72Q5Qc/SMHS_Boys_Soccer_vs_Shawsheen_Tech_September_14_2026-_57QT72Q5Qc.mp4,"SMHS Boys Soccer vs Shawsheen Tech September 14, 2026","SMHS Boys Soccer vs Shawsheen Tech September 14, 2026",Lynn Educational Television,2026-09-22,,football,male,,,,Boys Soccer,SMHS_Boys_Soccer_vs_Shawsheen_Tech_September_14_2026-_57QT72Q5Qc.mp4,501531588,5224.91,unreviewed,
InternetArchive,IA:marshtvmav-Varsity_Boys_Soccer_LIVE_vs_Silver_Lake-MSFG25QIQSI,marshtvmav-Varsity_Boys_Soccer_LIVE_vs_Silver_Lake-MSFG25QIQSI,https://archive.org/details/marshtvmav-Varsity_Boys_Soccer_LIVE_vs_Silver_Lake-MSFG25QIQSI,https://archive.org/download/marshtvmav-Varsity_Boys_Soccer_LIVE_vs_Silver_Lake-MSFG25QIQSI/Varsity_Boys_Soccer_LIVE_vs_Silver_Lake-MSFG25QIQSI.mp4,Varsity Boys Soccer // LIVE vs Silver Lake,It's the Rams versus the Lakers on James G. Anderson Field.<br /><br />MCM Coverage of MHS Sports is proudly presented by:<br />Biviano General Contracting<br />The Genesis Fit<br />Repel Pest Solutions<br />Next Gen Artisans<br />Marshfield Physical Therapy,Marshfield Community TV,2026-09-18,,football,male,,,,Boys Soccer,Varsity_Boys_Soccer_LIVE_vs_Silver_Lake-MSFG25QIQSI.mp4,611955075,6383.79,unreviewed,
InternetArchive,IA:mcamma-MHS_Sports_on_MHTV_-_Boys_Soccer_-_Marblehead_vs._Swampscott_9-14-26-jkcUkW15fHQ,mcamma-MHS_Sports_on_MHTV_-_Boys_Soccer_-_Marblehead_vs._Swampscott_9-14-26-jkcUkW15fHQ,https://archive.org/details/mcamma-MHS_Sports_on_MHTV_-_Boys_Soccer_-_Marblehead_vs._Swampscott_9-14-26-jkcUkW15fHQ,https://archive.org/download/mcamma-MHS_Sports_on_MHTV_-_Boys_Soccer_-_Marblehead_vs._Swampscott_9-14-26-jkcUkW15fHQ/MHS_Sports_on_MHTV_-_Boys_Soccer_-_Marblehead_vs._Swampscott_9-14-26-jkcUkW15fHQ.mp4,MHS Sports on MHTV - Boys Soccer: Marblehead vs. Swampscott 9-14-26,"The Swampscott Big Blue travel to Marblehead to take on the Magicians in Boys Soccer action.<br /><br />c. 2026 MHTV<br />Marblehead Community Access and Media<br />All Rights Reserved<br /><br />MHTV is the award-winning Public Access cable TV station in Marblehead, MA.  Marblehead Community Access and Media is a 501c3 non-profit.  If you enjoy access to these videos, please donate to our organization at marbleheadtv.org.  Thank you",Marblehead Community Access and Media,2026-09-15,,football,male,,,,Boys Soccer,MHS_Sports_on_MHTV_-_Boys_Soccer_-_Marblehead_vs._Swampscott_9-14-26-jkcUkW15fHQ.mp4,595358220,6302.59,unreviewed,
InternetArchive,IA:miltvma-Milford_Scarlet_Hawks_Boys_Soccer_-_September_17_2026_vs_Mansfield-geKke999ahk,miltvma-Milford_Scarlet_Hawks_Boys_Soccer_-_September_17_2026_vs_Mansfield-geKke999ahk,https://archive.org/details/miltvma-Milford_Scarlet_Hawks_Boys_Soccer_-_September_17_2026_vs_Mansfield-geKke999ahk,https://archive.org/download/miltvma-Milford_Scarlet_Hawks_Boys_Soccer_-_September_17_2026_vs_Mansfield-geKke999ahk/Milford_Scarlet_Hawks_Boys_Soccer_-_September_17_2026_vs_Mansfield-geKke999ahk.mp4,"Milford Scarlet Hawks Boys Soccer - September 17, 2026 vs Mansfield",Varsity Football Live Stream - Presented by The Rail Trail Flatbread Co. <br />https://www.railtrailflatbread.com/order-now<br /><br />Live coverage from the Rentschler Biopharma Broadcast Booth<br />https://www.rentschler-biopharma.com/en-us/company/milford/<br /><br />Game Time Temperature Sponsor - Red Heat Tavern<br />https://redheattavern.com/locations/red-heat-american-tavern-restaurant-ma/milford/<br /><br />Official Apparel Sponsor - The Embroidery Bar<br />https://theembroidery-bar.com/<br /><br />General Sponsors - Unibank & Postmark Postal<br />https://www.unibank.com/milford<br />https://www.postmarkpostal.com/,Milford TV,2026-09-18,,football,male,,,,Boys Soccer,Milford_Scarlet_Hawks_Boys_Soccer_-_September_17_2026_vs_Mansfield-geKke999ahk.mp4,732675868,7609.13,unreviewed,
InternetArchive,IA:mltvpa-The_Lion_s_Den_Episode_2.1_Boys_Soccer_and_Football-FgMyFYt8m6Q,mltvpa-The_Lion_s_Den_Episode_2.1_Boys_Soccer_and_Football-FgMyFYt8m6Q,https://archive.org/details/mltvpa-The_Lion_s_Den_Episode_2.1_Boys_Soccer_and_Football-FgMyFYt8m6Q,https://archive.org/download/mltvpa-The_Lion_s_Den_Episode_2.1_Boys_Soccer_and_Football-FgMyFYt8m6Q/The_Lion_s_Den_Episode_2.1_Boys_Soccer_and_Football-FgMyFYt8m6Q.mp4,The Lion's Den Episode 2.1 Boys Soccer and Football,"The Lion's Den returns for its second season. New hosts Trey and Wyatt interview coaches and players from the boys soccer and football teams. The show also provides information on upcoming games and recent results. Be sure to like and subscribe to stay up-to-date on AAHS athletics. On, Altoona!",MLTV Live,2026-09-17,,football,male,,,,Boys Soccer,The_Lion_s_Den_Episode_2.1_Boys_Soccer_and_Football-FgMyFYt8m6Q.mp4,60810458,635.04,unreviewed,
InternetArchive,IA:mmu-boys-soccer-cvu-09192026,mmu-boys-soccer-cvu-09192026,https://archive.org/details/mmu-boys-soccer-cvu-09192026,https://archive.org/download/mmu-boys-soccer-cvu-09192026/MmuBoysSoccerCVU09192026.mp4,Mmu Boys Soccer CVU 09-19-2026,MMCTV coverage of the game held at MMU.,MMCTV,2026-09-19,https://creativecommons.org/licenses/by-nc-nd/4.0/,football,male,,,,Boys Soccer,MmuBoysSoccerCVU09192026.mp4,5673022311,5165.83,unreviewed,
InternetArchive,IA:rchwi-2026_Hudson_Raiders_Boys_Soccer_vs._EC_Memorial_LIVE-iNwDl-tQB38,rchwi-2026_Hudson_Raiders_Boys_Soccer_vs._EC_Memorial_LIVE-iNwDl-tQB38,https://archive.org/details/rchwi-2026_Hudson_Raiders_Boys_Soccer_vs._EC_Memorial_LIVE-iNwDl-tQB38,https://archive.org/download/rchwi-2026_Hudson_Raiders_Boys_Soccer_vs._EC_Memorial_LIVE-iNwDl-tQB38/2026_Hudson_Raiders_Boys_Soccer_vs._EC_Memorial_LIVE-iNwDl-tQB38.mp4,2026 Hudson Raiders Boys Soccer vs. EC Memorial LIVE,2026 Hudson Raiders Boys Soccer vs. EC Memorial LIVE,River Channel,2026-09-23,,football,male,,,,Boys Soccer,2026_Hudson_Raiders_Boys_Soccer_vs._EC_Memorial_LIVE-iNwDl-tQB38.mp4,585757258,6066.49,unreviewed,
InternetArchive,IA:rchwi-2026_Hudson_Raiders_Boys_Soccer_vs._Menomonie_w_Announcing-oMnwY56j6gs,rchwi-2026_Hudson_Raiders_Boys_Soccer_vs._Menomonie_w_Announcing-oMnwY56j6gs,https://archive.org/details/rchwi-2026_Hudson_Raiders_Boys_Soccer_vs._Menomonie_w_Announcing-oMnwY56j6gs,https://archive.org/download/rchwi-2026_Hudson_Raiders_Boys_Soccer_vs._Menomonie_w_Announcing-oMnwY56j6gs/2026_Hudson_Raiders_Boys_Soccer_vs._Menomonie_w_Announcing-oMnwY56j6gs.mp4,2026 Hudson Raiders Boys Soccer vs. Menomonie (w/Announcing),2026 Hudson Raiders Boys Soccer vs. Menomonie (w/Announcing),River Channel,2026-09-17,,football,male,,,,Boys Soccer,2026_Hudson_Raiders_Boys_Soccer_vs._Menomonie_w_Announcing-oMnwY56j6gs.mp4,416487299,4179.69,unreviewed,
InternetArchive,IA:scctvmn-HS_Boys_Soccer_-_Tartan_vs._South_St._Paul_-_September_22_2026-0rTfLPeHrGM,scctvmn-HS_Boys_Soccer_-_Tartan_vs._South_St._Paul_-_September_22_2026-0rTfLPeHrGM,https://archive.org/details/scctvmn-HS_Boys_Soccer_-_Tartan_vs._South_St._Paul_-_September_22_2026-0rTfLPeHrGM,https://archive.org/download/scctvmn-HS_Boys_Soccer_-_Tartan_vs._South_St._Paul_-_September_22_2026-0rTfLPeHrGM/HS_Boys_Soccer_-_Tartan_vs._South_St._Paul_-_September_22_2026-0rTfLPeHrGM.mp4,"HS Boys Soccer - Tartan vs. South St. Paul - September 22, 2026","Tartan Titans vs. South St. Paul Packers<br />Tartan High School - Oakdale, MN<br /><br />Check us out Online!<br />X - https://X.com/SCCTVSports<br />Facebook - https://www.facebook.com/scctv/<br />Instagram - https://www.instagram.com/scctv/<br />Website - https://scctv.org/",Suburban Community Channels,2026-09-23,,football,male,,,,Boys Soccer,HS_Boys_Soccer_-_Tartan_vs._South_St._Paul_-_September_22_2026-0rTfLPeHrGM.mp4,564376454,5868.38,unreviewed,
InternetArchive,IA:scctvmn-HS_Boys_Soccer_-_Tartan_vs._South_St._Paul_-_September_22_2026-Ik2LJ5fZfqY,scctvmn-HS_Boys_Soccer_-_Tartan_vs._South_St._Paul_-_September_22_2026-Ik2LJ5fZfqY,https://archive.org/details/scctvmn-HS_Boys_Soccer_-_Tartan_vs._South_St._Paul_-_September_22_2026-Ik2LJ5fZfqY,,"HS Boys Soccer - Tartan vs. South St. Paul - September 22, 2026","Tartan Titans vs. South St. Paul Packers<br />Tartan High School - Oakdale, MN<br /><br />Check us out Online!<br />X - https://X.com/SCCTVSports<br />Facebook - https://www.facebook.com/scctv/<br />Instagram - https://www.instagram.com/scctv/<br />Website - https://scctv.org/",Suburban Community Channels,2026-09-23,,football,male,,,,Boys Soccer,,0,0.0,unreviewed,
InternetArchive,IA:scctvmn-HS_Boys_Soccer_-_White_Bear_Lake_vs._10_East_Ridge_-_September_24_2026-GY3uGwX3FwM,scctvmn-HS_Boys_Soccer_-_White_Bear_Lake_vs._10_East_Ridge_-_September_24_2026-GY3uGwX3FwM,https://archive.org/details/scctvmn-HS_Boys_Soccer_-_White_Bear_Lake_vs._10_East_Ridge_-_September_24_2026-GY3uGwX3FwM,https://archive.org/download/scctvmn-HS_Boys_Soccer_-_White_Bear_Lake_vs._10_East_Ridge_-_September_24_2026-GY3uGwX3FwM/HS_Boys_Soccer_-_White_Bear_Lake_vs._10_East_Ridge_-_September_24_2026-GY3uGwX3FwM.mp4,"HS Boys Soccer - White Bear Lake vs. #10 East Ridge - September 24, 2026","White Bear Lake Bears vs. #10 3A East Ridge Raptors<br />White Bear Lake Area High School - White Bear Lake, MN<br /><br />Check us out Online!<br />X - https://X.com/SCCTVSports<br />Facebook - https://www.facebook.com/scctv/<br />Instagram - https://www.instagram.com/scctv/<br />Website - https://scctv.org/",Suburban Community Channels,2026-09-25,,football,male,,,,Boys Soccer,HS_Boys_Soccer_-_White_Bear_Lake_vs._10_East_Ridge_-_September_24_2026-GY3uGwX3FwM.mp4,623975654,6415.05,unreviewed,
InternetArchive,IA:sedtvma-SHS_Boys_Soccer_vs_Brighton_9-10-26-T6S7MDJguF8,sedtvma-SHS_Boys_Soccer_vs_Brighton_9-10-26-T6S7MDJguF8,https://archive.org/details/sedtvma-SHS_Boys_Soccer_vs_Brighton_9-10-26-T6S7MDJguF8,https://archive.org/download/sedtvma-SHS_Boys_Soccer_vs_Brighton_9-10-26-T6S7MDJguF8/SHS_Boys_Soccer_vs_Brighton_9-10-26-T6S7MDJguF8.mp4,SHS Boys' Soccer vs Brighton 9-10-26,"MIAA Boys' Varsity Soccer<br />Brighton Bengals vs Somerville Highlanders<br />September 10, 2026<br />Commentary by Todd Harmon<br /><br />F<br />BRI 3<br />SOM 5<br /><br />Music by Purple Planet",Somerville EdTV,2026-09-11,,football,male,,,,Boys Soccer,SHS_Boys_Soccer_vs_Brighton_9-10-26-T6S7MDJguF8.mp4,565607492,5810.05,unreviewed,
InternetArchive,IA:tbcama-Brockton_Boys_Soccer_vs_BC_High_09_22_2026-_of3hRKi6qQ,tbcama-Brockton_Boys_Soccer_vs_BC_High_09_22_2026-_of3hRKi6qQ,https://archive.org/details/tbcama-Brockton_Boys_Soccer_vs_BC_High_09_22_2026-_of3hRKi6qQ,https://archive.org/download/tbcama-Brockton_Boys_Soccer_vs_BC_High_09_22_2026-_of3hRKi6qQ/Brockton_Boys_Soccer_vs_BC_High_09_22_2026-_of3hRKi6qQ.mp4,Brockton Boys Soccer vs BC High (09/22/2026),"Brockton Boys Soccer Vs BC High School<br />Livestream<br />September 22nd, 2026",Brockton Community Access,2026-09-22,,football,male,,,,Boys Soccer,Brockton_Boys_Soccer_vs_BC_High_09_22_2026-_of3hRKi6qQ.mp4,522999995,5311.08,unreviewed,
InternetArchive,IA:tewkstvma-TMHS_Boys_Soccer_vs_Andover_-_9_15_26_JV-co0c1_3wk8o,tewkstvma-TMHS_Boys_Soccer_vs_Andover_-_9_15_26_JV-co0c1_3wk8o,https://archive.org/details/tewkstvma-TMHS_Boys_Soccer_vs_Andover_-_9_15_26_JV-co0c1_3wk8o,https://archive.org/download/tewkstvma-TMHS_Boys_Soccer_vs_Andover_-_9_15_26_JV-co0c1_3wk8o/TMHS_Boys_Soccer_vs_Andover_-_9_15_26_JV-co0c1_3wk8o.mp4,TMHS Boys Soccer vs Andover - 9/15/26 (JV),,TewksburyTV,2026-09-17,,football,male,,,,Boys Soccer,TMHS_Boys_Soccer_vs_Andover_-_9_15_26_JV-co0c1_3wk8o.mp4,406734993,4216.77,unreviewed,
InternetArchive,IA:tewkstvma-TMHS_Boys_Soccer_vs_Andover_-_9_15_26_V-FS6BV7VYPok,tewkstvma-TMHS_Boys_Soccer_vs_Andover_-_9_15_26_V-FS6BV7VYPok,https://archive.org/details/tewkstvma-TMHS_Boys_Soccer_vs_Andover_-_9_15_26_V-FS6BV7VYPok,https://archive.org/download/tewkstvma-TMHS_Boys_Soccer_vs_Andover_-_9_15_26_V-FS6BV7VYPok/TMHS_Boys_Soccer_vs_Andover_-_9_15_26_V-FS6BV7VYPok.mp4,TMHS Boys Soccer vs Andover - 9/15/26 (V),,TewksburyTV,2026-09-17,,football,male,,,,Boys Soccer,TMHS_Boys_Soccer_vs_Andover_-_9_15_26_V-FS6BV7VYPok.mp4,465597051,4819.81,unreviewed,
InternetArchive,IA:tewkstvma-TMHS_Boys_Soccer_vs_Chelmsford_-_09_10_2026_JV-esHY-gs1dAA,tewkstvma-TMHS_Boys_Soccer_vs_Chelmsford_-_09_10_2026_JV-esHY-gs1dAA,https://archive.org/details/tewkstvma-TMHS_Boys_Soccer_vs_Chelmsford_-_09_10_2026_JV-esHY-gs1dAA,https://archive.org/download/tewkstvma-TMHS_Boys_Soccer_vs_Chelmsford_-_09_10_2026_JV-esHY-gs1dAA/TMHS_Boys_Soccer_vs_Chelmsford_-_09_10_2026_JV-esHY-gs1dAA.mp4,TMHS Boys Soccer vs Chelmsford - 09/10/2026 (JV),,TewksburyTV,2026-09-15,,football,male,,,,Boys Soccer,TMHS_Boys_Soccer_vs_Chelmsford_-_09_10_2026_JV-esHY-gs1dAA.mp4,334159679,3453.62,unreviewed,
InternetArchive,IA:tewkstvma-TMHS_Boys_Soccer_vs_Chelmsford_-_09_10_2026_V-OSTGcRLTIgg,tewkstvma-TMHS_Boys_Soccer_vs_Chelmsford_-_09_10_2026_V-OSTGcRLTIgg,https://archive.org/details/tewkstvma-TMHS_Boys_Soccer_vs_Chelmsford_-_09_10_2026_V-OSTGcRLTIgg,https://archive.org/download/tewkstvma-TMHS_Boys_Soccer_vs_Chelmsford_-_09_10_2026_V-OSTGcRLTIgg/TMHS_Boys_Soccer_vs_Chelmsford_-_09_10_2026_V-OSTGcRLTIgg.mp4,TMHS Boys Soccer vs Chelmsford - 09/10/2026 (V),,TewksburyTV,2026-09-15,,football,male,,,,Boys Soccer,TMHS_Boys_Soccer_vs_Chelmsford_-_09_10_2026_V-OSTGcRLTIgg.mp4,513010783,5294.01,unreviewed,
InternetArchive,IA:thsnj-9_14_26_Boys_Soccer_vs_Pascack_Hills-axuO2RUoTf8,thsnj-9_14_26_Boys_Soccer_vs_Pascack_Hills-axuO2RUoTf8,https://archive.org/details/thsnj-9_14_26_Boys_Soccer_vs_Pascack_Hills-axuO2RUoTf8,https://archive.org/download/thsnj-9_14_26_Boys_Soccer_vs_Pascack_Hills-axuO2RUoTf8/9_14_26_Boys_Soccer_vs_Pascack_Hills-axuO2RUoTf8.mp4,9/14/26 Boys Soccer vs Pascack Hills,,Channel 77 ,2026-09-15,,football,male,,,,Boys Soccer,9_14_26_Boys_Soccer_vs_Pascack_Hills-axuO2RUoTf8.mp4,748215388,7798.33,unreviewed,
InternetArchive,IA:Spotlight_-_Shepard_HS_Girls_Tennis_09-24-25,Spotlight_-_Shepard_HS_Girls_Tennis_09-24-25,https://archive.org/details/Spotlight_-_Shepard_HS_Girls_Tennis_09-24-25,https://archive.org/download/Spotlight_-_Shepard_HS_Girls_Tennis_09-24-25/Spotlight_-_Shepard_HS_Girls_Tennis_09-24-25.mp4,Spotlight: Shepard HS Girls Tennis 09-24-25,,PHTV4,2025-10-01,,tennis,female,,,,Girls Tennis,Spotlight_-_Shepard_HS_Girls_Tennis_09-24-25.mp4,58457836,597.4,unreviewed,
InternetArchive,IA:Spotlight_-_Stagg_HS_Girls_Tennis_10-01-25,Spotlight_-_Stagg_HS_Girls_Tennis_10-01-25,https://archive.org/details/Spotlight_-_Stagg_HS_Girls_Tennis_10-01-25,https://archive.org/download/Spotlight_-_Stagg_HS_Girls_Tennis_10-01-25/Spotlight_-_Stagg_HS_Girls_Tennis_10-01-25.mp4,Spotlight: Stagg HS Girls Tennis 10-01-25,,PHTV4,2025-10-07,,tennis,female,,,,Girls Tennis,Spotlight_-_Stagg_HS_Girls_Tennis_10-01-25.mp4,33863455,347.26,unreviewed,
InternetArchive,IA:bbrtvmev-BRHS_Girls_Tennis_02_-_Boothbay_v_Morse_court_2,bbrtvmev-BRHS_Girls_Tennis_02_-_Boothbay_v_Morse_court_2,https://archive.org/details/bbrtvmev-BRHS_Girls_Tennis_02_-_Boothbay_v_Morse_court_2,https://archive.org/download/bbrtvmev-BRHS_Girls_Tennis_02_-_Boothbay_v_Morse_court_2/BRHS_Girls_Tennis_02_-_Boothbay_v_Morse_court_2.mp4,BRHS Girls Tennis 02 - Boothbay v Morse_court 2,null,BRTV,2026-05-13,,tennis,female,,,,Girls Tennis,BRHS_Girls_Tennis_02_-_Boothbay_v_Morse_court_2.mp4,519620816,5308.69,unreviewed,
InternetArchive,IA:bbrtvmev-BRHS_Girls_Tennis_02_-_Boothbay_v_Morse_court_3,bbrtvmev-BRHS_Girls_Tennis_02_-_Boothbay_v_Morse_court_3,https://archive.org/details/bbrtvmev-BRHS_Girls_Tennis_02_-_Boothbay_v_Morse_court_3,https://archive.org/download/bbrtvmev-BRHS_Girls_Tennis_02_-_Boothbay_v_Morse_court_3/BRHS_Girls_Tennis_02_-_Boothbay_v_Morse_court_3.mp4,BRHS Girls Tennis 02 - Boothbay v Morse_court 3,null,BRTV,2026-06-01,,tennis,female,,,,Girls Tennis,BRHS_Girls_Tennis_02_-_Boothbay_v_Morse_court_3.mp4,754791447,7725.25,unreviewed,
InternetArchive,IA:bbrtvmev-BRHS_Girls_Tennis_03_Madison_court_1,bbrtvmev-BRHS_Girls_Tennis_03_Madison_court_1,https://archive.org/details/bbrtvmev-BRHS_Girls_Tennis_03_Madison_court_1,https://archive.org/download/bbrtvmev-BRHS_Girls_Tennis_03_Madison_court_1/BRHS_Girls_Tennis_03_Madison_court_1.mp4,BRHS Girls Tennis 03 Madison_court 1,null,BRTV,2026-05-29,,tennis,female,,,,Girls Tennis,BRHS_Girls_Tennis_03_Madison_court_1.mp4,616522233,6059.95,unreviewed,
InternetArchive,IA:bbrtvmev-BRHS_Girls_Tennis_03_Madison_court_2,bbrtvmev-BRHS_Girls_Tennis_03_Madison_court_2,https://archive.org/details/bbrtvmev-BRHS_Girls_Tennis_03_Madison_court_2,https://archive.org/download/bbrtvmev-BRHS_Girls_Tennis_03_Madison_court_2/BRHS_Girls_Tennis_03_Madison_court_2.mp4,BRHS Girls Tennis 03 Madison_court 2,null,BRTV,2026-05-29,,tennis,female,,,,Girls Tennis,BRHS_Girls_Tennis_03_Madison_court_2.mp4,519119405,5081.6,unreviewed,
InternetArchive,IA:bbrtvmev-BRHS_Girls_Tennis_03_Madison_court_3,bbrtvmev-BRHS_Girls_Tennis_03_Madison_court_3,https://archive.org/details/bbrtvmev-BRHS_Girls_Tennis_03_Madison_court_3,https://archive.org/download/bbrtvmev-BRHS_Girls_Tennis_03_Madison_court_3/BRHS_Girls_Tennis_03_Madison_court_3.mp4,BRHS Girls Tennis 03 Madison_court 3,null,BRTV,2026-05-29,,tennis,female,,,,Girls Tennis,BRHS_Girls_Tennis_03_Madison_court_3.mp4,639742437,6582.23,unreviewed,
InternetArchive,IA:bbrtvmev-BRHS_Girls_Tennis_04_Carrabec_court_1,bbrtvmev-BRHS_Girls_Tennis_04_Carrabec_court_1,https://archive.org/details/bbrtvmev-BRHS_Girls_Tennis_04_Carrabec_court_1,https://archive.org/download/bbrtvmev-BRHS_Girls_Tennis_04_Carrabec_court_1/BRHS_Girls_Tennis_04_Carrabec_court_1.mp4,BRHS Girls Tennis 04 Carrabec_court 1,null,BRTV,2026-06-01,,tennis,female,,,,Girls Tennis,BRHS_Girls_Tennis_04_Carrabec_court_1.mp4,216451815,2206.55,unreviewed,
InternetArchive,IA:bbrtvmev-BRHS_Girls_Tennis_04_Carrabec_court_2,bbrtvmev-BRHS_Girls_Tennis_04_Carrabec_court_2,https://archive.org/details/bbrtvmev-BRHS_Girls_Tennis_04_Carrabec_court_2,https://archive.org/download/bbrtvmev-BRHS_Girls_Tennis_04_Carrabec_court_2/BRHS_Girls_Tennis_04_Carrabec_court_2.mp4,BRHS Girls Tennis 04 Carrabec_court 2,null,BRTV,2026-06-02,,tennis,female,,,,Girls Tennis,BRHS_Girls_Tennis_04_Carrabec_court_2.mp4,620590863,6338.58,unreviewed,
InternetArchive,IA:bbrtvmev-BRHS_Girls_Tennis_04_Carrabec_court_3,bbrtvmev-BRHS_Girls_Tennis_04_Carrabec_court_3,https://archive.org/details/bbrtvmev-BRHS_Girls_Tennis_04_Carrabec_court_3,https://archive.org/download/bbrtvmev-BRHS_Girls_Tennis_04_Carrabec_court_3/BRHS_Girls_Tennis_04_Carrabec_court_3.mp4,BRHS Girls Tennis 04 Carrabec_court 3,null,BRTV,2026-06-01,,tennis,female,,,,Girls Tennis,BRHS_Girls_Tennis_04_Carrabec_court_3.mp4,251544169,2440.02,unreviewed,
InternetArchive,IA:bbrtvmev-BRHS_Girls_Tennis_05_Dirigo_court_1,bbrtvmev-BRHS_Girls_Tennis_05_Dirigo_court_1,https://archive.org/details/bbrtvmev-BRHS_Girls_Tennis_05_Dirigo_court_1,https://archive.org/download/bbrtvmev-BRHS_Girls_Tennis_05_Dirigo_court_1/BRHS_Girls_Tennis_05_Dirigo_court_1.mp4,BRHS Girls Tennis 05 Dirigo_court 1,null,BRTV,2026-06-23,,tennis,female,,,,Girls Tennis,BRHS_Girls_Tennis_05_Dirigo_court_1.mp4,582281277,5716.03,unreviewed,
InternetArchive,IA:bbrtvmev-BRHS_Girls_Tennis_05_Dirigo_court_2,bbrtvmev-BRHS_Girls_Tennis_05_Dirigo_court_2,https://archive.org/details/bbrtvmev-BRHS_Girls_Tennis_05_Dirigo_court_2,https://archive.org/download/bbrtvmev-BRHS_Girls_Tennis_05_Dirigo_court_2/BRHS_Girls_Tennis_05_Dirigo_court_2.mp4,BRHS Girls Tennis 05 Dirigo_court 2,null,BRTV,2026-06-23,,tennis,female,,,,Girls Tennis,BRHS_Girls_Tennis_05_Dirigo_court_2.mp4,721243492,7026.97,unreviewed,
InternetArchive,IA:bbrtvmev-BRHS_Girls_Tennis_05_Dirigo_court_3,bbrtvmev-BRHS_Girls_Tennis_05_Dirigo_court_3,https://archive.org/details/bbrtvmev-BRHS_Girls_Tennis_05_Dirigo_court_3,https://archive.org/download/bbrtvmev-BRHS_Girls_Tennis_05_Dirigo_court_3/BRHS_Girls_Tennis_05_Dirigo_court_3.mp4,BRHS Girls Tennis 05 Dirigo_court 3,null,BRTV,2026-06-23,,tennis,female,,,,Girls Tennis,BRHS_Girls_Tennis_05_Dirigo_court_3.mp4,617411913,5988.03,unreviewed,
InternetArchive,IA:ccxnewsmn-Breck_Girls_Tennis_Places_Third_at_State_Tournament,ccxnewsmn-Breck_Girls_Tennis_Places_Third_at_State_Tournament,https://archive.org/details/ccxnewsmn-Breck_Girls_Tennis_Places_Third_at_State_Tournament,https://archive.org/download/ccxnewsmn-Breck_Girls_Tennis_Places_Third_at_State_Tournament/Breck_Girls_Tennis_Places_Third_at_State_Tournament.mp4,Breck Girls Tennis Places Third at State Tournament,"After getting upset by Litchfield in the state class A semifinals, the Breck girls tennis team bounced back to beat Foley 5-2 in the third place match.<br /><br />The Mustangs swept the singles matches and also won at first doubles on the way to the victory. Singles and doubles competition wraps up Friday.<br /><br /><br />Website - http://www.ccxmedia.org<br />Twitter - http://twitter.com/ccxnews<br />Facebook - https://www.facebook.com/ccxmedia.org/<br /><br />CCX Media is on Comcast Xfinity in the Northwest Suburbs of Minneapolis and includes the cities Brooklyn Center, Brooklyn Park, Crystal, Golden Valley, Maple Grove, New Hope, Osseo, Plymouth and Robbinsdale.",CCX News,2025-10-23,,tennis,female,,,,Girls Tennis,Breck_Girls_Tennis_Places_Third_at_State_Tournament.mp4,7444791,79.02,unreviewed,
InternetArchive,IA:ccxnewsmn-Maple_Grove_Girls_Tennis_Beats_Hopkins-icoTc0XrskI,ccxnewsmn-Maple_Grove_Girls_Tennis_Beats_Hopkins-icoTc0XrskI,https://archive.org/details/ccxnewsmn-Maple_Grove_Girls_Tennis_Beats_Hopkins-icoTc0XrskI,https://archive.org/download/ccxnewsmn-Maple_Grove_Girls_Tennis_Beats_Hopkins-icoTc0XrskI/Maple_Grove_Girls_Tennis_Beats_Hopkins-icoTc0XrskI.mp4,Maple Grove Girls Tennis Beats Hopkins,"The Maple Grove girls tennis team beat visiting Hopkins 6-1 in a Lake Conference match Tuesday. It was the season opener for Hopkins, while Maple Grove improved to 2-0 with the victory. <br /><br />Website - http://www.ccxmedia.org<br />Twitter - http://twitter.com/ccxnews<br />Facebook - https://www.facebook.com/ccxmedia.org/<br /><br />CCX Media is on Comcast Xfinity in the Northwest Suburbs of Minneapolis and includes the cities Brooklyn Center, Brooklyn Park, Crystal, Golden Valley, Maple Grove, New Hope, Osseo, Plymouth and Robbinsdale.",CCX News,2026-09-02,,tennis,female,,,,Girls Tennis,Maple_Grove_Girls_Tennis_Beats_Hopkins-icoTc0XrskI.mp4,8701995,93.93,unreviewed,
InternetArchive,IA:ccxnewsmn-Maple_Grove_Girls_Tennis_Falls_to_Mounds_View_in_Section_5AAA_Final,ccxnewsmn-Maple_Grove_Girls_Tennis_Falls_to_Mounds_View_in_Section_5AAA_Final,https://archive.org/details/ccxnewsmn-Maple_Grove_Girls_Tennis_Falls_to_Mounds_View_in_Section_5AAA_Final,https://archive.org/download/ccxnewsmn-Maple_Grove_Girls_Tennis_Falls_to_Mounds_View_in_Section_5AAA_Final/Maple_Grove_Girls_Tennis_Falls_to_Mounds_View_in_Section_5AAA_Final.mp4,Maple Grove Girls Tennis Falls to Mounds View in Section 5AAA Final,"The Maple Grove girls tennis team lost a close match by a score of 4-3 to Mounds View in the section 5AAA final to conclude their team season. The Crimson earned wins in all their doubles with Rylee Toms and Lexi-Helmer-Jahnke taking first doubles (6-1, 6-2), Rachel Johnson and Peyton Weigelt earning a win in second doubles (6-4, 6-3), and Livia Walseth and Gianna Tritchler taking third doubles (6-3, 6-4). The Section 5AAA individual girls tennis tournament will start on Monday, October 13th.<br /><br /><br />Website - http://www.ccxmedia.org<br />Twitter - http://twitter.com/ccxnews<br />Facebook - https://www.facebook.com/ccxmedia.org/<br /><br />CCX Media is on Comcast Xfinity in the Northwest Suburbs of Minneapolis and includes the cities Brooklyn Center, Brooklyn Park, Crystal, Golden Valley, Maple Grove, New Hope, Osseo, Plymouth and Robbinsdale.",CCX News,2025-10-10,,tennis,female,,,,Girls Tennis,Maple_Grove_Girls_Tennis_Falls_to_Mounds_View_in_Section_5AAA_Final.mp4,10447372,110.78,unreviewed,
InternetArchive,IA:ccxnewsmn-Wayzata_Girls_Tennis_Falls_to_Edina_in_Section_6AAA_Final,ccxnewsmn-Wayzata_Girls_Tennis_Falls_to_Edina_in_Section_6AAA_Final,https://archive.org/details/ccxnewsmn-Wayzata_Girls_Tennis_Falls_to_Edina_in_Section_6AAA_Final,https://archive.org/download/ccxnewsmn-Wayzata_Girls_Tennis_Falls_to_Edina_in_Section_6AAA_Final/Wayzata_Girls_Tennis_Falls_to_Edina_in_Section_6AAA_Final.mp4,Wayzata Girls Tennis Falls to Edina in Section 6AAA Final,"Wayzata swept the doubles matches but Edina dominated in singles as the Hornets edged the Trojans 4-3 in the Section 6AAA girls tennis final Thursday.<br /><br />All of the matches were won in straight sets. Third doubles and fourth singles were the only matches in which the losing player or team won more than two games.<br /><br />Section singles and doubles competition is Monday and Tuesday.<br /><br /><br />Website - http://www.ccxmedia.org<br />Twitter - http://twitter.com/ccxnews<br />Facebook - https://www.facebook.com/ccxmedia.org/<br /><br />CCX Media is on Comcast Xfinity in the Northwest Suburbs of Minneapolis and includes the cities Brooklyn Center, Brooklyn Park, Crystal, Golden Valley, Maple Grove, New Hope, Osseo, Plymouth and Robbinsdale.",CCX News,2025-10-10,,tennis,female,,,,Girls Tennis,Wayzata_Girls_Tennis_Falls_to_Edina_in_Section_6AAA_Final.mp4,8488839,90.16,unreviewed,
InternetArchive,IA:ctncrmn-Girls_Tennis_-_Fridley_at_Coon_Rapids_9.16.26-X0fMwETnyKo,ctncrmn-Girls_Tennis_-_Fridley_at_Coon_Rapids_9.16.26-X0fMwETnyKo,https://archive.org/details/ctncrmn-Girls_Tennis_-_Fridley_at_Coon_Rapids_9.16.26-X0fMwETnyKo,https://archive.org/download/ctncrmn-Girls_Tennis_-_Fridley_at_Coon_Rapids_9.16.26-X0fMwETnyKo/Girls_Tennis_-_Fridley_at_Coon_Rapids_9.16.26-X0fMwETnyKo.mp4,Girls Tennis: Fridley at Coon Rapids 9.16.26,,CTN Coon Rapids,2026-09-16,,tennis,female,,,,Girls Tennis,Girls_Tennis_-_Fridley_at_Coon_Rapids_9.16.26-X0fMwETnyKo.mp4,523083080,5396.41,unreviewed,
InternetArchive,IA:ecatma-OA_Girls_Tennis_VS_Milford_4_29_26,ecatma-OA_Girls_Tennis_VS_Milford_4_29_26,https://archive.org/details/ecatma-OA_Girls_Tennis_VS_Milford_4_29_26,https://archive.org/download/ecatma-OA_Girls_Tennis_VS_Milford_4_29_26/OA_Girls_Tennis_VS_Milford_4_29_26.mp4,OA Girls Tennis VS Milford 4/29/26,"Oliver Ames Tigers vs Milford Red Scarlett<br />#2 Doubles<br />OA Hannah Le and Maddie Maczko        6  6<br />MIL Rupinka Golla and Maggy Zou          2  0<br />FINAL OA Tennis Courts<br />4/29/26<br />The mission of Easton Community Access Television (ECAT) is to develop and produce educational, cultural and informational community programming for the Town of Easton, MA and to provide an electronic forum for the free exchange of information and ideas which reflect the talents, interests, concerns and diversity of Easton residents.<br />Follow us on Facebook: https://www.facebook.com/eastoncat<br />and Instagram: https://www.instagram.com/eastontv/<br />And check out our website: https://eastoncat.org/<br /><br />You can donate to ECAT here: https://buy.stripe.com/dR69D9atv1HS1DG9AB",ECAT,2026-04-30,,tennis,female,,,,Girls Tennis,OA_Girls_Tennis_VS_Milford_4_29_26.mp4,280217430,2832.14,unreviewed,
InternetArchive,IA:ecatma-OA_Girls_Tennis_vs_Attleboro_2nd_Singles_4_08_26,ecatma-OA_Girls_Tennis_vs_Attleboro_2nd_Singles_4_08_26,https://archive.org/details/ecatma-OA_Girls_Tennis_vs_Attleboro_2nd_Singles_4_08_26,https://archive.org/download/ecatma-OA_Girls_Tennis_vs_Attleboro_2nd_Singles_4_08_26/OA_Girls_Tennis_vs_Attleboro_2nd_Singles_4_08_26.mp4,OA Girls Tennis vs Attleboro 2nd Singles 4/08/26,"Oliver Ames Tigers vs Attleboro Bombardiers<br />2nd Singles<br />OA Katheryn Weiler      6 6  <br />ATT Lexi Frackelton     1 0 <br />FINAL OA Tennis Courts<br />4/08/26<br />The mission of Easton Community Access Television (ECAT) is to develop and produce educational, cultural and informational community programming for the Town of Easton, MA and to provide an electronic forum for the free exchange of information and ideas which reflect the talents, interests, concerns and diversity of Easton residents.<br />Follow us on Facebook: https://www.facebook.com/eastoncat<br />and Instagram: https://www.instagram.com/eastontv/<br />And check out our website: https://eastoncat.org/<br /><br />You can donate to ECAT here: https://buy.stripe.com/dR69D9atv1HS1DG9AB",ECAT,2026-04-09,,tennis,female,,,,Girls Tennis,OA_Girls_Tennis_vs_Attleboro_2nd_Singles_4_08_26.mp4,351717167,3518.01,unreviewed,
InternetArchive,IA:ecatma-OA_Girls_Tennis_vs_Franklin_Doubles_3_27_26,ecatma-OA_Girls_Tennis_vs_Franklin_Doubles_3_27_26,https://archive.org/details/ecatma-OA_Girls_Tennis_vs_Franklin_Doubles_3_27_26,https://archive.org/download/ecatma-OA_Girls_Tennis_vs_Franklin_Doubles_3_27_26/OA_Girls_Tennis_vs_Franklin_Doubles_3_27_26.mp4,OA Girls Tennis vs Franklin Doubles 3/27/26,"Oliver Ames Tigers vs Franklin Panthers<br />Doubles<br />OA Ali Querzoli & Hannah Le FRA Lilly Depoto and Julianne Love (6-4, 6-2) FINAL<br />OA Tennis Courts<br />3/27/26<br />The mission of Easton Community Access Television (ECAT) is to develop and produce educational, cultural and informational community programming for the Town of Easton, MA and to provide an electronic forum for the free exchange of information and ideas which reflect the talents, interests, concerns and diversity of Easton residents.<br />Follow us on Facebook: https://www.facebook.com/eastoncat<br />and Instagram: https://www.instagram.com/eastontv/<br />And check out our website: https://eastoncat.org/<br /><br />You can donate to ECAT here: https://buy.stripe.com/dR69D9atv1HS1DG9AB",ECAT,2026-03-28,,tennis,female,,,,Girls Tennis,OA_Girls_Tennis_vs_Franklin_Doubles_3_27_26.mp4,435419848,4404.11,unreviewed,
InternetArchive,IA:ecatma-OA_Girls_Tennis_vs_Mansfield_2_Doubles_5_08_26,ecatma-OA_Girls_Tennis_vs_Mansfield_2_Doubles_5_08_26,https://archive.org/details/ecatma-OA_Girls_Tennis_vs_Mansfield_2_Doubles_5_08_26,https://archive.org/download/ecatma-OA_Girls_Tennis_vs_Mansfield_2_Doubles_5_08_26/OA_Girls_Tennis_vs_Mansfield_2_Doubles_5_08_26.mp4,OA Girls Tennis vs Mansfield #2 Doubles 5/08/26,"Oliver Ames Tigers vs Mansfield Hornets<br />#2 Doubles<br />OA Ali Querzoli & Hannah Le                               7  6<br />MAN Madelyn Buckley & Catherine McGlone   6  1<br />FINAL OA Tennis Courts<br />5/08/26<br /><br />The mission of Easton Community Access Television (ECAT) is to develop and produce educational, cultural and informational community programming for the Town of Easton, MA and to provide an electronic forum for the free exchange of information and ideas which reflect the talents, interests, concerns and diversity of Easton residents.<br />Follow us on Facebook: https://www.facebook.com/eastoncat<br />and Instagram: https://www.instagram.com/eastontv/<br />And check out our website: https://eastoncat.org/<br /><br />You can donate to ECAT here: https://buy.stripe.com/dR69D9atv1HS1DG9AB",ECAT,2026-05-11,,tennis,female,,,,Girls Tennis,OA_Girls_Tennis_vs_Mansfield_2_Doubles_5_08_26.mp4,516138280,5321.18,unreviewed,
InternetArchive,IA:ecatma-OA_Girls_Tennis_vs_North_Attleboro_1_Double_5_18_26,ecatma-OA_Girls_Tennis_vs_North_Attleboro_1_Double_5_18_26,https://archive.org/details/ecatma-OA_Girls_Tennis_vs_North_Attleboro_1_Double_5_18_26,https://archive.org/download/ecatma-OA_Girls_Tennis_vs_North_Attleboro_1_Double_5_18_26/OA_Girls_Tennis_vs_North_Attleboro_1_Double_5_18_26.mp4,OA Girls Tennis vs North Attleboro #1 Double 5/18/26,"Oliver Ames Tigers vs North Attleboro Rocketeers <br />#1 Doubles<br />OA Ali Querzoli & Sophie Deschene     6  6<br />NA Caroline Gill & Merissa Scholl.       0  0<br />FINAL OA Tennis Courts<br />5/18/26<br />The mission of Easton Community Access Television (ECAT) is to develop and produce educational, cultural and informational community programming for the Town of Easton, MA and to provide an electronic forum for the free exchange of information and ideas which reflect the talents, interests, concerns and diversity of Easton residents.<br />Follow us on Facebook: https://www.facebook.com/eastoncat<br />and Instagram: https://www.instagram.com/eastontv/<br />And check out our website: https://eastoncat.org/<br /><br />You can donate to ECAT here: https://buy.stripe.com/dR69D9atv1HS1DG9AB",ECAT,2026-05-19,,tennis,female,,,,Girls Tennis,OA_Girls_Tennis_vs_North_Attleboro_1_Double_5_18_26.mp4,359374883,3586.3,unreviewed,
InternetArchive,IA:ecatma-OA_Girls_Tennis_vs_Stoughton_1_Double_5_21_26,ecatma-OA_Girls_Tennis_vs_Stoughton_1_Double_5_21_26,https://archive.org/details/ecatma-OA_Girls_Tennis_vs_Stoughton_1_Double_5_21_26,https://archive.org/download/ecatma-OA_Girls_Tennis_vs_Stoughton_1_Double_5_21_26/OA_Girls_Tennis_vs_Stoughton_1_Double_5_21_26.mp4,OA Girls Tennis vs Stoughton #1 Double 5/21/26,"Oliver Ames Tigers vs Stoughton Black Knights<br />#1 Doubles<br />OA Ali Querzoli & Addie Stebbins                 6  6<br />STO Makayla Geaffed & Yashica Malyk      2  4<br />FINAL OA Tennis Courts<br />5/21/26<br />The mission of Easton Community Access Television (ECAT) is to develop and produce educational, cultural and informational community programming for the Town of Easton, MA and to provide an electronic forum for the free exchange of information and ideas which reflect the talents, interests, concerns and diversity of Easton residents.<br />Follow us on Facebook: https://www.facebook.com/eastoncat<br />and Instagram: https://www.instagram.com/eastontv/<br />And check out our website: https://eastoncat.org/<br /><br />You can donate to ECAT here: https://buy.stripe.com/dR69D9atv1HS1DG9AB",ECAT,2026-05-21,,tennis,female,,,,Girls Tennis,OA_Girls_Tennis_vs_Stoughton_1_Double_5_21_26.mp4,486549349,4887.29,unreviewed,
InternetArchive,IA:fcatma-Frontier_Regional_Girls_Tennis_vs_Turners_Falls,fcatma-Frontier_Regional_Girls_Tennis_vs_Turners_Falls,https://archive.org/details/fcatma-Frontier_Regional_Girls_Tennis_vs_Turners_Falls,https://archive.org/download/fcatma-Frontier_Regional_Girls_Tennis_vs_Turners_Falls/Frontier_Regional_Girls_Tennis_vs_Turners_Falls.mp4,Frontier Regional Girls Tennis vs Turners Falls,,FCAT,2026-05-12,,tennis,female,,,,Girls Tennis,Frontier_Regional_Girls_Tennis_vs_Turners_Falls.mp4,346069300,3525.14,unreviewed,
InternetArchive,IA:hcamma-Hiller_Girls_Tennis_Wins_Regular_Season_Finale_on_May_20_2026,hcamma-Hiller_Girls_Tennis_Wins_Regular_Season_Finale_on_May_20_2026,https://archive.org/details/hcamma-Hiller_Girls_Tennis_Wins_Regular_Season_Finale_on_May_20_2026,https://archive.org/download/hcamma-Hiller_Girls_Tennis_Wins_Regular_Season_Finale_on_May_20_2026/Hiller_Girls_Tennis_Wins_Regular_Season_Finale_on_May_20_2026.mp4,Hiller Girls Tennis Wins Regular Season Finale on May 20 2026,"Hiller Girls Tennis Wins Regular Season Finale on May 20 2026, 4-1 over Holliston",HCAM,2026-05-23,,tennis,female,,,,Girls Tennis,Hiller_Girls_Tennis_Wins_Regular_Season_Finale_on_May_20_2026.mp4,85466255,873.7,unreviewed,
InternetArchive,IA:iemgca-IEMG_SPORTS_WEEKLY_-_Cajon_vs._Arroyo_Valley_Girls_Tennis_Perris_vs._Arroyo_-Tj54a581FNI,iemgca-IEMG_SPORTS_WEEKLY_-_Cajon_vs._Arroyo_Valley_Girls_Tennis_Perris_vs._Arroyo_-Tj54a581FNI,https://archive.org/details/iemgca-IEMG_SPORTS_WEEKLY_-_Cajon_vs._Arroyo_Valley_Girls_Tennis_Perris_vs._Arroyo_-Tj54a581FNI,https://archive.org/download/iemgca-IEMG_SPORTS_WEEKLY_-_Cajon_vs._Arroyo_Valley_Girls_Tennis_Perris_vs._Arroyo_-Tj54a581FNI/IEMG_SPORTS_WEEKLY_-_Cajon_vs._Arroyo_Valley_Girls_Tennis_Perris_vs._Arroyo_-Tj54a581FNI.mp4,"IEMG SPORTS WEEKLY: Cajon vs. Arroyo Valley Girls Tennis, Perris vs. Arroyo Valley Boys Water Polo","(San Bernardino, CA) Highlights of Cajon vs. Arroyo Valley girls tennis plus an interview with Cajon coach Ryan Ryker. We also hear from Arroyo Valley water polo coach Peter Gonzalez as the Hawks took on Perris. Also, highlights of San Bernardino Valley College vs. Mira Costa in women's volleyball.<br /><br /><br />City of San Bernardino<br />290 North D Street, San Bernardino, CA 92401<br />📞  (909) 384-7272<br />🖥  https://www.sbcity.org/<br /><br />📲  Social Media Links<br />https://www.facebook.com/sbcitygov/<br />https://www.instagram.com/sbcitygov/<br />https://www.youtube.com/user/iemediagroup<br /><br />#sanbernardino #cityofsanbernardino #909",IEMG -  Inland Empire Media Group,2026-09-02,,tennis,female,,,,Girls Tennis,IEMG_SPORTS_WEEKLY_-_Cajon_vs._Arroyo_Valley_Girls_Tennis_Perris_vs._Arroyo_-Tj54a581FNI.mp4,43610513,452.21,unreviewed,
InternetArchive,IA:mhtvmav-MHS_Girls_Tennis_Team_Update,mhtvmav-MHS_Girls_Tennis_Team_Update,https://archive.org/details/mhtvmav-MHS_Girls_Tennis_Team_Update,https://archive.org/download/mhtvmav-MHS_Girls_Tennis_Team_Update/MHS_Girls_Tennis_Team_Update.mp4,MHS Girls Tennis Team Update,MHTV's Jess Burton spoke with MHS Girls Tennis HC Tracy Ackerman and the three captains about how the season is going.<br /><br />c.Marblehead Community Access and Media. All rights reserved. 2026,MHTV,2026-05-07,,tennis,female,,,,Girls Tennis,MHS_Girls_Tennis_Team_Update.mp4,21723745,221.61,unreviewed,
InternetArchive,IA:npmma-Afternoon_Drive_with_Drew_Moholland_-_May_21st_2026_NHS_Girls_Tennis,npmma-Afternoon_Drive_with_Drew_Moholland_-_May_21st_2026_NHS_Girls_Tennis,https://archive.org/details/npmma-Afternoon_Drive_with_Drew_Moholland_-_May_21st_2026_NHS_Girls_Tennis,https://archive.org/download/npmma-Afternoon_Drive_with_Drew_Moholland_-_May_21st_2026_NHS_Girls_Tennis/Afternoon_Drive_with_Drew_Moholland_-_May_21st_2026_NHS_Girls_Tennis.mp4,"Afternoon Drive with Drew Moholland - May 21st, 2026 NHS Girls Tennis","Link to audio version: https://on.soundcloud.com/voWQKtiH6YEFeoedoO<br /><br />GENERAL DISCLAIMER: All opinions expressed by the Program Participants are solely their current opinions and do not reflect the opinions of NCM Hub, PortMedia, and WJOP 96.3 FM​<br /><br />Produced in Cooperation with the Public Access Facilities of PortMedia & Joppa Radio WJOP 96.3FM, a division of the Newburyport Community Media Hub.<br />© NCM Hub 2026",PortMedia,2026-05-21,,tennis,female,,,,Girls Tennis,Afternoon_Drive_with_Drew_Moholland_-_May_21st_2026_NHS_Girls_Tennis.mp4,141886605,1459.91,unreviewed,
InternetArchive,IA:qctvmn-Champlin_Park_Girls_Tennis_2025_Champlin_MN_QCTV,qctvmn-Champlin_Park_Girls_Tennis_2025_Champlin_MN_QCTV,https://archive.org/details/qctvmn-Champlin_Park_Girls_Tennis_2025_Champlin_MN_QCTV,https://archive.org/download/qctvmn-Champlin_Park_Girls_Tennis_2025_Champlin_MN_QCTV/Champlin_Park_Girls_Tennis_2025_Champlin_MN_QCTV.mp4,"Champlin Park Girls Tennis 2025 - Champlin, MN - QCTV","The Champlin Park Girls Tennis team discuss the challenges, strategies, and the focus that comes with each match.  <br /><br />CONNECT WITH US: <br />Our website:<br />http://qctv.org/<br />Live TV:<br />http://qctv.org/live<br />Sports:<br />http://qctv.org/sports/<br />Full Episodes of ""The Post"":<br />http://qctv.org/the-post/<br /><br />#qctv #tennis #champlinparkrebels",QCTV,2025-11-08,,tennis,female,,,,Girls Tennis,Champlin_Park_Girls_Tennis_2025_Champlin_MN_QCTV.mp4,13123992,132.47,unreviewed,
InternetArchive,IA:tarva-Girls_Tennis_Media_Day_2026-3_KbbQeoLno,tarva-Girls_Tennis_Media_Day_2026-3_KbbQeoLno,https://archive.org/details/tarva-Girls_Tennis_Media_Day_2026-3_KbbQeoLno,https://archive.org/download/tarva-Girls_Tennis_Media_Day_2026-3_KbbQeoLno/Girls_Tennis_Media_Day_2026-3_KbbQeoLno.mp4,Girls Tennis Media Day 2026,,Trinity Athletics RVA,2026-09-03,,tennis,female,,,,Girls Tennis,Girls_Tennis_Media_Day_2026-3_KbbQeoLno.mp4,23473425,245.39,unreviewed,
InternetArchive,IA:tarva-TESPN_Podcast_9_25_-_Girls_Tennis_seniors_talk_about_building_a_team_in_an_individual_spor,tarva-TESPN_Podcast_9_25_-_Girls_Tennis_seniors_talk_about_building_a_team_in_an_individual_spor,https://archive.org/details/tarva-TESPN_Podcast_9_25_-_Girls_Tennis_seniors_talk_about_building_a_team_in_an_individual_spor,https://archive.org/download/tarva-TESPN_Podcast_9_25_-_Girls_Tennis_seniors_talk_about_building_a_team_in_an_individual_spor/TESPN_Podcast_9_25_-_Girls_Tennis_seniors_talk_about_building_a_team_in_an_individual_spor.mp4,TESPN Podcast 9/25: Girls Tennis seniors talk about building a team in an individual sport,,Trinity Athletics RVA,2025-09-26,,tennis,female,,,,Girls Tennis,TESPN_Podcast_9_25_-_Girls_Tennis_seniors_talk_about_building_a_team_in_an_individual_spor.mp4,89377206,885.87,unreviewed,
InternetArchive,IA:tarva-TESPN_Podcast_9_3_-_Girls_Tennis_Players_Hadley_Bald_Ellie_Kearfott_talk_a_ne-GP--PtDP2dg,tarva-TESPN_Podcast_9_3_-_Girls_Tennis_Players_Hadley_Bald_Ellie_Kearfott_talk_a_ne-GP--PtDP2dg,https://archive.org/details/tarva-TESPN_Podcast_9_3_-_Girls_Tennis_Players_Hadley_Bald_Ellie_Kearfott_talk_a_ne-GP--PtDP2dg,https://archive.org/download/tarva-TESPN_Podcast_9_3_-_Girls_Tennis_Players_Hadley_Bald_Ellie_Kearfott_talk_a_ne-GP--PtDP2dg/TESPN_Podcast_9_3_-_Girls_Tennis_Players_Hadley_Bald_Ellie_Kearfott_talk_a_ne-GP--PtDP2dg.mp4,TESPN Podcast 9/3: Girls Tennis Players Hadley Bald & Ellie Kearfott talk a new season on the court,,Trinity Athletics RVA,2026-09-03,,tennis,female,,,,Girls Tennis,TESPN_Podcast_9_3_-_Girls_Tennis_Players_Hadley_Bald_Ellie_Kearfott_talk_a_ne-GP--PtDP2dg.mp4,91632483,942.06,unreviewed,
InternetArchive,IA:tufsdny-Tuckahoe_High_School_Varsity_Girls_Tennis_-_Tuckahoe_vs._Valhalla_Highlights_2025,tufsdny-Tuckahoe_High_School_Varsity_Girls_Tennis_-_Tuckahoe_vs._Valhalla_Highlights_2025,https://archive.org/details/tufsdny-Tuckahoe_High_School_Varsity_Girls_Tennis_-_Tuckahoe_vs._Valhalla_Highlights_2025,https://archive.org/download/tufsdny-Tuckahoe_High_School_Varsity_Girls_Tennis_-_Tuckahoe_vs._Valhalla_Highlights_2025/Tuckahoe_High_School_Varsity_Girls_Tennis_-_Tuckahoe_vs._Valhalla_Highlights_2025.mp4,Tuckahoe High School Varsity Girls Tennis: Tuckahoe vs. Valhalla Highlights 2025,,Tuckahoe Union Free School District,2025-10-28,,tennis,female,,,,Girls Tennis,Tuckahoe_High_School_Varsity_Girls_Tennis_-_Tuckahoe_vs._Valhalla_Highlights_2025.mp4,130202497,1342.88,unreviewed,
InternetArchive,IA:wacama-Ashland_Varsity_Girls_Tennis_VS_Westwood_4-29-26,wacama-Ashland_Varsity_Girls_Tennis_VS_Westwood_4-29-26,https://archive.org/details/wacama-Ashland_Varsity_Girls_Tennis_VS_Westwood_4-29-26,https://archive.org/download/wacama-Ashland_Varsity_Girls_Tennis_VS_Westwood_4-29-26/Ashland_Varsity_Girls_Tennis_VS_Westwood_4-29-26.mp4,Ashland Varsity Girls Tennis VS Westwood  4-29-26,Ashland Varsity Girls Tennis VS Westwood  4-29-26,WACA TV,2026-04-30,,tennis,female,,,,Girls Tennis,Ashland_Varsity_Girls_Tennis_VS_Westwood_4-29-26.mp4,456699601,4609.93,unreviewed,
InternetArchive,IA:westcatma-WHS_Sports_-_Girls_Tennis_vs_Agawam_05_27_26,westcatma-WHS_Sports_-_Girls_Tennis_vs_Agawam_05_27_26,https://archive.org/details/westcatma-WHS_Sports_-_Girls_Tennis_vs_Agawam_05_27_26,https://archive.org/download/westcatma-WHS_Sports_-_Girls_Tennis_vs_Agawam_05_27_26/WHS_Sports_-_Girls_Tennis_vs_Agawam_05_27_26.mp4,WHS Sports - Girls Tennis vs Agawam 05/27/26,"This is the Westwood Girls Tennis Round of 32 matchup against Agawam from May 27th<br /><br />Thank you for watching! We are Westwood Media Center. We promote and enhance local television content to Westwood residents via cable and online channels to support an informed and active citizenry, increase the transparency and quality of civic decision-making, deepen understanding of local issues of importance, and promote civility in public dialogue while respecting the rights to free speech and creative expression.<br /><br />SUBSCRIBE TO OUR YOUTUBE NOW<br /><br />FOLLOW US HERE <br />Website: https://westwoodmediacenter.tv/<br />Instagram: https://www.instagram.com/westwood_mediacenter/<br />Twitter: https://x.com/westwood_media<br />Facebook: https://www.facebook.com/westwoodmediacenter<br />TikTok: https://www.tiktok.com/@westwoodmediacenter",WMC,2026-05-28,,tennis,female,,,,Girls Tennis,WHS_Sports_-_Girls_Tennis_vs_Agawam_05_27_26.mp4,420043329,4367.63,unreviewed,
InternetArchive,IA:westcatma-WHS_Sports_-_Girls_Tennis_vs_Ashland_05_20_26,westcatma-WHS_Sports_-_Girls_Tennis_vs_Ashland_05_20_26,https://archive.org/details/westcatma-WHS_Sports_-_Girls_Tennis_vs_Ashland_05_20_26,https://archive.org/download/westcatma-WHS_Sports_-_Girls_Tennis_vs_Ashland_05_20_26/WHS_Sports_-_Girls_Tennis_vs_Ashland_05_20_26.mp4,WHS Sports - Girls Tennis vs Ashland 05/20/26,"This is the Westwood Girls Tennis match against Ashland from May 20th<br /><br />Thank you for watching! We are Westwood Media Center. We promote and enhance local television content to Westwood residents via cable and online channels to support an informed and active citizenry, increase the transparency and quality of civic decision-making, deepen understanding of local issues of importance, and promote civility in public dialogue while respecting the rights to free speech and creative expression.<br /><br />SUBSCRIBE TO OUR YOUTUBE NOW<br /><br />FOLLOW US HERE <br />Website: https://westwoodmediacenter.tv/<br />Instagram: https://www.instagram.com/westwood_mediacenter/<br />Twitter: https://x.com/westwood_media<br />Facebook: https://www.facebook.com/westwoodmediacenter<br />TikTok: https://www.tiktok.com/@westwoodmediacenter",WMC,2026-05-22,,tennis,female,,,,Girls Tennis,WHS_Sports_-_Girls_Tennis_vs_Ashland_05_20_26.mp4,225971118,2345.84,unreviewed,
InternetArchive,IA:westcatma-WHS_Sports_-_Girls_Tennis_vs_Bishop_Stang_06_02_26,westcatma-WHS_Sports_-_Girls_Tennis_vs_Bishop_Stang_06_02_26,https://archive.org/details/westcatma-WHS_Sports_-_Girls_Tennis_vs_Bishop_Stang_06_02_26,https://archive.org/download/westcatma-WHS_Sports_-_Girls_Tennis_vs_Bishop_Stang_06_02_26/WHS_Sports_-_Girls_Tennis_vs_Bishop_Stang_06_02_26.mp4,WHS Sports - Girls Tennis vs Bishop Stang 06/02/26,"This is the Westwood Girls Tennis Round of 16 matchup against Bishop Stang from June 2nd<br /><br />Thank you for watching! We are Westwood Media Center. We promote and enhance local television content to Westwood residents via cable and online channels to support an informed and active citizenry, increase the transparency and quality of civic decision-making, deepen understanding of local issues of importance, and promote civility in public dialogue while respecting the rights to free speech and creative expression.<br /><br />SUBSCRIBE TO OUR YOUTUBE NOW<br /><br />FOLLOW US HERE <br />Website: https://westwoodmediacenter.tv/<br />Instagram: https://www.instagram.com/westwood_mediacenter/<br />Twitter: https://x.com/westwood_media<br />Facebook: https://www.facebook.com/westwoodmediacenter<br />TikTok: https://www.tiktok.com/@westwoodmediacenter",WMC,2026-06-03,,tennis,female,,,,Girls Tennis,WHS_Sports_-_Girls_Tennis_vs_Bishop_Stang_06_02_26.mp4,786848945,8103.93,unreviewed,
InternetArchive,IA:westcatma-WHS_Sports_-_Girls_Tennis_vs_Dedham_05_07_26,westcatma-WHS_Sports_-_Girls_Tennis_vs_Dedham_05_07_26,https://archive.org/details/westcatma-WHS_Sports_-_Girls_Tennis_vs_Dedham_05_07_26,https://archive.org/download/westcatma-WHS_Sports_-_Girls_Tennis_vs_Dedham_05_07_26/WHS_Sports_-_Girls_Tennis_vs_Dedham_05_07_26.mp4,WHS Sports - Girls Tennis vs Dedham 05/07/26,"This is the Westwood Girls Tennis matchup against Dedham from May 7th<br /><br />Thank you for watching! We are Westwood Media Center. We promote and enhance local television content to Westwood residents via cable and online channels to support an informed and active citizenry, increase the transparency and quality of civic decision-making, deepen understanding of local issues of importance, and promote civility in public dialogue while respecting the rights to free speech and creative expression.<br /><br />SUBSCRIBE TO OUR YOUTUBE NOW<br /><br />FOLLOW US HERE <br />Website: https://westwoodmediacenter.tv/<br />Instagram: https://www.instagram.com/westwood_mediacenter/<br />Twitter: https://x.com/westwood_media<br />Facebook: https://www.facebook.com/westwoodmediacenter<br />TikTok: https://www.tiktok.com/@westwoodmediacenter",WMC,2026-05-08,,tennis,female,,,,Girls Tennis,WHS_Sports_-_Girls_Tennis_vs_Dedham_05_07_26.mp4,325879916,3352.01,unreviewed,
InternetArchive,IA:wilctvma-Wildcat_Sports_Update_Episode_122_-_2026_Girls_Tennis_Captains,wilctvma-Wildcat_Sports_Update_Episode_122_-_2026_Girls_Tennis_Captains,https://archive.org/details/wilctvma-Wildcat_Sports_Update_Episode_122_-_2026_Girls_Tennis_Captains,https://archive.org/download/wilctvma-Wildcat_Sports_Update_Episode_122_-_2026_Girls_Tennis_Captains/Wildcat_Sports_Update_Episode_122_-_2026_Girls_Tennis_Captains.mp4,Wildcat Sports Update Episode 122 - 2026 Girls Tennis Captains,"Jim is joined in the studio by Savannah Beatrice, Cara DiGiovanni, and Jaslene Ryou to talk about their time on the Wilmington Girls Tennis Team and more!",WCTV,2026-05-20,,tennis,female,,,,Girls Tennis,Wildcat_Sports_Update_Episode_122_-_2026_Girls_Tennis_Captains.mp4,185350787,1845.01,unreviewed,
InternetArchive,IA:Boys_Tennis_-_Spring_Lake_Park_at_Centennial,Boys_Tennis_-_Spring_Lake_Park_at_Centennial,https://archive.org/details/Boys_Tennis_-_Spring_Lake_Park_at_Centennial,https://archive.org/download/Boys_Tennis_-_Spring_Lake_Park_at_Centennial/Boys_Tennis_-_Spring_Lake_Park_at_Centennial.mp4,Boys Tennis: Spring Lake Park at Centennial,For more info visit www.northmetrotv.com,NMTV,2026-04-30,,tennis,male,,,,Boys Tennis,Boys_Tennis_-_Spring_Lake_Park_at_Centennial.mp4,398873023,4143.14,unreviewed,
InternetArchive,IA:MATCH_RECAP_Boys_Tennis_1_Singles_-_Paxton_Vang_SLP_vs_Victor_Moua_CEN_-_April_30th_2026,MATCH_RECAP_Boys_Tennis_1_Singles_-_Paxton_Vang_SLP_vs_Victor_Moua_CEN_-_April_30th_2026,https://archive.org/details/MATCH_RECAP_Boys_Tennis_1_Singles_-_Paxton_Vang_SLP_vs_Victor_Moua_CEN_-_April_30th_2026,https://archive.org/download/MATCH_RECAP_Boys_Tennis_1_Singles_-_Paxton_Vang_SLP_vs_Victor_Moua_CEN_-_April_30th_2026/MATCH_RECAP_Boys_Tennis_1_Singles_-_Paxton_Vang_SLP_vs_Victor_Moua_CEN_-_April_30th_2026.mp4,"MATCH RECAP - Boys Tennis #1 Singles - Paxton Vang (SLP) vs Victor Moua (CEN) - April 30th, 2026",For more info visit www.northmetrotv.com,NMTV,2026-04-30,,tennis,male,,,,Boys Tennis,MATCH_RECAP_Boys_Tennis_1_Singles_-_Paxton_Vang_SLP_vs_Victor_Moua_CEN_-_April_30th_2026.mp4,10803384,111.83,unreviewed,
InternetArchive,IA:bbrtvmev-BRHS_Boys_Tennis_02_Madison_court_2_-_game_1,bbrtvmev-BRHS_Boys_Tennis_02_Madison_court_2_-_game_1,https://archive.org/details/bbrtvmev-BRHS_Boys_Tennis_02_Madison_court_2_-_game_1,https://archive.org/download/bbrtvmev-BRHS_Boys_Tennis_02_Madison_court_2_-_game_1/BRHS_Boys_Tennis_02_Madison_court_2_-_game_1.mp4,BRHS Boys Tennis 02 Madison_court 2 - game 1,null,BRTV,2026-04-28,,tennis,male,,,,Boys Tennis,BRHS_Boys_Tennis_02_Madison_court_2_-_game_1.mp4,278449089,2733.78,unreviewed,
InternetArchive,IA:bbrtvmev-BRHS_Boys_Tennis_02_Madison_court_3_-_game_1,bbrtvmev-BRHS_Boys_Tennis_02_Madison_court_3_-_game_1,https://archive.org/details/bbrtvmev-BRHS_Boys_Tennis_02_Madison_court_3_-_game_1,https://archive.org/download/bbrtvmev-BRHS_Boys_Tennis_02_Madison_court_3_-_game_1/BRHS_Boys_Tennis_02_Madison_court_3_-_game_1.mp4,BRHS Boys Tennis 02 Madison_court 3 - game 1,null,BRTV,2026-04-28,,tennis,male,,,,Boys Tennis,BRHS_Boys_Tennis_02_Madison_court_3_-_game_1.mp4,190796874,1900.61,unreviewed,
InternetArchive,IA:bbrtvmev-BRHS_Boys_Tennis_03_-_Boothbay_v_Spruce_Mt_court_1,bbrtvmev-BRHS_Boys_Tennis_03_-_Boothbay_v_Spruce_Mt_court_1,https://archive.org/details/bbrtvmev-BRHS_Boys_Tennis_03_-_Boothbay_v_Spruce_Mt_court_1,https://archive.org/download/bbrtvmev-BRHS_Boys_Tennis_03_-_Boothbay_v_Spruce_Mt_court_1/BRHS_Boys_Tennis_03_-_Boothbay_v_Spruce_Mt_court_1.mp4,BRHS Boys Tennis 03 - Boothbay v Spruce Mt_court 1,null,BRTV,2026-05-12,,tennis,male,,,,Boys Tennis,BRHS_Boys_Tennis_03_-_Boothbay_v_Spruce_Mt_court_1.mp4,469192053,4787.24,unreviewed,
InternetArchive,IA:bbrtvmev-BRHS_Boys_Tennis_03_-_Boothbay_v_Spruce_Mt_court_2,bbrtvmev-BRHS_Boys_Tennis_03_-_Boothbay_v_Spruce_Mt_court_2,https://archive.org/details/bbrtvmev-BRHS_Boys_Tennis_03_-_Boothbay_v_Spruce_Mt_court_2,https://archive.org/download/bbrtvmev-BRHS_Boys_Tennis_03_-_Boothbay_v_Spruce_Mt_court_2/BRHS_Boys_Tennis_03_-_Boothbay_v_Spruce_Mt_court_2.mp4,BRHS Boys Tennis 03 - Boothbay v Spruce Mt_court 2,null,BRTV,2026-05-12,,tennis,male,,,,Boys Tennis,BRHS_Boys_Tennis_03_-_Boothbay_v_Spruce_Mt_court_2.mp4,435289713,4255.17,unreviewed,
InternetArchive,IA:bbrtvmev-BRHS_Boys_Tennis_03_-_Boothbay_v_Spruce_Mt_court_3,bbrtvmev-BRHS_Boys_Tennis_03_-_Boothbay_v_Spruce_Mt_court_3,https://archive.org/details/bbrtvmev-BRHS_Boys_Tennis_03_-_Boothbay_v_Spruce_Mt_court_3,https://archive.org/download/bbrtvmev-BRHS_Boys_Tennis_03_-_Boothbay_v_Spruce_Mt_court_3/BRHS_Boys_Tennis_03_-_Boothbay_v_Spruce_Mt_court_3.mp4,BRHS Boys Tennis 03 - Boothbay v Spruce Mt_court 3,null,BRTV,2026-05-12,,tennis,male,,,,Boys Tennis,BRHS_Boys_Tennis_03_-_Boothbay_v_Spruce_Mt_court_3.mp4,300368971,2916.03,unreviewed,
InternetArchive,IA:bbrtvmev-BRHS_Boys_Tennis_06_NYA_court_1,bbrtvmev-BRHS_Boys_Tennis_06_NYA_court_1,https://archive.org/details/bbrtvmev-BRHS_Boys_Tennis_06_NYA_court_1,https://archive.org/download/bbrtvmev-BRHS_Boys_Tennis_06_NYA_court_1/BRHS_Boys_Tennis_06_NYA_court_1.mp4,BRHS Boys Tennis 06 NYA_court 1,null,BRTV,2026-06-01,,tennis,male,,,,Boys Tennis,BRHS_Boys_Tennis_06_NYA_court_1.mp4,937984818,9245.72,unreviewed,
InternetArchive,IA:bbrtvmev-BRHS_Boys_Tennis_06_NYA_court_2,bbrtvmev-BRHS_Boys_Tennis_06_NYA_court_2,https://archive.org/details/bbrtvmev-BRHS_Boys_Tennis_06_NYA_court_2,https://archive.org/download/bbrtvmev-BRHS_Boys_Tennis_06_NYA_court_2/BRHS_Boys_Tennis_06_NYA_court_2.mp4,BRHS Boys Tennis 06 NYA_court 2,null,BRTV,2026-06-01,,tennis,male,,,,Boys Tennis,BRHS_Boys_Tennis_06_NYA_court_2.mp4,1183358547,11641.45,unreviewed,
InternetArchive,IA:bbrtvmev-BRHS_Boys_Tennis_06_NYA_court_3,bbrtvmev-BRHS_Boys_Tennis_06_NYA_court_3,https://archive.org/details/bbrtvmev-BRHS_Boys_Tennis_06_NYA_court_3,https://archive.org/download/bbrtvmev-BRHS_Boys_Tennis_06_NYA_court_3/BRHS_Boys_Tennis_06_NYA_court_3.mp4,BRHS Boys Tennis 06 NYA_court 3,null,BRTV,2026-06-01,,tennis,male,,,,Boys Tennis,BRHS_Boys_Tennis_06_NYA_court_3.mp4,742268468,7199.34,unreviewed,
InternetArchive,IA:bbrtvmev-BRHS_Boys_Tennis_07_Madison_Playoff_01_court_1,bbrtvmev-BRHS_Boys_Tennis_07_Madison_Playoff_01_court_1,https://archive.org/details/bbrtvmev-BRHS_Boys_Tennis_07_Madison_Playoff_01_court_1,https://archive.org/download/bbrtvmev-BRHS_Boys_Tennis_07_Madison_Playoff_01_court_1/BRHS_Boys_Tennis_07_Madison_Playoff_01_court_1.mp4,BRHS Boys Tennis 07 Madison Playoff 01_court 1,null,BRTV,2026-06-19,,tennis,male,,,,Boys Tennis,BRHS_Boys_Tennis_07_Madison_Playoff_01_court_1.mp4,621345357,6172.35,unreviewed,
InternetArchive,IA:bbrtvmev-BRHS_Boys_Tennis_07_Madison_Playoff_01_court_2,bbrtvmev-BRHS_Boys_Tennis_07_Madison_Playoff_01_court_2,https://archive.org/details/bbrtvmev-BRHS_Boys_Tennis_07_Madison_Playoff_01_court_2,https://archive.org/download/bbrtvmev-BRHS_Boys_Tennis_07_Madison_Playoff_01_court_2/BRHS_Boys_Tennis_07_Madison_Playoff_01_court_2.mp4,BRHS Boys Tennis 07 Madison Playoff 01_court 2,null,BRTV,2026-06-23,,tennis,male,,,,Boys Tennis,BRHS_Boys_Tennis_07_Madison_Playoff_01_court_2.mp4,589147395,6093.08,unreviewed,
InternetArchive,IA:bbrtvmev-BRHS_Boys_Tennis_08_NYA_Playoff_02_court_1,bbrtvmev-BRHS_Boys_Tennis_08_NYA_Playoff_02_court_1,https://archive.org/details/bbrtvmev-BRHS_Boys_Tennis_08_NYA_Playoff_02_court_1,https://archive.org/download/bbrtvmev-BRHS_Boys_Tennis_08_NYA_Playoff_02_court_1/BRHS_Boys_Tennis_08_NYA_Playoff_02_court_1.mp4,BRHS Boys Tennis 08 NYA Playoff 02_court 1,null,BRTV,2026-06-23,,tennis,male,,,,Boys Tennis,BRHS_Boys_Tennis_08_NYA_Playoff_02_court_1.mp4,1217509618,12052.93,unreviewed,
InternetArchive,IA:bbrtvmev-BRHS_Boys_Tennis_08_NYA_Playoff_02_court_2,bbrtvmev-BRHS_Boys_Tennis_08_NYA_Playoff_02_court_2,https://archive.org/details/bbrtvmev-BRHS_Boys_Tennis_08_NYA_Playoff_02_court_2,https://archive.org/download/bbrtvmev-BRHS_Boys_Tennis_08_NYA_Playoff_02_court_2/BRHS_Boys_Tennis_08_NYA_Playoff_02_court_2.mp4,BRHS Boys Tennis 08 NYA Playoff 02_court 2,null,BRTV,2026-06-23,,tennis,male,,,,Boys Tennis,BRHS_Boys_Tennis_08_NYA_Playoff_02_court_2.mp4,709433013,7034.16,unreviewed,
InternetArchive,IA:bbrtvmev-BRHS_Boys_Tennis_08_NYA_Playoff_02_court_3,bbrtvmev-BRHS_Boys_Tennis_08_NYA_Playoff_02_court_3,https://archive.org/details/bbrtvmev-BRHS_Boys_Tennis_08_NYA_Playoff_02_court_3,https://archive.org/download/bbrtvmev-BRHS_Boys_Tennis_08_NYA_Playoff_02_court_3/BRHS_Boys_Tennis_08_NYA_Playoff_02_court_3.mp4,BRHS Boys Tennis 08 NYA Playoff 02_court 3,null,BRTV,2026-06-25,,tennis,male,,,,Boys Tennis,BRHS_Boys_Tennis_08_NYA_Playoff_02_court_3.mp4,1087703619,10582.42,unreviewed,
InternetArchive,IA:ccxnewsmn-Breck_Boys_Tennis_Falls_4-3_to_SPA_in_State_Final,ccxnewsmn-Breck_Boys_Tennis_Falls_4-3_to_SPA_in_State_Final,https://archive.org/details/ccxnewsmn-Breck_Boys_Tennis_Falls_4-3_to_SPA_in_State_Final,https://archive.org/download/ccxnewsmn-Breck_Boys_Tennis_Falls_4-3_to_SPA_in_State_Final/Breck_Boys_Tennis_Falls_4-3_to_SPA_in_State_Final.mp4,Breck Boys Tennis Falls 4-3 to SPA in State Final,"The Breck boys tennis team lost a heartbreaker 4-3 to St. Paul Academy in the state Class A championship match. Breck took a 3-2 lead when Gray McMillan won a second-set tiebreaker to win the third singles match. SPA took the last two matches though, winning at number one and number four singles to wrap up their fifth straight state title. <br /><br />Website - http://www.ccxmedia.org<br />Twitter - http://twitter.com/ccxnews<br />Facebook - https://www.facebook.com/ccxmedia.org/<br /><br />CCX Media is on Comcast Xfinity in the Northwest Suburbs of Minneapolis and includes the cities Brooklyn Center, Brooklyn Park, Crystal, Golden Valley, Maple Grove, New Hope, Osseo, Plymouth and Robbinsdale.",CCX News,2026-06-04,,tennis,male,,,,Boys Tennis,Breck_Boys_Tennis_Falls_4-3_to_SPA_in_State_Final.mp4,8239115,88.45,unreviewed,
InternetArchive,IA:ccxnewsmn-Ethan_Turunen_Point_-_Wayzata_Boys_Tennis_tennis_tennisplayer_tennishighlights,ccxnewsmn-Ethan_Turunen_Point_-_Wayzata_Boys_Tennis_tennis_tennisplayer_tennishighlights,https://archive.org/details/ccxnewsmn-Ethan_Turunen_Point_-_Wayzata_Boys_Tennis_tennis_tennisplayer_tennishighlights,https://archive.org/download/ccxnewsmn-Ethan_Turunen_Point_-_Wayzata_Boys_Tennis_tennis_tennisplayer_tennishighlights/Ethan_Turunen_Point_-_Wayzata_Boys_Tennis_tennis_tennisplayer_tennishighlights.mp4,Ethan Turunen Point - Wayzata Boys Tennis #tennis #tennisplayer #tennishighlights,"Wayzata junior Ethan Turunen scores a point in his match vs. St. Paul Academy. Turunen won his match 6-0, 6-3. The Trojans defeated SPA 7-0 and are now 11-0 on the season.<br /><br />To watch the full highlights, go to CCXMedia.org.<br /><br />Website - http://www.ccxmedia.org<br />Twitter - http://twitter.com/ccxnews<br />Facebook - https://www.facebook.com/ccxmedia.org/<br /><br />CCX Media is on Comcast Xfinity in the Northwest Suburbs of Minneapolis and includes the cities Brooklyn Center, Brooklyn Park, Crystal, Golden Valley, Maple Grove, New Hope, Osseo, Plymouth and Robbinsdale.",CCX News,2026-05-05,,tennis,male,,,,Boys Tennis,Ethan_Turunen_Point_-_Wayzata_Boys_Tennis_tennis_tennisplayer_tennishighlights.mp4,1132449,11.4,unreviewed,
InternetArchive,IA:ccxnewsmn-Fourth_Straight_State_Tennis_Championship_Wayzata_Boys_Tennis_tennis_tennishighlights_tenn,ccxnewsmn-Fourth_Straight_State_Tennis_Championship_Wayzata_Boys_Tennis_tennis_tennishighlights_tenn,https://archive.org/details/ccxnewsmn-Fourth_Straight_State_Tennis_Championship_Wayzata_Boys_Tennis_tennis_tennishighlights_tenn,https://archive.org/download/ccxnewsmn-Fourth_Straight_State_Tennis_Championship_Wayzata_Boys_Tennis_tennis_tennishighlights_tenn/Fourth_Straight_State_Tennis_Championship_Wayzata_Boys_Tennis_tennis_tennishighlights_tenn.mp4,Fourth Straight State Tennis Championship Wayzata Boys Tennis #tennis #tennishighlights #tennislife,"4-PEAT 🏆🏆🏆🏆<br /><br />Wayzata boys tennis is Class AA state champs AGAIN<br /><br />The Trojans won their 4th straight state title by defeating Edina 4-3.<br /><br />Both Ethan Turunen and Nolan Beduhn won in three sets to complete the comeback. <br /><br />More highlights at CCXMedia.org.<br /><br />Website - http://www.ccxmedia.org<br />Twitter - http://twitter.com/ccxnews<br />Facebook - https://www.facebook.com/ccxmedia.org/<br /><br />CCX Media is on Comcast Xfinity in the Northwest Suburbs of Minneapolis and includes the cities Brooklyn Center, Brooklyn Park, Crystal, Golden Valley, Maple Grove, New Hope, Osseo, Plymouth and Robbinsdale.",CCX News,2026-06-05,,tennis,male,,,,Boys Tennis,Fourth_Straight_State_Tennis_Championship_Wayzata_Boys_Tennis_tennis_tennishighlights_tenn.mp4,5473176,57.42,unreviewed,
InternetArchive,IA:ccxnewsmn-Jack_Rudie_and_Grant_Swanson_Points_-_Maple_Grove_Boys_Tennis_tennis_tennishighlights_tenn,ccxnewsmn-Jack_Rudie_and_Grant_Swanson_Points_-_Maple_Grove_Boys_Tennis_tennis_tennishighlights_tenn,https://archive.org/details/ccxnewsmn-Jack_Rudie_and_Grant_Swanson_Points_-_Maple_Grove_Boys_Tennis_tennis_tennishighlights_tenn,https://archive.org/download/ccxnewsmn-Jack_Rudie_and_Grant_Swanson_Points_-_Maple_Grove_Boys_Tennis_tennis_tennishighlights_tenn/Jack_Rudie_and_Grant_Swanson_Points_-_Maple_Grove_Boys_Tennis_tennis_tennishighlights_tenn.mp4,Jack Rudie and Grant Swanson Points - Maple Grove Boys Tennis #tennis #tennishighlights #tennislife,"The Maple Grove boys team won their final regular season home match over Hopkins last week by a score of 5-2. Jack Rudie and Grant Swanson scored a couple big points for the Crimson. <br /><br />To watch the full highlights, go to CCXMedia.org.<br /><br />Website - http://www.ccxmedia.org<br />Twitter - http://twitter.com/ccxnews<br />Facebook - https://www.facebook.com/ccxmedia.org/<br /><br />CCX Media is on Comcast Xfinity in the Northwest Suburbs of Minneapolis and includes the cities Brooklyn Center, Brooklyn Park, Crystal, Golden Valley, Maple Grove, New Hope, Osseo, Plymouth and Robbinsdale.",CCX News,2026-05-11,,tennis,male,,,,Boys Tennis,Jack_Rudie_and_Grant_Swanson_Points_-_Maple_Grove_Boys_Tennis_tennis_tennishighlights_tenn.mp4,2209631,23.66,unreviewed,
InternetArchive,IA:ccxnewsmn-Maple_Grove_Boys_Tennis_Takes_Down_Hopkins,ccxnewsmn-Maple_Grove_Boys_Tennis_Takes_Down_Hopkins,https://archive.org/details/ccxnewsmn-Maple_Grove_Boys_Tennis_Takes_Down_Hopkins,https://archive.org/download/ccxnewsmn-Maple_Grove_Boys_Tennis_Takes_Down_Hopkins/Maple_Grove_Boys_Tennis_Takes_Down_Hopkins.mp4,Maple Grove Boys Tennis Takes Down Hopkins,"The Maple Grove boys tennis team beat Hopkins 5-2 Thursday in a Lake Conference match. The Crimson won at first, third and fourth singles and also took the number two and three doubles matches. Section play starts next week.<br /><br />Website - http://www.ccxmedia.org<br />Twitter - http://twitter.com/ccxnews<br />Facebook - https://www.facebook.com/ccxmedia.org/<br /><br />CCX Media is on Comcast Xfinity in the Northwest Suburbs of Minneapolis and includes the cities Brooklyn Center, Brooklyn Park, Crystal, Golden Valley, Maple Grove, New Hope, Osseo, Plymouth and Robbinsdale.",CCX News,2026-05-08,,tennis,male,,,,Boys Tennis,Maple_Grove_Boys_Tennis_Takes_Down_Hopkins.mp4,8564054,91.95,unreviewed,
InternetArchive,IA:ccxnewsmn-Wayzata_Boys_Tennis_Doubles_Duo_Wins_State_Title,ccxnewsmn-Wayzata_Boys_Tennis_Doubles_Duo_Wins_State_Title,https://archive.org/details/ccxnewsmn-Wayzata_Boys_Tennis_Doubles_Duo_Wins_State_Title,https://archive.org/download/ccxnewsmn-Wayzata_Boys_Tennis_Doubles_Duo_Wins_State_Title/Wayzata_Boys_Tennis_Doubles_Duo_Wins_State_Title.mp4,Wayzata Boys Tennis Doubles Duo Wins State Title,"The Wayzata boys tennis team of Jacob Salisbury and Nolan Beduhn won the state Class AA doubles title Friday afternoon. The Trojans duo beat Eden Prairie's Varin Tangeti and Zayden Chau 6-2, 6-3 in the final. Wayzata's Ethan Turunen finished second in the singles tournament, losing a hard fought battle to top seed Soren Swenson of Mounds View 7-5, 7-6 (4).<br /><br />Website - http://www.ccxmedia.org<br />Twitter - http://twitter.com/ccxnews<br />Facebook - https://www.facebook.com/ccxmedia.org/<br /><br />CCX Media is on Comcast Xfinity in the Northwest Suburbs of Minneapolis and includes the cities Brooklyn Center, Brooklyn Park, Crystal, Golden Valley, Maple Grove, New Hope, Osseo, Plymouth and Robbinsdale.",CCX News,2026-06-05,,tennis,male,,,,Boys Tennis,Wayzata_Boys_Tennis_Doubles_Duo_Wins_State_Title.mp4,9601291,102.56,unreviewed,
InternetArchive,IA:ccxnewsmn-Wayzata_Boys_Tennis_Rallies_to_Win_AA_Team_Championship,ccxnewsmn-Wayzata_Boys_Tennis_Rallies_to_Win_AA_Team_Championship,https://archive.org/details/ccxnewsmn-Wayzata_Boys_Tennis_Rallies_to_Win_AA_Team_Championship,https://archive.org/download/ccxnewsmn-Wayzata_Boys_Tennis_Rallies_to_Win_AA_Team_Championship/Wayzata_Boys_Tennis_Rallies_to_Win_AA_Team_Championship.mp4,Wayzata Boys Tennis Rallies to Win AA Team Championship,"The Wayzata boys tennis team survived their toughest test of the season to win the Class AA team title, beating Edina 4-3. The Trojans, who won their quarterfinal and semifinal matches 7-0, trailed Edina 3-2 in team points but both Ethan Turunen at first singles and Nolan Beduhn at third singles won in three sets to give the Trojans their fourth straight state championship. Wayzata also won team points at fourth singles (Rishi Ranjith) and first doubles (Jacob Salisbury and Tommy Prondzinksi). <br /><br />Website - http://www.ccxmedia.org<br />Twitter - http://twitter.com/ccxnews<br />Facebook - https://www.facebook.com/ccxmedia.org/<br /><br />CCX Media is on Comcast Xfinity in the Northwest Suburbs of Minneapolis and includes the cities Brooklyn Center, Brooklyn Park, Crystal, Golden Valley, Maple Grove, New Hope, Osseo, Plymouth and Robbinsdale.",CCX News,2026-06-05,,tennis,male,,,,Boys Tennis,Wayzata_Boys_Tennis_Rallies_to_Win_AA_Team_Championship.mp4,12307234,130.94,unreviewed,
InternetArchive,IA:ccxnewsmn-Wayzata_Boys_Tennis_Sweeps_Blaine_in_State_Quarterfinals,ccxnewsmn-Wayzata_Boys_Tennis_Sweeps_Blaine_in_State_Quarterfinals,https://archive.org/details/ccxnewsmn-Wayzata_Boys_Tennis_Sweeps_Blaine_in_State_Quarterfinals,https://archive.org/download/ccxnewsmn-Wayzata_Boys_Tennis_Sweeps_Blaine_in_State_Quarterfinals/Wayzata_Boys_Tennis_Sweeps_Blaine_in_State_Quarterfinals.mp4,Wayzata Boys Tennis Sweeps Blaine in State Quarterfinals,"The Wayzata boys tennis team moved into the semifinals of the state Class AA team tournament with a 7-0 win over Blaine Tuesday morning. The Trojans won all seven matches in straight sets and didn't lose a game in any of the three doubles matches. Wayzata faces Mounds View in the state semifinals Wednesday morning with the championship match scheduled for 4:00 pm Wednesday at the Baseline Tennis Center in Minneapolis. The Trojans are the three-time defending state champion and number one seed for the tournament.<br /><br />Website - http://www.ccxmedia.org<br />Twitter - http://twitter.com/ccxnews<br />Facebook - https://www.facebook.com/ccxmedia.org/<br /><br />CCX Media is on Comcast Xfinity in the Northwest Suburbs of Minneapolis and includes the cities Brooklyn Center, Brooklyn Park, Crystal, Golden Valley, Maple Grove, New Hope, Osseo, Plymouth and Robbinsdale.",CCX News,2026-06-02,,tennis,male,,,,Boys Tennis,Wayzata_Boys_Tennis_Sweeps_Blaine_in_State_Quarterfinals.mp4,9478513,100.87,unreviewed,
InternetArchive,IA:ccxnewsmn-Wayzata_Boys_Tennis_Sweeps_Orono_to_Win_Section_5AA_Title,ccxnewsmn-Wayzata_Boys_Tennis_Sweeps_Orono_to_Win_Section_5AA_Title,https://archive.org/details/ccxnewsmn-Wayzata_Boys_Tennis_Sweeps_Orono_to_Win_Section_5AA_Title,https://archive.org/download/ccxnewsmn-Wayzata_Boys_Tennis_Sweeps_Orono_to_Win_Section_5AA_Title/Wayzata_Boys_Tennis_Sweeps_Orono_to_Win_Section_5AA_Title.mp4,Wayzata Boys Tennis Sweeps Orono to Win Section 5AA Title,"The Wayzata boys tennis team repeated as section champions Tuesday with a 7-0 win over Orono in the 5AA final. In a match-up of the section's top two seeds, the Trojans won five of the matches in straight sets with number one singles player Ethan Turunen and Shreyas Iyer at second singles both winning their matches in a third set super tiebreaker. Wayzata is the three-time defending state champion in Class AA. The AA state tournament is June 2-5 at Baseline Tennis Center in Minneapolis.<br /><br />Website - http://www.ccxmedia.org<br />Twitter - http://twitter.com/ccxnews<br />Facebook - https://www.facebook.com/ccxmedia.org/<br /><br />CCX Media is on Comcast Xfinity in the Northwest Suburbs of Minneapolis and includes the cities Brooklyn Center, Brooklyn Park, Crystal, Golden Valley, Maple Grove, New Hope, Osseo, Plymouth and Robbinsdale.",CCX News,2026-05-20,,tennis,male,,,,Boys Tennis,Wayzata_Boys_Tennis_Sweeps_Orono_to_Win_Section_5AA_Title.mp4,14341765,151.53,unreviewed,
InternetArchive,IA:ccxnewsmn-Wayzata_Boys_Tennis_Sweeps_St._Paul_Academy,ccxnewsmn-Wayzata_Boys_Tennis_Sweeps_St._Paul_Academy,https://archive.org/details/ccxnewsmn-Wayzata_Boys_Tennis_Sweeps_St._Paul_Academy,,Wayzata Boys Tennis Sweeps St. Paul Academy,,,2026-05-05T00:00:00Z,,tennis,male,,,,Boys Tennis,,0,0.0,unreviewed,
InternetArchive,IA:ctncrmn-Boys_Tennis_-_Spring_Lake_Park_at_Coon_Rapids_5.7.26_-_Scott_Storrick_s_last_home_match,ctncrmn-Boys_Tennis_-_Spring_Lake_Park_at_Coon_Rapids_5.7.26_-_Scott_Storrick_s_last_home_match,https://archive.org/details/ctncrmn-Boys_Tennis_-_Spring_Lake_Park_at_Coon_Rapids_5.7.26_-_Scott_Storrick_s_last_home_match,https://archive.org/download/ctncrmn-Boys_Tennis_-_Spring_Lake_Park_at_Coon_Rapids_5.7.26_-_Scott_Storrick_s_last_home_match/Boys_Tennis_-_Spring_Lake_Park_at_Coon_Rapids_5.7.26_-_Scott_Storrick_s_last_home_match.mp4,Boys Tennis: Spring Lake Park at Coon Rapids 5.7.26 - Scott Storrick's last home match,,CTN Coon Rapids,2026-05-08,,tennis,male,,,,Boys Tennis,Boys_Tennis_-_Spring_Lake_Park_at_Coon_Rapids_5.7.26_-_Scott_Storrick_s_last_home_match.mp4,576726484,5986.89,unreviewed,
InternetArchive,IA:ecatma-OA_Boys_Tennis_vs_Foxboro_1_Singles_5_11_26,ecatma-OA_Boys_Tennis_vs_Foxboro_1_Singles_5_11_26,https://archive.org/details/ecatma-OA_Boys_Tennis_vs_Foxboro_1_Singles_5_11_26,https://archive.org/download/ecatma-OA_Boys_Tennis_vs_Foxboro_1_Singles_5_11_26/OA_Boys_Tennis_vs_Foxboro_1_Singles_5_11_26.mp4,OA Boys Tennis vs Foxboro #1 Singles 5/11/26,"Oliver Ames Tigers vs Taunton Tigers<br />#1 Singles<br />OA Brendan Teegan       0  1<br />FOX Jacob Dasouza       6  6<br />FINAL OA Tennis Courts<br />5/11/26<br />The mission of Easton Community Access Television (ECAT) is to develop and produce educational, cultural and informational community programming for the Town of Easton, MA and to provide an electronic forum for the free exchange of information and ideas which reflect the talents, interests, concerns and diversity of Easton residents.<br />Follow us on Facebook: https://www.facebook.com/eastoncat<br />and Instagram: https://www.instagram.com/eastontv/<br />And check out our website: https://eastoncat.org/<br /><br />You can donate to ECAT here: https://buy.stripe.com/dR69D9atv1HS1DG9AB",ECAT,2026-05-12,,tennis,male,,,,Boys Tennis,OA_Boys_Tennis_vs_Foxboro_1_Singles_5_11_26.mp4,329528843,3345.97,unreviewed,
InternetArchive,IA:ecatma-OA_Boys_Tennis_vs_North_Attleboro_1_Singles_4_27_26,ecatma-OA_Boys_Tennis_vs_North_Attleboro_1_Singles_4_27_26,https://archive.org/details/ecatma-OA_Boys_Tennis_vs_North_Attleboro_1_Singles_4_27_26,https://archive.org/download/ecatma-OA_Boys_Tennis_vs_North_Attleboro_1_Singles_4_27_26/OA_Boys_Tennis_vs_North_Attleboro_1_Singles_4_27_26.mp4,OA Boys Tennis vs North Attleboro #1 Singles 4/27/26,"Oliver Ames Tigers vs North Attleboro Rocketters<br />#1 Singles<br />OA Max Westrbeke       6  1<br />NA Aryav Relan              7  6<br />FINAL OA Tennis Courts<br />4/27/26<br />The mission of Easton Community Access Television (ECAT) is to develop and produce educational, cultural and informational community programming for the Town of Easton, MA and to provide an electronic forum for the free exchange of information and ideas which reflect the talents, interests, concerns and diversity of Easton residents.<br />Follow us on Facebook: https://www.facebook.com/eastoncat<br />and Instagram: https://www.instagram.com/eastontv/<br />And check out our website: https://eastoncat.org/<br /><br />You can donate to ECAT here: https://buy.stripe.com/dR69D9atv1HS1DG9AB",ECAT,2026-04-29,,tennis,male,,,,Boys Tennis,OA_Boys_Tennis_vs_North_Attleboro_1_Singles_4_27_26.mp4,486983222,4939.77,unreviewed,
InternetArchive,IA:ecatma-OA_Boys_Tennis_vs_Stoughton_1_Singles_5_04_26,ecatma-OA_Boys_Tennis_vs_Stoughton_1_Singles_5_04_26,https://archive.org/details/ecatma-OA_Boys_Tennis_vs_Stoughton_1_Singles_5_04_26,https://archive.org/download/ecatma-OA_Boys_Tennis_vs_Stoughton_1_Singles_5_04_26/OA_Boys_Tennis_vs_Stoughton_1_Singles_5_04_26.mp4,OA Boys Tennis vs Stoughton #1 Singles 5/04/26,"Oliver Ames Tigers vs Stoughton Black Knights<br />#1 Singles<br />OA Brendan Teegan       6  6<br />STO Irtaza Khalil             3  3<br />FINAL OA Tennis Courts<br />5/04/26<br />The mission of Easton Community Access Television (ECAT) is to develop and produce educational, cultural and informational community programming for the Town of Easton, MA and to provide an electronic forum for the free exchange of information and ideas which reflect the talents, interests, concerns and diversity of Easton residents.<br />Follow us on Facebook: https://www.facebook.com/eastoncat<br />and Instagram: https://www.instagram.com/eastontv/<br />And check out our website: https://eastoncat.org/<br /><br />You can donate to ECAT here: https://buy.stripe.com/dR69D9atv1HS1DG9AB",ECAT,2026-05-05,,tennis,male,,,,Boys Tennis,OA_Boys_Tennis_vs_Stoughton_1_Singles_5_04_26.mp4,406232753,3958.59,unreviewed,
InternetArchive,IA:ecatma-OA_Boys_Tennis_vs_Taunton_2_Singles_5_07_26,ecatma-OA_Boys_Tennis_vs_Taunton_2_Singles_5_07_26,https://archive.org/details/ecatma-OA_Boys_Tennis_vs_Taunton_2_Singles_5_07_26,https://archive.org/download/ecatma-OA_Boys_Tennis_vs_Taunton_2_Singles_5_07_26/OA_Boys_Tennis_vs_Taunton_2_Singles_5_07_26.mp4,OA Boys Tennis vs Taunton #2 Singles 5/07/26,"Oliver Ames Tigers vs Taunton Tigers<br />#2 Singles<br />OA Max Westerbeke       1  2<br />TAU Brayden Cosimimi   6  6<br />FINAL OA Tennis Courts<br />5/07/26<br /><br />The mission of Easton Community Access Television (ECAT) is to develop and produce educational, cultural and informational community programming for the Town of Easton, MA and to provide an electronic forum for the free exchange of information and ideas which reflect the talents, interests, concerns and diversity of Easton residents.<br />Follow us on Facebook: https://www.facebook.com/eastoncat<br />and Instagram: https://www.instagram.com/eastontv/<br />And check out our website: https://eastoncat.org/<br /><br />You can donate to ECAT here: https://buy.stripe.com/dR69D9atv1HS1DG9AB",ECAT,2026-05-11,,tennis,male,,,,Boys Tennis,OA_Boys_Tennis_vs_Taunton_2_Singles_5_07_26.mp4,378520396,3788.08,unreviewed,
InternetArchive,IA:fcatma-Frontier_Boys_Tennis_vs_Minnechaug,fcatma-Frontier_Boys_Tennis_vs_Minnechaug,https://archive.org/details/fcatma-Frontier_Boys_Tennis_vs_Minnechaug,https://archive.org/download/fcatma-Frontier_Boys_Tennis_vs_Minnechaug/Frontier_Boys_Tennis_vs_Minnechaug.mp4,Frontier Boys Tennis vs Minnechaug,,FCAT,2026-04-29,,tennis,male,,,,Boys Tennis,Frontier_Boys_Tennis_vs_Minnechaug.mp4,874280000,8920.04,unreviewed,
InternetArchive,IA:fcatma-Frontier_Regional_Boys_Tennis_vs_Minnechaug,fcatma-Frontier_Regional_Boys_Tennis_vs_Minnechaug,https://archive.org/details/fcatma-Frontier_Regional_Boys_Tennis_vs_Minnechaug,https://archive.org/download/fcatma-Frontier_Regional_Boys_Tennis_vs_Minnechaug/Frontier_Regional_Boys_Tennis_vs_Minnechaug.mp4,Frontier Regional Boys Tennis vs Minnechaug,,FCAT,2026-04-29,,tennis,male,,,,Boys Tennis,Frontier_Regional_Boys_Tennis_vs_Minnechaug.mp4,883436528,9015.8,unreviewed,
InternetArchive,IA:hcamma-TVL_Large_Champion_Hopkinton_Hillers_Boys_Tennis_wraps_up_home_matches_with_win_over_Norto,hcamma-TVL_Large_Champion_Hopkinton_Hillers_Boys_Tennis_wraps_up_home_matches_with_win_over_Norto,https://archive.org/details/hcamma-TVL_Large_Champion_Hopkinton_Hillers_Boys_Tennis_wraps_up_home_matches_with_win_over_Norto,https://archive.org/download/hcamma-TVL_Large_Champion_Hopkinton_Hillers_Boys_Tennis_wraps_up_home_matches_with_win_over_Norto/TVL_Large_Champion_Hopkinton_Hillers_Boys_Tennis_wraps_up_home_matches_with_win_over_Norto.mp4,TVL Large Champion Hopkinton Hillers Boys Tennis wraps up home matches with win over Norton,TVL Large Champion Hopkinton Hillers Boys Tennis wraps up home matches with win over Norton improving to 13 and 3,HCAM,2026-05-20,,tennis,male,,,,Boys Tennis,TVL_Large_Champion_Hopkinton_Hillers_Boys_Tennis_wraps_up_home_matches_with_win_over_Norto.mp4,21051986,213.32,unreviewed,
InternetArchive,IA:iemgca-IEMG_SPORTS_WEEKLY_-_Cajon_and_Aquinas_Win_Baseball_League_Titles_CIF-SS_Boys_Tennis,iemgca-IEMG_SPORTS_WEEKLY_-_Cajon_and_Aquinas_Win_Baseball_League_Titles_CIF-SS_Boys_Tennis,https://archive.org/details/iemgca-IEMG_SPORTS_WEEKLY_-_Cajon_and_Aquinas_Win_Baseball_League_Titles_CIF-SS_Boys_Tennis,https://archive.org/download/iemgca-IEMG_SPORTS_WEEKLY_-_Cajon_and_Aquinas_Win_Baseball_League_Titles_CIF-SS_Boys_Tennis/IEMG_SPORTS_WEEKLY_-_Cajon_and_Aquinas_Win_Baseball_League_Titles_CIF-SS_Boys_Tennis.mp4,"IEMG SPORTS WEEKLY: Cajon and Aquinas Win Baseball League Titles, CIF-SS Boys Tennis","(San Bernardino, CA) The Cajon baseball team won the Citrus Belt League title while Aquinas captured its sixth Ambassador League title in a row!<br />Plus, we take a look at the teams from San Bernardino that qualified for the CIF Southern Section boys tennis playoffs.<br /><br />City of San Bernardino<br />290 North D Street, San Bernardino, CA 92401<br />📞  (909) 384-7272<br />🖥  https://www.sbcity.org/<br /><br />📲  Social Media Links<br />https://www.facebook.com/sbcitygov/<br />https://www.instagram.com/sbcitygov/<br />https://www.youtube.com/user/iemediagroup<br /><br />#sanbernardino #cityofsanbernardino #909",IEMG -  Inland Empire Media Group,2026-05-06,,tennis,male,,,,Boys Tennis,IEMG_SPORTS_WEEKLY_-_Cajon_and_Aquinas_Win_Baseball_League_Titles_CIF-SS_Boys_Tennis.mp4,31409263,428.78,unreviewed,
InternetArchive,IA:mhtvmav-MHS_Boys_Tennis_Team,mhtvmav-MHS_Boys_Tennis_Team,https://archive.org/details/mhtvmav-MHS_Boys_Tennis_Team,https://archive.org/download/mhtvmav-MHS_Boys_Tennis_Team/MHS_Boys_Tennis_Team.mp4,MHS Boys Tennis Team,"The MHS Boys Tennis team is 6-2 and is currently ranked #3 in the @miaa033 D2 Power Rankings! MHTV spoke with captains Alex Boehning, Ty Cooper, TJ Kelly, Adam Loughlin, and new head coach Karl Tenenholtz to get their thoughts on how the season is going. <br /><br />c.Marblehead Community Access and Media. All Rights Reserved. 2026",MHTV,2026-05-01,,tennis,male,,,,Boys Tennis,MHS_Boys_Tennis_Team.mp4,15715276,160.19,unreviewed,
InternetArchive,IA:nwctc-Ethan_Turunen_Point_-_Wayzata_Boys_Tennis_tennis_tennisplayer_tennishighlights,nwctc-Ethan_Turunen_Point_-_Wayzata_Boys_Tennis_tennis_tennisplayer_tennishighlights,https://archive.org/details/nwctc-Ethan_Turunen_Point_-_Wayzata_Boys_Tennis_tennis_tennisplayer_tennishighlights,https://archive.org/download/nwctc-Ethan_Turunen_Point_-_Wayzata_Boys_Tennis_tennis_tennisplayer_tennishighlights/Ethan_Turunen_Point_-_Wayzata_Boys_Tennis_tennis_tennisplayer_tennishighlights.mp4,Ethan Turunen Point - Wayzata Boys Tennis #tennis #tennisplayer #tennishighlights,"Wayzata junior Ethan Turunen scores a point in his match vs. St. Paul Academy. Turunen won his match 6-0, 6-3. The Trojans defeated SPA 7-0 and are now 11-0 on the season.<br /><br />To watch the full highlights, go to CCXMedia.org.<br /><br />Subscribe for more of the best prep sports coverage on YouTube- https://tinyurl.com/y96kvjbm<br /><br />Visit us online- https://ccxmedia.org/ccx-sports/",CCX Media,2026-05-05,,tennis,male,,,,Boys Tennis,Ethan_Turunen_Point_-_Wayzata_Boys_Tennis_tennis_tennisplayer_tennishighlights.mp4,1136967,11.4,unreviewed,
InternetArchive,IA:nwctc-Fourth_Straight_State_Tennis_Championship_Wayzata_Boys_Tennis_tennis_tennishighlights_tenn,nwctc-Fourth_Straight_State_Tennis_Championship_Wayzata_Boys_Tennis_tennis_tennishighlights_tenn,https://archive.org/details/nwctc-Fourth_Straight_State_Tennis_Championship_Wayzata_Boys_Tennis_tennis_tennishighlights_tenn,https://archive.org/download/nwctc-Fourth_Straight_State_Tennis_Championship_Wayzata_Boys_Tennis_tennis_tennishighlights_tenn/Fourth_Straight_State_Tennis_Championship_Wayzata_Boys_Tennis_tennis_tennishighlights_tenn.mp4,Fourth Straight State Tennis Championship! Wayzata Boys Tennis #tennis #tennishighlights #tennislife,4-PEAT 🏆🏆🏆🏆 Wayzata boys tennis is Class AA state champs AGAIN! <br /><br />The Trojans won their 4th straight state title by defeating Edina 4-3. <br /><br />Both Ethan Turunen and Nolan Beduhn won in three sets to complete the comeback. <br /><br />More highlights at CCXMedia.org.<br /><br />Subscribe for more of the best prep sports coverage on YouTube- https://tinyurl.com/y96kvjbm<br /><br />Visit us online- https://ccxmedia.org/ccx-sports/,CCX Media,2026-06-05,,tennis,male,,,,Boys Tennis,Fourth_Straight_State_Tennis_Championship_Wayzata_Boys_Tennis_tennis_tennishighlights_tenn.mp4,5435130,57.42,unreviewed,
InternetArchive,IA:nwctc-Jack_Rudie_and_Grant_Swanson_Points_-_Maple_Grove_Boys_Tennis_tennis_tennishighlights_tenn,nwctc-Jack_Rudie_and_Grant_Swanson_Points_-_Maple_Grove_Boys_Tennis_tennis_tennishighlights_tenn,https://archive.org/details/nwctc-Jack_Rudie_and_Grant_Swanson_Points_-_Maple_Grove_Boys_Tennis_tennis_tennishighlights_tenn,https://archive.org/download/nwctc-Jack_Rudie_and_Grant_Swanson_Points_-_Maple_Grove_Boys_Tennis_tennis_tennishighlights_tenn/Jack_Rudie_and_Grant_Swanson_Points_-_Maple_Grove_Boys_Tennis_tennis_tennishighlights_tenn.mp4,Jack Rudie and Grant Swanson Points - Maple Grove Boys Tennis #tennis #tennishighlights #tennislife,"The Maple Grove boys team won their final regular season home match over Hopkins last week by a score of 5-2. Jack Rudie and Grant Swanson scored a couple big points for the Crimson. <br /><br />To watch the full highlights, go to CCXMedia.org.<br /><br />Subscribe for more of the best prep sports coverage on YouTube- https://tinyurl.com/y96kvjbm<br /><br />Visit us online- https://ccxmedia.org/ccx-sports/",CCX Media,2026-05-11,,tennis,male,,,,Boys Tennis,Jack_Rudie_and_Grant_Swanson_Points_-_Maple_Grove_Boys_Tennis_tennis_tennishighlights_tenn.mp4,2211033,23.66,unreviewed,
InternetArchive,IA:westcatma-WHS_Sports_-_Boys_Tennis_vs_Norwood_051326,westcatma-WHS_Sports_-_Boys_Tennis_vs_Norwood_051326,https://archive.org/details/westcatma-WHS_Sports_-_Boys_Tennis_vs_Norwood_051326,https://archive.org/download/westcatma-WHS_Sports_-_Boys_Tennis_vs_Norwood_051326/WHS_Sports_-_Boys_Tennis_vs_Norwood_051326.mp4,WHS Sports - Boys Tennis vs Norwood 051326,"This is the Westwood Boys Tennis matchup vs Norwood from May 13th<br /><br />Thank you for watching! We are Westwood Media Center. We promote and enhance local television content to Westwood residents via cable and online channels to support an informed and active citizenry, increase the transparency and quality of civic decision-making, deepen understanding of local issues of importance, and promote civility in public dialogue while respecting the rights to free speech and creative expression.<br /><br />SUBSCRIBE TO OUR YOUTUBE NOW<br /><br />FOLLOW US HERE <br />Website: https://westwoodmediacenter.tv/<br />Instagram: https://www.instagram.com/westwood_mediacenter/<br />Twitter: https://x.com/westwood_media<br />Facebook: https://www.facebook.com/westwoodmediacenter<br />TikTok: https://www.tiktok.com/@westwoodmediacenter",WMC,2026-05-14,,tennis,male,,,,Boys Tennis,WHS_Sports_-_Boys_Tennis_vs_Norwood_051326.mp4,270002317,2807.27,unreviewed,
InternetArchive,IA:wilctvma-Wildcat_Sports_Update_Episode_123_-_2026_Boys_Tennis_Captains,wilctvma-Wildcat_Sports_Update_Episode_123_-_2026_Boys_Tennis_Captains,https://archive.org/details/wilctvma-Wildcat_Sports_Update_Episode_123_-_2026_Boys_Tennis_Captains,https://archive.org/download/wilctvma-Wildcat_Sports_Update_Episode_123_-_2026_Boys_Tennis_Captains/Wildcat_Sports_Update_Episode_123_-_2026_Boys_Tennis_Captains.mp4,Wildcat Sports Update Episode 123 - 2026 Boys Tennis Captains,"The Boys Tennis Captains Tony Cummings and Jay Karani talk with Jim Boyle about team dinners, the season, representing Wilmington and more!",WCTV,2026-05-21,,tennis,male,,,,Boys Tennis,Wildcat_Sports_Update_Episode_123_-_2026_Boys_Tennis_Captains.mp4,163734506,1627.49,unreviewed,
InternetArchive,IA:WCT15998,WCT15998,https://archive.org/details/WCT15998,https://archive.org/download/WCT15998/WCT%2015998.mp4,Indian Hill vs. Finneytown Middle School 8th Grade Girls Volleyball,,Waycross Community Media,2007-09-17,http://creativecommons.org/licenses/by-nc-nd/3.0/,volleyball,female,youth,,,8th Grade Girls Volleyball,WCT 15998.mp4,231201648,2265.6,unreviewed,
InternetArchive,IA:WCT16071,WCT16071,https://archive.org/details/WCT16071,https://archive.org/download/WCT16071/WCT%2016071.mp4,Finneytown vs. Wyoming 8th Grade Girls Volleyball,,Waycross Community Media,2007-10-18,http://creativecommons.org/licenses/by-nc-nd/3.0/,volleyball,female,youth,,,8th Grade Girls Volleyball,WCT 16071.mp4,457031242,4392.67,unreviewed,
InternetArchive,IA:ccxnewsmn-Champlin_Park_Girls_Volleyball_Set_for_New_Season-jjlaRCUiqeQ,ccxnewsmn-Champlin_Park_Girls_Volleyball_Set_for_New_Season-jjlaRCUiqeQ,https://archive.org/details/ccxnewsmn-Champlin_Park_Girls_Volleyball_Set_for_New_Season-jjlaRCUiqeQ,https://archive.org/download/ccxnewsmn-Champlin_Park_Girls_Volleyball_Set_for_New_Season-jjlaRCUiqeQ/Champlin_Park_Girls_Volleyball_Set_for_New_Season-jjlaRCUiqeQ.mp4,Champlin Park Girls Volleyball Set for New Season,"Champlin Park girls volleyball has been one of the state's best programs for several years now. The 2026 Rebels team should again be among the state's best. They  return five starters from last season's 23-9 Section 5AAAA runner-up team. Returners include middle hitter Lucy Howe, outside hitters Rylee Inman and Rylee Thielke, setter Mia Kern, and libero Bryn Belleson. After winning Section 5AAAA two years ago, the Rebels lost to Rogers in last year's section final. Champlin Park opens the season Thursday against Lakeville North, coached by former Rebels' head coach John Yunker. <br /><br />Website - http://www.ccxmedia.org<br />Twitter - http://twitter.com/ccxnews<br />Facebook - https://www.facebook.com/ccxmedia.org/<br /><br />CCX Media is on Comcast Xfinity in the Northwest Suburbs of Minneapolis and includes the cities Brooklyn Center, Brooklyn Park, Crystal, Golden Valley, Maple Grove, New Hope, Osseo, Plymouth and Robbinsdale.",CCX News,2026-08-27,,volleyball,female,,,,Girls Volleyball,Champlin_Park_Girls_Volleyball_Set_for_New_Season-jjlaRCUiqeQ.mp4,13230181,140.74,unreviewed,
InternetArchive,IA:ccxnewsmn-Lakeville_North_Edges_Champlin_Park_in_Girls_Volleyball_Season_Opener-qNoCcKyFf2M,ccxnewsmn-Lakeville_North_Edges_Champlin_Park_in_Girls_Volleyball_Season_Opener-qNoCcKyFf2M,https://archive.org/details/ccxnewsmn-Lakeville_North_Edges_Champlin_Park_in_Girls_Volleyball_Season_Opener-qNoCcKyFf2M,https://archive.org/download/ccxnewsmn-Lakeville_North_Edges_Champlin_Park_in_Girls_Volleyball_Season_Opener-qNoCcKyFf2M/Lakeville_North_Edges_Champlin_Park_in_Girls_Volleyball_Season_Opener-qNoCcKyFf2M.mp4,Lakeville North Edges Champlin Park in Girls Volleyball Season Opener,"The Champlin Park girls volleyball team lost its season opener Thursday in a close five-set match to Lakeville North. The teams traded set wins all night with the Panthers rallying in the fifth set to win 25-22, 18-25, 25-19, 24-26, 15-13. The Panthers are coached by former long-time Champlin Park head coach John Yunker, who took over the Lakeville North program before last season. The Rebels host Roseville in their next match on Wednesday. <br /><br />Website - http://www.ccxmedia.org<br />Twitter - http://twitter.com/ccxnews<br />Facebook - https://www.facebook.com/ccxmedia.org/<br /><br />CCX Media is on Comcast Xfinity in the Northwest Suburbs of Minneapolis and includes the cities Brooklyn Center, Brooklyn Park, Crystal, Golden Valley, Maple Grove, New Hope, Osseo, Plymouth and Robbinsdale.",CCX News,2026-08-28,,volleyball,female,,,,Girls Volleyball,Lakeville_North_Edges_Champlin_Park_in_Girls_Volleyball_Season_Opener-qNoCcKyFf2M.mp4,11774997,126.55,unreviewed,
InternetArchive,IA:ccxnewsmn-Maple_Grove_Girls_Volleyball_Aims_for_Next_Step,ccxnewsmn-Maple_Grove_Girls_Volleyball_Aims_for_Next_Step,https://archive.org/details/ccxnewsmn-Maple_Grove_Girls_Volleyball_Aims_for_Next_Step,https://archive.org/download/ccxnewsmn-Maple_Grove_Girls_Volleyball_Aims_for_Next_Step/Maple_Grove_Girls_Volleyball_Aims_for_Next_Step.mp4,Maple Grove Girls Volleyball Aims for Next Step,"The Maple Grove girls volleyball team has won 48 matches over the past two seasons, but the Crimson are still lacking one big thing-- a section title. The 27-4 2025 Crimson lost to Champlin Park in the Section 5AAAA semifinals, one year after losing to the Rebels in the section final. But this may be the best Maple Grove team yet. Eleven seniors are on the roster plus junior Neysa Allen returns after missing all of her sophomore season with an injury. Key returning players for the Crimson include Kacie Schulte, Avery Quam, Hannah Daniels, McKinley Hardle, Tess Schuler, Addy Chung and Olivia Morris. Maple Grove is ranked third in the state in the Class AAAA pre-season poll. The Crimson open the season Saturday against Benilde-St. Margaret's at the Side Out Classic in New Prague.<br /><br />Website - http://www.ccxmedia.org<br />Twitter - http://twitter.com/ccxnews<br />Facebook - https://www.facebook.com/ccxmedia.org/<br /><br />CCX Media is on Comcast Xfinity in the Northwest Suburbs of Minneapolis and includes the cities Brooklyn Center, Brooklyn Park, Crystal, Golden Valley, Maple Grove, New Hope, Osseo, Plymouth and Robbinsdale.",CCX News,2026-08-24,,volleyball,female,,,,Girls Volleyball,Maple_Grove_Girls_Volleyball_Aims_for_Next_Step.mp4,13700298,146.91,unreviewed,
InternetArchive,IA:ccxnewsmn-Maple_Grove_Girls_Volleyball_Wins_Home_Opener_Over_St._Michael-Albertvill-AwEKjB4NH28,ccxnewsmn-Maple_Grove_Girls_Volleyball_Wins_Home_Opener_Over_St._Michael-Albertvill-AwEKjB4NH28,https://archive.org/details/ccxnewsmn-Maple_Grove_Girls_Volleyball_Wins_Home_Opener_Over_St._Michael-Albertvill-AwEKjB4NH28,https://archive.org/download/ccxnewsmn-Maple_Grove_Girls_Volleyball_Wins_Home_Opener_Over_St._Michael-Albertvill-AwEKjB4NH28/Maple_Grove_Girls_Volleyball_Wins_Home_Opener_Over_St._Michael-Albertvill-AwEKjB4NH28.mp4,"Maple Grove Girls Volleyball Wins Home Opener Over St. Michael-Albertville, 3-1","The Maple Grove girls volleyball team won their home opening match against St. Michael-Albertville, 3-1. The Crimson won big in both the first (25-13) and second sets (25-7). STMA rallied back to win the third (25-22) and fought hard in the fourth set, but came up just short (26-24). Maple Grove got big contributions from juniors Kacie Schulte and Neysa Allen. The Crimson are now 1-1 on the season and will play Edina on Thursday. <br /><br />Website - http://www.ccxmedia.org<br />Twitter - http://twitter.com/ccxnews<br />Facebook - https://www.facebook.com/ccxmedia.org/<br /><br />CCX Media is on Comcast Xfinity in the Northwest Suburbs of Minneapolis and includes the cities Brooklyn Center, Brooklyn Park, Crystal, Golden Valley, Maple Grove, New Hope, Osseo, Plymouth and Robbinsdale.",CCX News,2026-09-02,,volleyball,female,,,,Girls Volleyball,Maple_Grove_Girls_Volleyball_Wins_Home_Opener_Over_St._Michael-Albertvill-AwEKjB4NH28.mp4,10633021,115.85,unreviewed,
InternetArchive,IA:ccxnewsmn-Wayzata_Girls_Volleyball_Swept_by_East_Ridge-VeAdg5b6y0M,ccxnewsmn-Wayzata_Girls_Volleyball_Swept_by_East_Ridge-VeAdg5b6y0M,https://archive.org/details/ccxnewsmn-Wayzata_Girls_Volleyball_Swept_by_East_Ridge-VeAdg5b6y0M,https://archive.org/download/ccxnewsmn-Wayzata_Girls_Volleyball_Swept_by_East_Ridge-VeAdg5b6y0M/Wayzata_Girls_Volleyball_Swept_by_East_Ridge-VeAdg5b6y0M.mp4,Wayzata Girls Volleyball Swept by East Ridge,"The Wayzata girls volleyball team faced a tough foe in the season opener, and were swept by East Ridge. The Raptors took a 25-21, 25-17, 25-20 win. It was the third match of the season for East Ridge. Wayzata was scheduled to play at Hopkins Tuesday but a power outage forced that match to be postponed. The Trojans host Buffalo Thursday.<br /><br />Website - http://www.ccxmedia.org<br />Twitter - http://twitter.com/ccxnews<br />Facebook - https://www.facebook.com/ccxmedia.org/<br /><br />CCX Media is on Comcast Xfinity in the Northwest Suburbs of Minneapolis and includes the cities Brooklyn Center, Brooklyn Park, Crystal, Golden Valley, Maple Grove, New Hope, Osseo, Plymouth and Robbinsdale.",CCX News,2026-09-03,,volleyball,female,,,,Girls Volleyball,Wayzata_Girls_Volleyball_Swept_by_East_Ridge-VeAdg5b6y0M.mp4,7207687,78.3,unreviewed,
InternetArchive,IA:ctncrmn-Girls_Volleyball_-_St._Louis_Park_vs_Coon_Rapids_9.22.26-V1u84oT1MU4,ctncrmn-Girls_Volleyball_-_St._Louis_Park_vs_Coon_Rapids_9.22.26-V1u84oT1MU4,https://archive.org/details/ctncrmn-Girls_Volleyball_-_St._Louis_Park_vs_Coon_Rapids_9.22.26-V1u84oT1MU4,https://archive.org/download/ctncrmn-Girls_Volleyball_-_St._Louis_Park_vs_Coon_Rapids_9.22.26-V1u84oT1MU4/Girls_Volleyball_-_St._Louis_Park_vs_Coon_Rapids_9.22.26-V1u84oT1MU4.mp4,Girls Volleyball: St. Louis Park vs Coon Rapids 9.22.26,,CTN Coon Rapids,2026-09-23,,volleyball,female,,,,Girls Volleyball,Girls_Volleyball_-_St._Louis_Park_vs_Coon_Rapids_9.22.26-V1u84oT1MU4.mp4,447022905,4644.97,unreviewed,
InternetArchive,IA:datvsma-Dracut_Girls_Volleyball_vs._Billerica_9-10-26-iHOMoFCyh5U,datvsma-Dracut_Girls_Volleyball_vs._Billerica_9-10-26-iHOMoFCyh5U,https://archive.org/details/datvsma-Dracut_Girls_Volleyball_vs._Billerica_9-10-26-iHOMoFCyh5U,https://archive.org/download/datvsma-Dracut_Girls_Volleyball_vs._Billerica_9-10-26-iHOMoFCyh5U/Dracut_Girls_Volleyball_vs._Billerica_9-10-26-iHOMoFCyh5U.mp4,Dracut Girls Volleyball vs. Billerica 9-10-26,,DATV Studios,2026-09-11,,volleyball,female,,,,Girls Volleyball,Dracut_Girls_Volleyball_vs._Billerica_9-10-26-iHOMoFCyh5U.mp4,441859502,4589.15,unreviewed,
InternetArchive,IA:datvsma-Dracut_Girls_Volleyball_vs._North_Andover_9-23-26-buduwr5tc4Q,datvsma-Dracut_Girls_Volleyball_vs._North_Andover_9-23-26-buduwr5tc4Q,https://archive.org/details/datvsma-Dracut_Girls_Volleyball_vs._North_Andover_9-23-26-buduwr5tc4Q,https://archive.org/download/datvsma-Dracut_Girls_Volleyball_vs._North_Andover_9-23-26-buduwr5tc4Q/Dracut_Girls_Volleyball_vs._North_Andover_9-23-26-buduwr5tc4Q.mp4,Dracut Girls Volleyball vs. North Andover 9-23-26,,DATV Studios,2026-09-24,,volleyball,female,,,,Girls Volleyball,Dracut_Girls_Volleyball_vs._North_Andover_9-23-26-buduwr5tc4Q.mp4,541324550,5613.87,unreviewed,
InternetArchive,IA:dgvsdwi-Dodgeville_vs._Richland_Center_-_JV1_Girls_Volleyball-20260904,dgvsdwi-Dodgeville_vs._Richland_Center_-_JV1_Girls_Volleyball-20260904,https://archive.org/details/dgvsdwi-Dodgeville_vs._Richland_Center_-_JV1_Girls_Volleyball-20260904,https://archive.org/download/dgvsdwi-Dodgeville_vs._Richland_Center_-_JV1_Girls_Volleyball-20260904/Dodgeville_vs._Richland_Center_-_JV1_Girls_Volleyball-20260904.mp4,Dodgeville vs. Richland Center - JV1 Girls Volleyball,,Dodgeville School District,2026-09-04,,volleyball,female,,,,Girls Volleyball,Dodgeville_vs._Richland_Center_-_JV1_Girls_Volleyball-20260904.mp4,733594032,7479.13,unreviewed,
InternetArchive,IA:dgvsdwi-Dodgeville_vs_Lancaster_JV1_Girls_Volleyball-20260715,dgvsdwi-Dodgeville_vs_Lancaster_JV1_Girls_Volleyball-20260715,https://archive.org/details/dgvsdwi-Dodgeville_vs_Lancaster_JV1_Girls_Volleyball-20260715,https://archive.org/download/dgvsdwi-Dodgeville_vs_Lancaster_JV1_Girls_Volleyball-20260715/Dodgeville_vs_Lancaster_JV1_Girls_Volleyball-20260715.mp4,Dodgeville vs Lancaster JV1 Girls Volleyball,,Dodgeville School District,2026-07-15,,volleyball,female,,,,Girls Volleyball,Dodgeville_vs_Lancaster_JV1_Girls_Volleyball-20260715.mp4,595035318,6086.87,unreviewed,
InternetArchive,IA:ftvma-2022_-_FHS_vs_Leominster_Girls_Volleyball_9.13.2022-bSJRozfeGXM,ftvma-2022_-_FHS_vs_Leominster_Girls_Volleyball_9.13.2022-bSJRozfeGXM,https://archive.org/details/ftvma-2022_-_FHS_vs_Leominster_Girls_Volleyball_9.13.2022-bSJRozfeGXM,https://archive.org/download/ftvma-2022_-_FHS_vs_Leominster_Girls_Volleyball_9.13.2022-bSJRozfeGXM/2022_-_FHS_vs_Leominster_Girls_Volleyball_9.13.2022-bSJRozfeGXM.mp4,2022 - FHS vs Leominster Girls Volleyball 9.13.2022,,Fitchburg Access TV,2026-09-13,,volleyball,female,,,,Girls Volleyball,2022_-_FHS_vs_Leominster_Girls_Volleyball_9.13.2022-bSJRozfeGXM.mp4,335542004,3441.43,unreviewed,
InternetArchive,IA:ftvma-2025_FHS_vs_Assabet_-_Girls_Volleyball_10.17.2025,ftvma-2025_FHS_vs_Assabet_-_Girls_Volleyball_10.17.2025,https://archive.org/details/ftvma-2025_FHS_vs_Assabet_-_Girls_Volleyball_10.17.2025,https://archive.org/download/ftvma-2025_FHS_vs_Assabet_-_Girls_Volleyball_10.17.2025/2025_FHS_vs_Assabet_-_Girls_Volleyball_10.17.2025.mp4,2025 FHS vs Assabet - Girls Volleyball 10.17.2025,,Fitchburg Access TV,2026-04-06,,volleyball,female,,,,Girls Volleyball,2025_FHS_vs_Assabet_-_Girls_Volleyball_10.17.2025.mp4,364915970,3714.22,unreviewed,
InternetArchive,IA:ftvma-2025_FHS_vs_Doherty_-_Girls_Volleyball_10.20.2025,ftvma-2025_FHS_vs_Doherty_-_Girls_Volleyball_10.20.2025,https://archive.org/details/ftvma-2025_FHS_vs_Doherty_-_Girls_Volleyball_10.20.2025,https://archive.org/download/ftvma-2025_FHS_vs_Doherty_-_Girls_Volleyball_10.20.2025/2025_FHS_vs_Doherty_-_Girls_Volleyball_10.20.2025.mp4,2025 FHS vs Doherty - Girls Volleyball 10.20.2025,,Fitchburg Access TV,2026-04-06,,volleyball,female,,,,Girls Volleyball,2025_FHS_vs_Doherty_-_Girls_Volleyball_10.20.2025.mp4,498024249,5043.82,unreviewed,
InternetArchive,IA:ftvma-2025_FHS_vs_Leominster_-_Girls_Volleyball_9.10.2025,ftvma-2025_FHS_vs_Leominster_-_Girls_Volleyball_9.10.2025,https://archive.org/details/ftvma-2025_FHS_vs_Leominster_-_Girls_Volleyball_9.10.2025,https://archive.org/download/ftvma-2025_FHS_vs_Leominster_-_Girls_Volleyball_9.10.2025/2025_FHS_vs_Leominster_-_Girls_Volleyball_9.10.2025.mp4,2025 FHS vs Leominster - Girls Volleyball 9.10.2025,,Fitchburg Access TV,2026-04-06,,volleyball,female,,,,Girls Volleyball,2025_FHS_vs_Leominster_-_Girls_Volleyball_9.10.2025.mp4,460391067,4720.66,unreviewed,
InternetArchive,IA:ftvma-2025_FHS_vs_Marlborough_-_Girls_Volleyball_10.7.2025,ftvma-2025_FHS_vs_Marlborough_-_Girls_Volleyball_10.7.2025,https://archive.org/details/ftvma-2025_FHS_vs_Marlborough_-_Girls_Volleyball_10.7.2025,https://archive.org/download/ftvma-2025_FHS_vs_Marlborough_-_Girls_Volleyball_10.7.2025/2025_FHS_vs_Marlborough_-_Girls_Volleyball_10.7.2025.mp4,2025 FHS vs Marlborough - Girls Volleyball 10.7.2025,,Fitchburg Access TV,2026-04-06,,volleyball,female,,,,Girls Volleyball,2025_FHS_vs_Marlborough_-_Girls_Volleyball_10.7.2025.mp4,316321530,3208.05,unreviewed,
InternetArchive,IA:ftvma-2025_FHS_vs_Shepherd_Hill_-_Girls_Volleyball_9.12.2025,ftvma-2025_FHS_vs_Shepherd_Hill_-_Girls_Volleyball_9.12.2025,https://archive.org/details/ftvma-2025_FHS_vs_Shepherd_Hill_-_Girls_Volleyball_9.12.2025,https://archive.org/download/ftvma-2025_FHS_vs_Shepherd_Hill_-_Girls_Volleyball_9.12.2025/2025_FHS_vs_Shepherd_Hill_-_Girls_Volleyball_9.12.2025.mp4,2025 FHS vs Shepherd Hill - Girls Volleyball 9.12.2025,,Fitchburg Access TV,2026-04-06,,volleyball,female,,,,Girls Volleyball,2025_FHS_vs_Shepherd_Hill_-_Girls_Volleyball_9.12.2025.mp4,286076831,2936.51,unreviewed,
InternetArchive,IA:hcamma-Hiller_Varsity_Girls_Volleyball_vs_Ashland-xRAHhP-9TVE,hcamma-Hiller_Varsity_Girls_Volleyball_vs_Ashland-xRAHhP-9TVE,https://archive.org/details/hcamma-Hiller_Varsity_Girls_Volleyball_vs_Ashland-xRAHhP-9TVE,https://archive.org/download/hcamma-Hiller_Varsity_Girls_Volleyball_vs_Ashland-xRAHhP-9TVE/Hiller_Varsity_Girls_Volleyball_vs_Ashland-xRAHhP-9TVE.mp4,Hiller Varsity Girls Volleyball vs Ashland,LIVE on September 16th at 5:30 PM,HCAM,2026-09-11,,volleyball,female,,,,Girls Volleyball,Hiller_Varsity_Girls_Volleyball_vs_Ashland-xRAHhP-9TVE.mp4,741079812,8064.13,unreviewed,
InternetArchive,IA:hcamma-Hiller_Varsity_Girls_Volleyball_vs_Lincoln-Sudbury-_fAvKgpus9s,hcamma-Hiller_Varsity_Girls_Volleyball_vs_Lincoln-Sudbury-_fAvKgpus9s,https://archive.org/details/hcamma-Hiller_Varsity_Girls_Volleyball_vs_Lincoln-Sudbury-_fAvKgpus9s,https://archive.org/download/hcamma-Hiller_Varsity_Girls_Volleyball_vs_Lincoln-Sudbury-_fAvKgpus9s/Hiller_Varsity_Girls_Volleyball_vs_Lincoln-Sudbury-_fAvKgpus9s.mp4,Hiller Varsity Girls Volleyball vs Lincoln-Sudbury,LIVE on September 18th at 4:30 PM,HCAM,2026-09-19,,volleyball,female,,,,Girls Volleyball,Hiller_Varsity_Girls_Volleyball_vs_Lincoln-Sudbury-_fAvKgpus9s.mp4,744392357,7753.49,unreviewed,
InternetArchive,IA:hcamma-Hopkinton_Hillers_Girls_Volleyball_2026-27_Preview-N1eXpeDvCtc,hcamma-Hopkinton_Hillers_Girls_Volleyball_2026-27_Preview-N1eXpeDvCtc,https://archive.org/details/hcamma-Hopkinton_Hillers_Girls_Volleyball_2026-27_Preview-N1eXpeDvCtc,https://archive.org/download/hcamma-Hopkinton_Hillers_Girls_Volleyball_2026-27_Preview-N1eXpeDvCtc/Hopkinton_Hillers_Girls_Volleyball_2026-27_Preview-N1eXpeDvCtc.mp4,Hopkinton Hillers Girls Volleyball 2026-27 Preview,Hiller Girls Volleyball is coming off a great season where they finished 12 and 9 overall and went 8 and 2 in TVL play. The Hillers also made the Division 1 state tournament falling at #13th seeded Bishop Feehan. This years group brings some great experience and will be led by last years JV Head Coach Jessie Karner.,HCAM,2026-09-07,,volleyball,female,,,,Girls Volleyball,Hopkinton_Hillers_Girls_Volleyball_2026-27_Preview-N1eXpeDvCtc.mp4,53557882,546.39,unreviewed,
InternetArchive,IA:hcectvky-8th_Grade_Girls_Volleyball_Championship_-_March_25_2021,hcectvky-8th_Grade_Girls_Volleyball_Championship_-_March_25_2021,https://archive.org/details/hcectvky-8th_Grade_Girls_Volleyball_Championship_-_March_25_2021,https://archive.org/download/hcectvky-8th_Grade_Girls_Volleyball_Championship_-_March_25_2021/8th_Grade_Girls_Volleyball_Championship_-_March_25_2021.mp4,"8th Grade Girls Volleyball Championship - March 25, 2021",West Hardin vs. East Hardin!,HCEC-TV,2021-03-31,,volleyball,female,youth,,,8th Grade Girls Volleyball,8th_Grade_Girls_Volleyball_Championship_-_March_25_2021.mp4,228059641,2374.17,unreviewed,
InternetArchive,IA:icrcoh-Indian_Hill_vs_Mariemont_Girls_Volleyball_-_09.15.2026-TlQYqMdrVPg,icrcoh-Indian_Hill_vs_Mariemont_Girls_Volleyball_-_09.15.2026-TlQYqMdrVPg,https://archive.org/details/icrcoh-Indian_Hill_vs_Mariemont_Girls_Volleyball_-_09.15.2026-TlQYqMdrVPg,https://archive.org/download/icrcoh-Indian_Hill_vs_Mariemont_Girls_Volleyball_-_09.15.2026-TlQYqMdrVPg/Indian_Hill_vs_Mariemont_Girls_Volleyball_-_09.15.2026-TlQYqMdrVPg.mp4,Indian Hill vs Mariemont Girls Volleyball - 09.15.2026,"LIVE from Mariemont, OH - September 15th, 2026",ICRC,2026-09-16,,volleyball,female,,,,Girls Volleyball,Indian_Hill_vs_Mariemont_Girls_Volleyball_-_09.15.2026-TlQYqMdrVPg.mp4,457897915,4680.08,unreviewed,
InternetArchive,IA:icrcoh-Little_Miami_vs_Lebanon_Girls_Volleyball_-_09.03.26-3sAN_m4A5Fc,icrcoh-Little_Miami_vs_Lebanon_Girls_Volleyball_-_09.03.26-3sAN_m4A5Fc,https://archive.org/details/icrcoh-Little_Miami_vs_Lebanon_Girls_Volleyball_-_09.03.26-3sAN_m4A5Fc,https://archive.org/download/icrcoh-Little_Miami_vs_Lebanon_Girls_Volleyball_-_09.03.26-3sAN_m4A5Fc/Little_Miami_vs_Lebanon_Girls_Volleyball_-_09.03.26-3sAN_m4A5Fc.mp4,Little Miami vs Lebanon Girls Volleyball - 09.03.26,"LIVE from Lebanon, OH - September 3rd, 2026",ICRC,2026-09-04,,volleyball,female,,,,Girls Volleyball,Little_Miami_vs_Lebanon_Girls_Volleyball_-_09.03.26-3sAN_m4A5Fc.mp4,628016056,6320.1,unreviewed,
InternetArchive,IA:icrcoh-Roger_Bacon_vs_Mason_Girls_Volleyball_-_09.01.26-lPYet50ld04,icrcoh-Roger_Bacon_vs_Mason_Girls_Volleyball_-_09.01.26-lPYet50ld04,https://archive.org/details/icrcoh-Roger_Bacon_vs_Mason_Girls_Volleyball_-_09.01.26-lPYet50ld04,https://archive.org/download/icrcoh-Roger_Bacon_vs_Mason_Girls_Volleyball_-_09.01.26-lPYet50ld04/Roger_Bacon_vs_Mason_Girls_Volleyball_-_09.01.26-lPYet50ld04.mp4,Roger Bacon vs Mason Girls Volleyball - 09.01.26,"LIVE from Mason Gymnasium, Mason, OH - September 1st, 2026",ICRC,2026-09-02,,volleyball,female,,,,Girls Volleyball,Roger_Bacon_vs_Mason_Girls_Volleyball_-_09.01.26-lPYet50ld04.mp4,581827587,5835.08,unreviewed,
InternetArchive,IA:letvma-LEHS_Girls_Volleyball_vs_LCHS_September_10_2026-DAOLmM-L5Tw,letvma-LEHS_Girls_Volleyball_vs_LCHS_September_10_2026-DAOLmM-L5Tw,https://archive.org/details/letvma-LEHS_Girls_Volleyball_vs_LCHS_September_10_2026-DAOLmM-L5Tw,https://archive.org/download/letvma-LEHS_Girls_Volleyball_vs_LCHS_September_10_2026-DAOLmM-L5Tw/LEHS_Girls_Volleyball_vs_LCHS_September_10_2026-DAOLmM-L5Tw.mp4,"LEHS Girls Volleyball vs LCHS September 10, 2026","LEHS Girls Volleyball vs LCHS September 10, 2026",Lynn Educational Television,2026-09-22,,volleyball,female,,,,Girls Volleyball,LEHS_Girls_Volleyball_vs_LCHS_September_10_2026-DAOLmM-L5Tw.mp4,486113299,5059.77,unreviewed,
InternetArchive,IA:letvma-LEHS_Girls_Volleyball_vs_Somerville_September_16_2026-BkXmWJWGnwo,letvma-LEHS_Girls_Volleyball_vs_Somerville_September_16_2026-BkXmWJWGnwo,https://archive.org/details/letvma-LEHS_Girls_Volleyball_vs_Somerville_September_16_2026-BkXmWJWGnwo,https://archive.org/download/letvma-LEHS_Girls_Volleyball_vs_Somerville_September_16_2026-BkXmWJWGnwo/LEHS_Girls_Volleyball_vs_Somerville_September_16_2026-BkXmWJWGnwo.mp4,"LEHS Girls Volleyball vs Somerville  September 16, 2026","LEHS Girls Volleyball vs Somerville  September 16, 2026",Lynn Educational Television,2026-09-22,,volleyball,female,,,,Girls Volleyball,LEHS_Girls_Volleyball_vs_Somerville_September_16_2026-BkXmWJWGnwo.mp4,340452859,3545.04,unreviewed,
InternetArchive,IA:miltvma-Milford_Scarlet_Hawks_Girls_Volleyball_-_September_16_2026_vs_Taunton-5kFdPCcbg3U,miltvma-Milford_Scarlet_Hawks_Girls_Volleyball_-_September_16_2026_vs_Taunton-5kFdPCcbg3U,https://archive.org/details/miltvma-Milford_Scarlet_Hawks_Girls_Volleyball_-_September_16_2026_vs_Taunton-5kFdPCcbg3U,https://archive.org/download/miltvma-Milford_Scarlet_Hawks_Girls_Volleyball_-_September_16_2026_vs_Taunton-5kFdPCcbg3U/Milford_Scarlet_Hawks_Girls_Volleyball_-_September_16_2026_vs_Taunton-5kFdPCcbg3U.mp4,"Milford Scarlet Hawks Girls Volleyball - September 16, 2026 vs Taunton",Varsity Girls Volleyball Live Stream - Presented by The Rail Trail Flatbread Co. <br />https://www.railtrailflatbread.com/order-now<br /><br />Live coverage from the Rentschler Biopharma Broadcast Booth<br />https://www.rentschler-biopharma.com/en-us/company/milford/<br /><br />Game Time Temperature Sponsor - Red Heat Tavern<br />https://redheattavern.com/locations/red-heat-american-tavern-restaurant-ma/milford/<br /><br />Official Apparel Sponsor - The Embroidery Bar<br />https://theembroidery-bar.com/<br /><br />General Sponsors - Unibank & Postmark Postal<br />https://www.unibank.com/milford<br />https://www.postmarkpostal.com/,Milford TV,2026-09-11,,volleyball,female,,,,Girls Volleyball,Milford_Scarlet_Hawks_Girls_Volleyball_-_September_16_2026_vs_Taunton-5kFdPCcbg3U.mp4,835257683,8615.02,unreviewed,
InternetArchive,IA:pcsfl-Osceola_Fundamental_High_Girls_Volleyball_serves_up_a_First-Time_Freshman_Tea-w80EZhzumWM,pcsfl-Osceola_Fundamental_High_Girls_Volleyball_serves_up_a_First-Time_Freshman_Tea-w80EZhzumWM,https://archive.org/details/pcsfl-Osceola_Fundamental_High_Girls_Volleyball_serves_up_a_First-Time_Freshman_Tea-w80EZhzumWM,https://archive.org/download/pcsfl-Osceola_Fundamental_High_Girls_Volleyball_serves_up_a_First-Time_Freshman_Tea-w80EZhzumWM/Osceola_Fundamental_High_Girls_Volleyball_serves_up_a_First-Time_Freshman_Tea-w80EZhzumWM.mp4,Osceola Fundamental High Girls Volleyball serves up a First-Time Freshman Team!,"Newly added freshman teams, to PCS high schools such as Ocseola Fundamental, offer students an opportunity to grow academically and athletically. <br /><br />The official YouTube channel for Pinellas County Schools features videos about our students, teachers, and staff.",WPDS-TV14,2026-09-09,,volleyball,female,,,,Girls Volleyball,Osceola_Fundamental_High_Girls_Volleyball_serves_up_a_First-Time_Freshman_Tea-w80EZhzumWM.mp4,9433333,103.12,unreviewed,
InternetArchive,IA:pedtvma-PNHS_vs_PSHS_-_Girls_Volleyball-LxqhN3R2zxc,pedtvma-PNHS_vs_PSHS_-_Girls_Volleyball-LxqhN3R2zxc,https://archive.org/details/pedtvma-PNHS_vs_PSHS_-_Girls_Volleyball-LxqhN3R2zxc,https://archive.org/download/pedtvma-PNHS_vs_PSHS_-_Girls_Volleyball-LxqhN3R2zxc/PNHS_vs_PSHS_-_Girls_Volleyball-LxqhN3R2zxc.mp4,PNHS vs PSHS - Girls Volleyball,Produced by EDTV<br />2026/2027,EDTV,2026-09-17,,volleyball,female,,,,Girls Volleyball,PNHS_vs_PSHS_-_Girls_Volleyball-LxqhN3R2zxc.mp4,462856219,4770.05,unreviewed,
InternetArchive,IA:qctvmn-Game_Recap-Girls_Volleyball_Cambridge-Isanti_at_Andover_QCTV-_ELZ2EvUzwY,qctvmn-Game_Recap-Girls_Volleyball_Cambridge-Isanti_at_Andover_QCTV-_ELZ2EvUzwY,https://archive.org/details/qctvmn-Game_Recap-Girls_Volleyball_Cambridge-Isanti_at_Andover_QCTV-_ELZ2EvUzwY,https://archive.org/download/qctvmn-Game_Recap-Girls_Volleyball_Cambridge-Isanti_at_Andover_QCTV-_ELZ2EvUzwY/Game_Recap-Girls_Volleyball_Cambridge-Isanti_at_Andover_QCTV-_ELZ2EvUzwY.mp4,Game Recap-Girls Volleyball - Cambridge-Isanti at Andover - QCTV,CONNECT WITH US: <br />Our website:<br />http://qctv.org/<br />Live TV:<br />http://qctv.org/live<br />Sports:<br />http://qctv.org/sports/,QCTV,2026-09-09,,volleyball,female,,,,Girls Volleyball,Game_Recap-Girls_Volleyball_Cambridge-Isanti_at_Andover_QCTV-_ELZ2EvUzwY.mp4,10884608,112.64,unreviewed,
InternetArchive,IA:qctvmn-Girls_Volleyball_-_Cambridge-Isanti_at_Andover_09-08-2026_Andover_High_School-W6wLpXSw__E,qctvmn-Girls_Volleyball_-_Cambridge-Isanti_at_Andover_09-08-2026_Andover_High_School-W6wLpXSw__E,https://archive.org/details/qctvmn-Girls_Volleyball_-_Cambridge-Isanti_at_Andover_09-08-2026_Andover_High_School-W6wLpXSw__E,https://archive.org/download/qctvmn-Girls_Volleyball_-_Cambridge-Isanti_at_Andover_09-08-2026_Andover_High_School-W6wLpXSw__E/Girls_Volleyball_-_Cambridge-Isanti_at_Andover_09-08-2026_Andover_High_School-W6wLpXSw__E.mp4,Girls Volleyball: Cambridge-Isanti @ Andover 09-08-2026 - Andover High School - QCTV,Cambridge-Isanti takes on the Andover Huskies!<br /><br />#AndoverMN #RollSkies #QCTV<br /><br />CONNECT WITH US: <br />Our website:<br />http://qctv.org/<br />Live TV:<br />http://qctv.org/live<br />Sports:<br />http://qctv.org/sports/,QCTV,2026-09-09,,volleyball,female,,,,Girls Volleyball,Girls_Volleyball_-_Cambridge-Isanti_at_Andover_09-08-2026_Andover_High_School-W6wLpXSw__E.mp4,738626601,7680.05,unreviewed,
InternetArchive,IA:qctvmn-Girls_Volleyball_-_Lakeville_North_at_Champlin_Park_08-27-2026_Champlin_Park_-qDHBsPizGL4,qctvmn-Girls_Volleyball_-_Lakeville_North_at_Champlin_Park_08-27-2026_Champlin_Park_-qDHBsPizGL4,https://archive.org/details/qctvmn-Girls_Volleyball_-_Lakeville_North_at_Champlin_Park_08-27-2026_Champlin_Park_-qDHBsPizGL4,,Girls Volleyball: Lakeville North @ Champlin Park 08-27-2026 - Champlin Park High School - QCTV,,,2026-08-28T00:00:00Z,,volleyball,female,,,,Girls Volleyball,,0,0.0,unreviewed,
InternetArchive,IA:scctvmn-HS_Girls_Volleyball_-_White_Bear_Lake_vs._Hutchinson_-_August_27_2026,scctvmn-HS_Girls_Volleyball_-_White_Bear_Lake_vs._Hutchinson_-_August_27_2026,https://archive.org/details/scctvmn-HS_Girls_Volleyball_-_White_Bear_Lake_vs._Hutchinson_-_August_27_2026,https://archive.org/download/scctvmn-HS_Girls_Volleyball_-_White_Bear_Lake_vs._Hutchinson_-_August_27_2026/HS_Girls_Volleyball_-_White_Bear_Lake_vs._Hutchinson_-_August_27_2026.mp4,"HS Girls Volleyball - White Bear Lake vs. Hutchinson - August 27, 2026",White Bear Lake Bears vs. Hutchinson Tigers<br /><br />Check us out Online!<br />X - https://X.com/SCCTVSports<br />Facebook - https://www.facebook.com/scctv/<br />Instagram - https://www.instagram.com/scctv/<br />Website - https://scctv.org/,Suburban Community Channels,2026-08-28,,volleyball,female,,,,Girls Volleyball,HS_Girls_Volleyball_-_White_Bear_Lake_vs._Hutchinson_-_August_27_2026.mp4,471098935,4894.42,unreviewed,
InternetArchive,IA:scctvmn-Highlights_-_HS_Girls_Volleyball_White_Bear_Lake_vs._Hutchinson_-_August_27-ke40x8NhevY,scctvmn-Highlights_-_HS_Girls_Volleyball_White_Bear_Lake_vs._Hutchinson_-_August_27-ke40x8NhevY,https://archive.org/details/scctvmn-Highlights_-_HS_Girls_Volleyball_White_Bear_Lake_vs._Hutchinson_-_August_27-ke40x8NhevY,https://archive.org/download/scctvmn-Highlights_-_HS_Girls_Volleyball_White_Bear_Lake_vs._Hutchinson_-_August_27-ke40x8NhevY/Highlights_-_HS_Girls_Volleyball_White_Bear_Lake_vs._Hutchinson_-_August_27-ke40x8NhevY.mp4,"Highlights - HS Girls Volleyball White Bear Lake vs. Hutchinson - August 27, 2026",Highlights from the Bears' 3-0 win against the Tigers! <br /><br />Check us out Online!<br />X - https://X.com/SCCTVSports<br />Facebook - https://www.facebook.com/scctv/<br />Instagram - https://www.instagram.com/scctv/<br />Website - https://scctv.org/,Suburban Community Channels,2026-08-31,,volleyball,female,,,,Girls Volleyball,Highlights_-_HS_Girls_Volleyball_White_Bear_Lake_vs._Hutchinson_-_August_27-ke40x8NhevY.mp4,21654984,226.28,unreviewed,
InternetArchive,IA:sedtvma-Somerville_Girls_Volleyball_vs_Malden_9-21-26-h47h-OTWFQk,sedtvma-Somerville_Girls_Volleyball_vs_Malden_9-21-26-h47h-OTWFQk,https://archive.org/details/sedtvma-Somerville_Girls_Volleyball_vs_Malden_9-21-26-h47h-OTWFQk,https://archive.org/download/sedtvma-Somerville_Girls_Volleyball_vs_Malden_9-21-26-h47h-OTWFQk/Somerville_Girls_Volleyball_vs_Malden_9-21-26-h47h-OTWFQk.mp4,Somerville Girls' Volleyball vs Malden 9-21-26,"GBL Varsity Volleyball<br />Malden Golden Tornados vs Somerville Highlanders<br />September 21, 2026<br />Commentary by Todd Harmon<br /><br />F<br />MAL  0<br />SOM  3<br /><br />Music by Purple Planet",Somerville EdTV,2026-09-22,,volleyball,female,,,,Girls Volleyball,Somerville_Girls_Volleyball_vs_Malden_9-21-26-h47h-OTWFQk.mp4,366247568,3773.1,unreviewed,
InternetArchive,IA:sedtvma-Somerville_Girls_Volleyball_vs_Medford_9-14-26-MS61tmmrUTg,sedtvma-Somerville_Girls_Volleyball_vs_Medford_9-14-26-MS61tmmrUTg,https://archive.org/details/sedtvma-Somerville_Girls_Volleyball_vs_Medford_9-14-26-MS61tmmrUTg,https://archive.org/download/sedtvma-Somerville_Girls_Volleyball_vs_Medford_9-14-26-MS61tmmrUTg/Somerville_Girls_Volleyball_vs_Medford_9-14-26-MS61tmmrUTg.mp4,Somerville Girls' Volleyball vs Medford 9-14-26,"GBL Varsity Volleyball<br />Medford Mustangs vs Somerville Highlanders<br />September 14, 2026<br />Commentary by Todd Harmon<br /><br />F<br />MED  1<br />SOM 3<br /><br />Music by Purple Planet",Somerville EdTV,2026-09-15,,volleyball,female,,,,Girls Volleyball,Somerville_Girls_Volleyball_vs_Medford_9-14-26-MS61tmmrUTg.mp4,521393090,5372.54,unreviewed,
InternetArchive,IA:slpmn-Burnsville_vs_St_Louis_Park_Girls_Volleyball_Aug_27_2026-ol345_pyi1M,slpmn-Burnsville_vs_St_Louis_Park_Girls_Volleyball_Aug_27_2026-ol345_pyi1M,https://archive.org/details/slpmn-Burnsville_vs_St_Louis_Park_Girls_Volleyball_Aug_27_2026-ol345_pyi1M,https://archive.org/download/slpmn-Burnsville_vs_St_Louis_Park_Girls_Volleyball_Aug_27_2026-ol345_pyi1M/Burnsville_vs_St_Louis_Park_Girls_Volleyball_Aug_27_2026-ol345_pyi1M.mp4,"Burnsville vs St  Louis Park Girls Volleyball Aug  27, 2026","Non Conference girls volleyball between Burnsville & St. Louis Park held on Aug. 27, 2026.",ParkTV,2026-08-28,,volleyball,female,,,,Girls Volleyball,Burnsville_vs_St_Louis_Park_Girls_Volleyball_Aug_27_2026-ol345_pyi1M.mp4,445453951,4658.02,unreviewed,
InternetArchive,IA:tbcama-Brockton_High_School_Girls_Volleyball_vs_New_Bedford_High_School_09-23-26-qn3iKkXOfyE,tbcama-Brockton_High_School_Girls_Volleyball_vs_New_Bedford_High_School_09-23-26-qn3iKkXOfyE,https://archive.org/details/tbcama-Brockton_High_School_Girls_Volleyball_vs_New_Bedford_High_School_09-23-26-qn3iKkXOfyE,https://archive.org/download/tbcama-Brockton_High_School_Girls_Volleyball_vs_New_Bedford_High_School_09-23-26-qn3iKkXOfyE/Brockton_High_School_Girls_Volleyball_vs_New_Bedford_High_School_09-23-26-qn3iKkXOfyE.mp4,Brockton High School Girls Volleyball vs New Bedford High School 09-23-26,"Brockton Boxers vs New Bedford Whalers on Victor M. Ortiz Court in Arthur E. Staff Gymnasium at Brockton High School<br />Live Stream<br />September 23rd, 2026",Brockton Community Access,2026-09-23,,volleyball,female,,,,Girls Volleyball,Brockton_High_School_Girls_Volleyball_vs_New_Bedford_High_School_09-23-26-qn3iKkXOfyE.mp4,618166159,6314.46,unreviewed,
InternetArchive,IA:tncma-Girls_Volleyball_Preview_2026-QGhkS_P3gO4,tncma-Girls_Volleyball_Preview_2026-QGhkS_P3gO4,https://archive.org/details/tncma-Girls_Volleyball_Preview_2026-QGhkS_P3gO4,https://archive.org/download/tncma-Girls_Volleyball_Preview_2026-QGhkS_P3gO4/Girls_Volleyball_Preview_2026-QGhkS_P3gO4.mp4,Girls Volleyball Preview 2026,The Needham High School Girls Volleyball coach and captains talk about their upcoming 2026 season.,TNC,2026-09-05,,volleyball,female,,,,Girls Volleyball,Girls_Volleyball_Preview_2026-QGhkS_P3gO4.mp4,17421048,184.48,unreviewed,
InternetArchive,IA:wcstn-Mt._Juliet_Lady_Bears_Freshman_Girls_Volleyball_vs._Oakland,wcstn-Mt._Juliet_Lady_Bears_Freshman_Girls_Volleyball_vs._Oakland,https://archive.org/details/wcstn-Mt._Juliet_Lady_Bears_Freshman_Girls_Volleyball_vs._Oakland,https://archive.org/download/wcstn-Mt._Juliet_Lady_Bears_Freshman_Girls_Volleyball_vs._Oakland/Mt._Juliet_Lady_Bears_Freshman_Girls_Volleyball_vs._Oakland.mp4,Mt. Juliet Lady Bears Freshman Girls Volleyball vs. Oakland,,Mt. Juliet High School,2026-08-18,,volleyball,female,,,,Girls Volleyball,Mt._Juliet_Lady_Bears_Freshman_Girls_Volleyball_vs._Oakland.mp4,365494679,3764.03,unreviewed,
InternetArchive,IA:wcstn-Mt._Juliet_Lady_Bears_JV_Girls_Volleyball_vs._Oakland,wcstn-Mt._Juliet_Lady_Bears_JV_Girls_Volleyball_vs._Oakland,https://archive.org/details/wcstn-Mt._Juliet_Lady_Bears_JV_Girls_Volleyball_vs._Oakland,https://archive.org/download/wcstn-Mt._Juliet_Lady_Bears_JV_Girls_Volleyball_vs._Oakland/Mt._Juliet_Lady_Bears_JV_Girls_Volleyball_vs._Oakland.mp4,Mt. Juliet Lady Bears JV Girls Volleyball vs. Oakland,,Mt. Juliet High School,2026-08-18,,volleyball,female,,,,Girls Volleyball,Mt._Juliet_Lady_Bears_JV_Girls_Volleyball_vs._Oakland.mp4,380001320,3961.28,unreviewed,
InternetArchive,IA:wcstn-Mt._Juliet_Lady_Bears_Varsity_Girls_Volleyball_vs._Oakland,wcstn-Mt._Juliet_Lady_Bears_Varsity_Girls_Volleyball_vs._Oakland,https://archive.org/details/wcstn-Mt._Juliet_Lady_Bears_Varsity_Girls_Volleyball_vs._Oakland,https://archive.org/download/wcstn-Mt._Juliet_Lady_Bears_Varsity_Girls_Volleyball_vs._Oakland/Mt._Juliet_Lady_Bears_Varsity_Girls_Volleyball_vs._Oakland.mp4,Mt. Juliet Lady Bears Varsity Girls Volleyball vs. Oakland,,Mt. Juliet High School,2026-08-18,,volleyball,female,,,,Girls Volleyball,Mt._Juliet_Lady_Bears_Varsity_Girls_Volleyball_vs._Oakland.mp4,403188860,4182.19,unreviewed,
InternetArchive,IA:ELHS_Spartans_Boys_Volleyball_vs._Whittier_Tech_Vocational_5_29_26,ELHS_Spartans_Boys_Volleyball_vs._Whittier_Tech_Vocational_5_29_26,https://archive.org/details/ELHS_Spartans_Boys_Volleyball_vs._Whittier_Tech_Vocational_5_29_26,https://archive.org/download/ELHS_Spartans_Boys_Volleyball_vs._Whittier_Tech_Vocational_5_29_26/ELHS_Spartans_Boys_Volleyball_vs._Whittier_Tech_Vocational_5_29_26.mp4,ELHS Spartans Boys Volleyball vs. Whittier Tech Vocational 5/29/26,,East Longmeadow Community TV,2026-06-02,,volleyball,male,,,,Boys Volleyball,ELHS_Spartans_Boys_Volleyball_vs._Whittier_Tech_Vocational_5_29_26.mp4,318802994,3302.53,unreviewed,
InternetArchive,IA:ccxnewsmn-Kai_Wessman_Kills_-_Wayzata_Boys_Volleyball_volleyball_volleyballhighlights_volleyballworl,ccxnewsmn-Kai_Wessman_Kills_-_Wayzata_Boys_Volleyball_volleyball_volleyballhighlights_volleyballworl,https://archive.org/details/ccxnewsmn-Kai_Wessman_Kills_-_Wayzata_Boys_Volleyball_volleyball_volleyballhighlights_volleyballworl,https://archive.org/download/ccxnewsmn-Kai_Wessman_Kills_-_Wayzata_Boys_Volleyball_volleyball_volleyballhighlights_volleyballworl/Kai_Wessman_Kills_-_Wayzata_Boys_Volleyball_volleyball_volleyballhighlights_volleyballworl.mp4,Kai Wessman Kills - Wayzata Boys Volleyball #volleyball #volleyballhighlights #volleyballworld,"A couple big kills from Kai Wessman on set assists from Connor Voss got Wayzata boys volleyball off to a set one win on Saturday and eventually a 3-0 sweep over Cooper to send the Trojans back to the section six final on Wednesday vs. Edina 🙌 <br /><br />Check out the full highlights of Wayzata's win over Cooper at CCXMedia.org.<br /><br />Website - http://www.ccxmedia.org<br />Twitter - http://twitter.com/ccxnews<br />Facebook - https://www.facebook.com/ccxmedia.org/<br /><br />CCX Media is on Comcast Xfinity in the Northwest Suburbs of Minneapolis and includes the cities Brooklyn Center, Brooklyn Park, Crystal, Golden Valley, Maple Grove, New Hope, Osseo, Plymouth and Robbinsdale.",CCX News,2026-06-01,,volleyball,male,,,,Boys Volleyball,Kai_Wessman_Kills_-_Wayzata_Boys_Volleyball_volleyball_volleyballhighlights_volleyballworl.mp4,1412020,14.84,unreviewed,
InternetArchive,IA:ccxnewsmn-Wayzata_Boys_Volleyball_Sweeps_Cooper_Advances_to_Section_6_Final,ccxnewsmn-Wayzata_Boys_Volleyball_Sweeps_Cooper_Advances_to_Section_6_Final,https://archive.org/details/ccxnewsmn-Wayzata_Boys_Volleyball_Sweeps_Cooper_Advances_to_Section_6_Final,https://archive.org/download/ccxnewsmn-Wayzata_Boys_Volleyball_Sweeps_Cooper_Advances_to_Section_6_Final/Wayzata_Boys_Volleyball_Sweeps_Cooper_Advances_to_Section_6_Final.mp4,"Wayzata Boys Volleyball Sweeps Cooper, Advances to Section 6 Final","The Wayzata boys volleyball team swept Cooper 3-0 (25-14, 25-17, 25-13) to advance to the Section 6 championship. The Trojans went to the combination of Connor Voss to Kai Wessman numerous times in the opening set. After the Hawks started strong in the second - especially with solid play from Miles Kogler, Jacob Aslanisvili came up with some big plays for Wayzata and the Trojans won the second set 25-17. In the third, Voss had a couple aces and the Trojans completed the sweep. Wayzata will face Edina in the Section 6 championship on Wednesday.<br /><br />Website - http://www.ccxmedia.org<br />Twitter - http://twitter.com/ccxnews<br />Facebook - https://www.facebook.com/ccxmedia.org/<br /><br />CCX Media is on Comcast Xfinity in the Northwest Suburbs of Minneapolis and includes the cities Brooklyn Center, Brooklyn Park, Crystal, Golden Valley, Maple Grove, New Hope, Osseo, Plymouth and Robbinsdale.",CCX News,2026-06-01,,volleyball,male,,,,Boys Volleyball,Wayzata_Boys_Volleyball_Sweeps_Cooper_Advances_to_Section_6_Final.mp4,8682621,94.32,unreviewed,
InternetArchive,IA:ccxnewsmn-Wayzata_Boys_Volleyball_Wins_Section_6,ccxnewsmn-Wayzata_Boys_Volleyball_Wins_Section_6,https://archive.org/details/ccxnewsmn-Wayzata_Boys_Volleyball_Wins_Section_6,https://archive.org/download/ccxnewsmn-Wayzata_Boys_Volleyball_Wins_Section_6/Wayzata_Boys_Volleyball_Wins_Section_6.mp4,Wayzata Boys Volleyball Wins Section 6,"The Wayzata boys volleyball team won the Section 6 championship Wednesday with a three-set sweep of Edina. The Trojans won 25-22, 25-22, and 25-18 to qualify for the second MSHSL-sponsored state tournament next week. Wayzata (23-8) had split their two Lake Conference matches with the Hornets during the regular season.The state tournament begins June 9th at the University of St. Thomas.<br /><br />Website - http://www.ccxmedia.org<br />Twitter - http://twitter.com/ccxnews<br />Facebook - https://www.facebook.com/ccxmedia.org/<br /><br />CCX Media is on Comcast Xfinity in the Northwest Suburbs of Minneapolis and includes the cities Brooklyn Center, Brooklyn Park, Crystal, Golden Valley, Maple Grove, New Hope, Osseo, Plymouth and Robbinsdale.",CCX News,2026-06-04,,volleyball,male,,,,Boys Volleyball,Wayzata_Boys_Volleyball_Wins_Section_6.mp4,11595567,124.67,unreviewed,
InternetArchive,IA:ccxnewsmn-Wayzata_Boys_Volleyball_Wins_State_Tournament_Opener,ccxnewsmn-Wayzata_Boys_Volleyball_Wins_State_Tournament_Opener,https://archive.org/details/ccxnewsmn-Wayzata_Boys_Volleyball_Wins_State_Tournament_Opener,https://archive.org/download/ccxnewsmn-Wayzata_Boys_Volleyball_Wins_State_Tournament_Opener/Wayzata_Boys_Volleyball_Wins_State_Tournament_Opener.mp4,Wayzata Boys Volleyball Wins State Tournament Opener,"The Wayzata boys volleyball team overcame a slow start to defeat St. Paul Johnson in four sets in the state tournament quarterfinals Tuesday. The Trojans prevailed 20-25, 25-17, 25-15, 25-15. Jacob Aslanishvilli had 16 kills, Griffin McLean 13 and Kai Wessman 12 for Wayzata. The Trojans now meet Lake Conference rival Eden Prairie in the semifinals Wednesday at 3:00 p.m. at the University of St. Thomas.<br /><br />Website - http://www.ccxmedia.org<br />Twitter - http://twitter.com/ccxnews<br />Facebook - https://www.facebook.com/ccxmedia.org/<br /><br />CCX Media is on Comcast Xfinity in the Northwest Suburbs of Minneapolis and includes the cities Brooklyn Center, Brooklyn Park, Crystal, Golden Valley, Maple Grove, New Hope, Osseo, Plymouth and Robbinsdale.",CCX News,2026-06-09,,volleyball,male,,,,Boys Volleyball,Wayzata_Boys_Volleyball_Wins_State_Tournament_Opener.mp4,9684122,105.21,unreviewed,
InternetArchive,IA:ccxnewsmn-Wayzata_Boys_Volleyball_advances_to_Program_s_First-Ever_State_Tournament_volleyballhighli,ccxnewsmn-Wayzata_Boys_Volleyball_advances_to_Program_s_First-Ever_State_Tournament_volleyballhighli,https://archive.org/details/ccxnewsmn-Wayzata_Boys_Volleyball_advances_to_Program_s_First-Ever_State_Tournament_volleyballhighli,https://archive.org/download/ccxnewsmn-Wayzata_Boys_Volleyball_advances_to_Program_s_First-Ever_State_Tournament_volleyballhighli/Wayzata_Boys_Volleyball_advances_to_Program_s_First-Ever_State_Tournament_volleyballhighli.mp4,Wayzata Boys Volleyball advances to Program's First-Ever State Tournament #volleyballhighlights,"TICKET PUNCHED TO STATE 🎟️ ✅<br /><br />Wayzata boys volleyball swept Edina to earn their program’s FIRST-EVER section six title 🏆<br /><br />Check out more highlights at CCXMedia.org<br /><br />Website - http://www.ccxmedia.org<br />Twitter - http://twitter.com/ccxnews<br />Facebook - https://www.facebook.com/ccxmedia.org/<br /><br />CCX Media is on Comcast Xfinity in the Northwest Suburbs of Minneapolis and includes the cities Brooklyn Center, Brooklyn Park, Crystal, Golden Valley, Maple Grove, New Hope, Osseo, Plymouth and Robbinsdale.",CCX News,2026-06-05,,volleyball,male,,,,Boys Volleyball,Wayzata_Boys_Volleyball_advances_to_Program_s_First-Ever_State_Tournament_volleyballhighli.mp4,3610739,37.94,unreviewed,
InternetArchive,IA:ftvma-2026_-_FHS_vs_Ayer-Shirley_Boys_Volleyball_3.30.2026-CQAMOb0sGkU,ftvma-2026_-_FHS_vs_Ayer-Shirley_Boys_Volleyball_3.30.2026-CQAMOb0sGkU,https://archive.org/details/ftvma-2026_-_FHS_vs_Ayer-Shirley_Boys_Volleyball_3.30.2026-CQAMOb0sGkU,https://archive.org/download/ftvma-2026_-_FHS_vs_Ayer-Shirley_Boys_Volleyball_3.30.2026-CQAMOb0sGkU/2026_-_FHS_vs_Ayer-Shirley_Boys_Volleyball_3.30.2026-CQAMOb0sGkU.mp4,2026 - FHS vs Ayer-Shirley Boys Volleyball 3.30.2026,,Fitchburg Access TV,2026-09-03,,volleyball,male,,,,Boys Volleyball,2026_-_FHS_vs_Ayer-Shirley_Boys_Volleyball_3.30.2026-CQAMOb0sGkU.mp4,548119412,5596.43,unreviewed,
InternetArchive,IA:ftvma-2026_-_FHS_vs_Burncoat_Boys_Volleyball_4.10.2026-hNcwGn6qU8I,ftvma-2026_-_FHS_vs_Burncoat_Boys_Volleyball_4.10.2026-hNcwGn6qU8I,https://archive.org/details/ftvma-2026_-_FHS_vs_Burncoat_Boys_Volleyball_4.10.2026-hNcwGn6qU8I,https://archive.org/download/ftvma-2026_-_FHS_vs_Burncoat_Boys_Volleyball_4.10.2026-hNcwGn6qU8I/2026_-_FHS_vs_Burncoat_Boys_Volleyball_4.10.2026-hNcwGn6qU8I.mp4,2026 - FHS vs Burncoat Boys Volleyball 4.10.2026,,Fitchburg Access TV,2026-09-03,,volleyball,male,,,,Boys Volleyball,2026_-_FHS_vs_Burncoat_Boys_Volleyball_4.10.2026-hNcwGn6qU8I.mp4,312619433,3199.43,unreviewed,
InternetArchive,IA:ftvma-2026_-_FHS_vs_Chicopee_Boys_Volleyball_5.1.2026-HXcnSkHty1o,ftvma-2026_-_FHS_vs_Chicopee_Boys_Volleyball_5.1.2026-HXcnSkHty1o,https://archive.org/details/ftvma-2026_-_FHS_vs_Chicopee_Boys_Volleyball_5.1.2026-HXcnSkHty1o,https://archive.org/download/ftvma-2026_-_FHS_vs_Chicopee_Boys_Volleyball_5.1.2026-HXcnSkHty1o/2026_-_FHS_vs_Chicopee_Boys_Volleyball_5.1.2026-HXcnSkHty1o.mp4,2026 - FHS vs Chicopee Boys Volleyball 5.1.2026,,Fitchburg Access TV,2026-09-03,,volleyball,male,,,,Boys Volleyball,2026_-_FHS_vs_Chicopee_Boys_Volleyball_5.1.2026-HXcnSkHty1o.mp4,354334874,3628.3,unreviewed,
InternetArchive,IA:ftvma-2026_-_FHS_vs_Leominster_Boys_Volleyball_5.21.2026-K4CYBJiTp-Y,ftvma-2026_-_FHS_vs_Leominster_Boys_Volleyball_5.21.2026-K4CYBJiTp-Y,https://archive.org/details/ftvma-2026_-_FHS_vs_Leominster_Boys_Volleyball_5.21.2026-K4CYBJiTp-Y,https://archive.org/download/ftvma-2026_-_FHS_vs_Leominster_Boys_Volleyball_5.21.2026-K4CYBJiTp-Y/2026_-_FHS_vs_Leominster_Boys_Volleyball_5.21.2026-K4CYBJiTp-Y.mp4,2026 - FHS vs Leominster Boys Volleyball 5.21.2026,,Fitchburg Access TV,2026-09-03,,volleyball,male,,,,Boys Volleyball,2026_-_FHS_vs_Leominster_Boys_Volleyball_5.21.2026-K4CYBJiTp-Y.mp4,311790809,3183.29,unreviewed,
InternetArchive,IA:ftvma-2026_-_FHS_vs_Marlborough_Boys_Volleyball_4.28.2026-cdC3fiVBLsc,ftvma-2026_-_FHS_vs_Marlborough_Boys_Volleyball_4.28.2026-cdC3fiVBLsc,https://archive.org/details/ftvma-2026_-_FHS_vs_Marlborough_Boys_Volleyball_4.28.2026-cdC3fiVBLsc,https://archive.org/download/ftvma-2026_-_FHS_vs_Marlborough_Boys_Volleyball_4.28.2026-cdC3fiVBLsc/2026_-_FHS_vs_Marlborough_Boys_Volleyball_4.28.2026-cdC3fiVBLsc.mp4,2026 - FHS vs Marlborough Boys Volleyball 4.28.2026,,Fitchburg Access TV,2026-09-03,,volleyball,male,,,,Boys Volleyball,2026_-_FHS_vs_Marlborough_Boys_Volleyball_4.28.2026-cdC3fiVBLsc.mp4,350059541,3575.55,unreviewed,
InternetArchive,IA:ftvma-2026_-_FHS_vs_Nashoba_Boys_Volleyball_5.18.2026-q9Xko5kawjc,ftvma-2026_-_FHS_vs_Nashoba_Boys_Volleyball_5.18.2026-q9Xko5kawjc,https://archive.org/details/ftvma-2026_-_FHS_vs_Nashoba_Boys_Volleyball_5.18.2026-q9Xko5kawjc,https://archive.org/download/ftvma-2026_-_FHS_vs_Nashoba_Boys_Volleyball_5.18.2026-q9Xko5kawjc/2026_-_FHS_vs_Nashoba_Boys_Volleyball_5.18.2026-q9Xko5kawjc.mp4,2026 - FHS vs Nashoba Boys Volleyball 5.18.2026,,Fitchburg Access TV,2026-09-03,,volleyball,male,,,,Boys Volleyball,2026_-_FHS_vs_Nashoba_Boys_Volleyball_5.18.2026-q9Xko5kawjc.mp4,360729507,3686.89,unreviewed,
InternetArchive,IA:ftvma-2026_-_FHS_vs_North_Middlesex_Boys_Volleyball_5.15.2026-d-wLN3_1tDU,ftvma-2026_-_FHS_vs_North_Middlesex_Boys_Volleyball_5.15.2026-d-wLN3_1tDU,https://archive.org/details/ftvma-2026_-_FHS_vs_North_Middlesex_Boys_Volleyball_5.15.2026-d-wLN3_1tDU,https://archive.org/download/ftvma-2026_-_FHS_vs_North_Middlesex_Boys_Volleyball_5.15.2026-d-wLN3_1tDU/2026_-_FHS_vs_North_Middlesex_Boys_Volleyball_5.15.2026-d-wLN3_1tDU.mp4,2026 - FHS vs North Middlesex Boys Volleyball 5.15.2026,,Fitchburg Access TV,2026-09-03,,volleyball,male,,,,Boys Volleyball,2026_-_FHS_vs_North_Middlesex_Boys_Volleyball_5.15.2026-d-wLN3_1tDU.mp4,251543907,2576.37,unreviewed,
InternetArchive,IA:ftvma-2026_-_FHS_vs_South_Lancaster_Academy_Boys_Volleyball_4.13.2026-i5nDrb16mZA,ftvma-2026_-_FHS_vs_South_Lancaster_Academy_Boys_Volleyball_4.13.2026-i5nDrb16mZA,https://archive.org/details/ftvma-2026_-_FHS_vs_South_Lancaster_Academy_Boys_Volleyball_4.13.2026-i5nDrb16mZA,https://archive.org/download/ftvma-2026_-_FHS_vs_South_Lancaster_Academy_Boys_Volleyball_4.13.2026-i5nDrb16mZA/2026_-_FHS_vs_South_Lancaster_Academy_Boys_Volleyball_4.13.2026-i5nDrb16mZA.mp4,2026 - FHS vs South Lancaster Academy Boys Volleyball 4.13.2026,,Fitchburg Access TV,2026-09-03,,volleyball,male,,,,Boys Volleyball,2026_-_FHS_vs_South_Lancaster_Academy_Boys_Volleyball_4.13.2026-i5nDrb16mZA.mp4,273489931,2799.26,unreviewed,
InternetArchive,IA:ftvma-2026_-_FHS_vs_Worcester_South_Boys_Volleyball_4.30.2026-jvgYqdWoksU,ftvma-2026_-_FHS_vs_Worcester_South_Boys_Volleyball_4.30.2026-jvgYqdWoksU,https://archive.org/details/ftvma-2026_-_FHS_vs_Worcester_South_Boys_Volleyball_4.30.2026-jvgYqdWoksU,https://archive.org/download/ftvma-2026_-_FHS_vs_Worcester_South_Boys_Volleyball_4.30.2026-jvgYqdWoksU/2026_-_FHS_vs_Worcester_South_Boys_Volleyball_4.30.2026-jvgYqdWoksU.mp4,2026 - FHS vs Worcester South Boys Volleyball 4.30.2026,,Fitchburg Access TV,2026-09-03,,volleyball,male,,,,Boys Volleyball,2026_-_FHS_vs_Worcester_South_Boys_Volleyball_4.30.2026-jvgYqdWoksU.mp4,325008630,3312.86,unreviewed,
InternetArchive,IA:letvma-Classical_vs_Greater_Lowell_MIAA_Boys_Volleyball_May_29_2026,letvma-Classical_vs_Greater_Lowell_MIAA_Boys_Volleyball_May_29_2026,https://archive.org/details/letvma-Classical_vs_Greater_Lowell_MIAA_Boys_Volleyball_May_29_2026,https://archive.org/download/letvma-Classical_vs_Greater_Lowell_MIAA_Boys_Volleyball_May_29_2026/Classical_vs_Greater_Lowell_MIAA_Boys_Volleyball_May_29_2026.mp4,Classical vs Greater Lowell MIAA Boys Volleyball May 29 2026,Classical vs Greater Lowell MIAA Boys Volleyball May 29 2026,Lynn Educational Television,2026-06-01,,volleyball,male,,,,Boys Volleyball,Classical_vs_Greater_Lowell_MIAA_Boys_Volleyball_May_29_2026.mp4,624285919,6511.06,unreviewed,
InternetArchive,IA:letvma-LVTI_Boys_Volleyball_vs_Innovation_May_21_2026,letvma-LVTI_Boys_Volleyball_vs_Innovation_May_21_2026,https://archive.org/details/letvma-LVTI_Boys_Volleyball_vs_Innovation_May_21_2026,https://archive.org/download/letvma-LVTI_Boys_Volleyball_vs_Innovation_May_21_2026/LVTI_Boys_Volleyball_vs_Innovation_May_21_2026.mp4,"LVTI Boys Volleyball vs Innovation May 21, 2026","LVTI Boys Volleyball vs Innovation May 21, 2026",Lynn Educational Television,2026-06-10,,volleyball,male,,,,Boys Volleyball,LVTI_Boys_Volleyball_vs_Innovation_May_21_2026.mp4,317467285,3171.68,unreviewed,
InternetArchive,IA:letvma-LVTI_Boys_Volleyball_vs_KIPP_May_11_2026,letvma-LVTI_Boys_Volleyball_vs_KIPP_May_11_2026,https://archive.org/details/letvma-LVTI_Boys_Volleyball_vs_KIPP_May_11_2026,https://archive.org/download/letvma-LVTI_Boys_Volleyball_vs_KIPP_May_11_2026/LVTI_Boys_Volleyball_vs_KIPP_May_11_2026.mp4,"LVTI Boys Volleyball vs KIPP May 11, 2026","LVTI Boys Volleyball vs KIPP May 11, 2026",Lynn Educational Television,2026-05-28,,volleyball,male,,,,Boys Volleyball,LVTI_Boys_Volleyball_vs_KIPP_May_11_2026.mp4,625403899,6492.0,unreviewed,
InternetArchive,IA:nwctc-Kai_Wessman_Kills_-_Wayzata_Boys_Volleyball_volleyball_volleyballhighlights_volleyballworl,nwctc-Kai_Wessman_Kills_-_Wayzata_Boys_Volleyball_volleyball_volleyballhighlights_volleyballworl,https://archive.org/details/nwctc-Kai_Wessman_Kills_-_Wayzata_Boys_Volleyball_volleyball_volleyballhighlights_volleyballworl,https://archive.org/download/nwctc-Kai_Wessman_Kills_-_Wayzata_Boys_Volleyball_volleyball_volleyballhighlights_volleyballworl/Kai_Wessman_Kills_-_Wayzata_Boys_Volleyball_volleyball_volleyballhighlights_volleyballworl.mp4,Kai Wessman Kills - Wayzata Boys Volleyball #volleyball #volleyballhighlights #volleyballworld,A couple big kills from Kai Wessman on set assists from Connor Voss got Wayzata boys volleyball off to a set one win on Saturday and eventually a 3-0 sweep over Cooper to send the Trojans back to the section six final on Wednesday vs. Edina 🙌<br /><br />Check out the full highlights of Wayzata's win over Cooper at CCXMedia.org.<br /><br />Subscribe for more of the best prep sports coverage on YouTube- https://tinyurl.com/y96kvjbm<br /><br />Visit us online- https://ccxmedia.org/ccx-sports/,CCX Media,2026-06-01,,volleyball,male,,,,Boys Volleyball,Kai_Wessman_Kills_-_Wayzata_Boys_Volleyball_volleyball_volleyballhighlights_volleyballworl.mp4,1406110,14.84,unreviewed,
InternetArchive,IA:nwctc-Wayzata_Boys_Volleyball_Advances_to_Program_s_First-Ever_State_Tournament_volleyballhighli,nwctc-Wayzata_Boys_Volleyball_Advances_to_Program_s_First-Ever_State_Tournament_volleyballhighli,https://archive.org/details/nwctc-Wayzata_Boys_Volleyball_Advances_to_Program_s_First-Ever_State_Tournament_volleyballhighli,https://archive.org/download/nwctc-Wayzata_Boys_Volleyball_Advances_to_Program_s_First-Ever_State_Tournament_volleyballhighli/Wayzata_Boys_Volleyball_Advances_to_Program_s_First-Ever_State_Tournament_volleyballhighli.mp4,Wayzata Boys Volleyball Advances to Program's First-Ever State Tournament #volleyballhighlights,TICKET PUNCHED TO STATE 🎟️ ✅ <br /><br />Wayzata boys volleyball swept Edina to earn their program’s FIRST-EVER section six title 🏆 <br /><br />Check out more highlights at CCXMedia.org<br /><br />Subscribe for more of the best prep sports coverage on YouTube- https://tinyurl.com/y96kvjbm<br /><br />Visit us online- https://ccxmedia.org/ccx-sports/,CCX Media,2026-06-05,,volleyball,male,,,,Boys Volleyball,Wayzata_Boys_Volleyball_Advances_to_Program_s_First-Ever_State_Tournament_volleyballhighli.mp4,3611135,37.94,unreviewed,
InternetArchive,IA:pcfl-Sports_Central_FHSAA_Boys_Volleyball_Finals_Interview_Highlights-_KaRsakGhQg,pcfl-Sports_Central_FHSAA_Boys_Volleyball_Finals_Interview_Highlights-_KaRsakGhQg,https://archive.org/details/pcfl-Sports_Central_FHSAA_Boys_Volleyball_Finals_Interview_Highlights-_KaRsakGhQg,https://archive.org/download/pcfl-Sports_Central_FHSAA_Boys_Volleyball_Finals_Interview_Highlights-_KaRsakGhQg/Sports_Central_FHSAA_Boys_Volleyball_Finals_Interview_Highlights-_KaRsakGhQg.mp4,Sports Central – FHSAA Boys Volleyball Finals – Interview/Highlights,"The FHSAA Boys Volleyball Finals come to Polk State College for a championship showcase featuring some of the state's top high school volleyball teams.<br /><br />#PolkCountyFlorida #PolkSports #VisitCentralFloridaSports #PGTV #SportsCentral #PolkCountyFL #FHSAA #BoysVolleyball #FloridaHighSchoolSports #VolleyballFinals #HighSchoolVolleyball #PolkStateCollege #FloridaVolleyball #StudentAthletes #ChampionshipSports<br /><br />https://fhsaa.com/sports/bvb<br /><br />With Polk Government Television (PGTV), you can learn more about your local government and community. Explore more on our website and social media.<br /><br />Polk County, Florida residents can view us on the following outlets:<br /><br />CABLE TV<br />Comcast - Ch. 5<br />Spectrum - Ch. 644<br />Frontier - Ch. 20<br />24-hour LIVE Webstream:<br />https://www.polk-county.tv<br /><br />Polk County, Florida Government Official Website:<br />https://www.polkfl.gov/<br /><br />SOCIAL MEDIA<br />Facebook: https://www.facebook.com/polkcountygovfl/<br />X: https://X.com/PolkCountyFL",Polk Government,2026-09-09,,volleyball,male,,,,Boys Volleyball,Sports_Central_FHSAA_Boys_Volleyball_Finals_Interview_Highlights-_KaRsakGhQg.mp4,34869070,358.49,unreviewed,
InternetArchive,IA:pwcsva-Boys_Volleyball_Opens_New_Opportunities_for_PWCS_Students-ZsG-OpMn43M,pwcsva-Boys_Volleyball_Opens_New_Opportunities_for_PWCS_Students-ZsG-OpMn43M,https://archive.org/details/pwcsva-Boys_Volleyball_Opens_New_Opportunities_for_PWCS_Students-ZsG-OpMn43M,https://archive.org/download/pwcsva-Boys_Volleyball_Opens_New_Opportunities_for_PWCS_Students-ZsG-OpMn43M/Boys_Volleyball_Opens_New_Opportunities_for_PWCS_Students-ZsG-OpMn43M.mp4,Boys Volleyball Opens New Opportunities for PWCS Students,"The launch of boys volleyball in Prince William County Public Schools is creating excitement among students and staff while expanding athletic opportunities across the division. Coaches and students say the new sport offers another pathway for students to get involved, build friendships and develop valuable life skills.",PWCS TV - Prince William County Schools,2026-09-10,,volleyball,male,,,,Boys Volleyball,Boys_Volleyball_Opens_New_Opportunities_for_PWCS_Students-ZsG-OpMn43M.mp4,9308177,95.25,unreviewed,
InternetArchive,IA:qatvma-QATV_Sports_-_Quincy_vs_North_Quincy_Boys_Volleyball_May_20_2026,qatvma-QATV_Sports_-_Quincy_vs_North_Quincy_Boys_Volleyball_May_20_2026,https://archive.org/details/qatvma-QATV_Sports_-_Quincy_vs_North_Quincy_Boys_Volleyball_May_20_2026,https://archive.org/download/qatvma-QATV_Sports_-_Quincy_vs_North_Quincy_Boys_Volleyball_May_20_2026/QATV_Sports_-_Quincy_vs_North_Quincy_Boys_Volleyball_May_20_2026.mp4,"QATV Sports: Quincy vs North Quincy Boys Volleyball (May 20, 2026)",The Presidents take on the Raiders at NQHS.,QATV,2026-05-28,,volleyball,male,,,,Boys Volleyball,QATV_Sports_-_Quincy_vs_North_Quincy_Boys_Volleyball_May_20_2026.mp4,390241104,3982.46,unreviewed,
InternetArchive,IA:qatvma-QATV_Sports_-_Shrewsbury_vs_Quincy_Boys_Volleyball_May_26_2026,qatvma-QATV_Sports_-_Shrewsbury_vs_Quincy_Boys_Volleyball_May_26_2026,https://archive.org/details/qatvma-QATV_Sports_-_Shrewsbury_vs_Quincy_Boys_Volleyball_May_26_2026,https://archive.org/download/qatvma-QATV_Sports_-_Shrewsbury_vs_Quincy_Boys_Volleyball_May_26_2026/QATV_Sports_-_Shrewsbury_vs_Quincy_Boys_Volleyball_May_26_2026.mp4,"QATV Sports: Shrewsbury vs Quincy Boys Volleyball (May 26, 2026)",,QATV,2026-06-05,,volleyball,male,,,,Boys Volleyball,QATV_Sports_-_Shrewsbury_vs_Quincy_Boys_Volleyball_May_26_2026.mp4,358006117,3694.39,unreviewed,
InternetArchive,IA:qctvmn-Boys_Volleyball_-_St._Cloud_Crush_at_Champlin_Park_8A_R1_05-26-2026_Champlin_Park_High_Scho,qctvmn-Boys_Volleyball_-_St._Cloud_Crush_at_Champlin_Park_8A_R1_05-26-2026_Champlin_Park_High_Scho,https://archive.org/details/qctvmn-Boys_Volleyball_-_St._Cloud_Crush_at_Champlin_Park_8A_R1_05-26-2026_Champlin_Park_High_Scho,https://archive.org/download/qctvmn-Boys_Volleyball_-_St._Cloud_Crush_at_Champlin_Park_8A_R1_05-26-2026_Champlin_Park_High_Scho/Boys_Volleyball_-_St._Cloud_Crush_at_Champlin_Park_8A_R1_05-26-2026_Champlin_Park_High_Scho.mp4,Boys Volleyball: St. Cloud Crush @- Champlin Park *8A R1* 05-26-2026 - Champlin Park High School,The St. Cloud Crush took on the Champlin Park Rebels in this Section 8A Round 1 Game!<br /><br />#LIVChamplin #QCTV<br /><br />CONNECT WITH US: <br />Our website:<br />http://qctv.org/<br />Live TV:<br />http://qctv.org/live<br />Sports:<br />http://qctv.org/sports/,QCTV,2026-05-27,,volleyball,male,,,,Boys Volleyball,Boys_Volleyball_-_St._Cloud_Crush_at_Champlin_Park_8A_R1_05-26-2026_Champlin_Park_High_Scho.mp4,639866430,6631.69,unreviewed,
InternetArchive,IA:qctvmn-Boys_Volleyball_Highlights_-_St._Cloud_vs_Champlin_Park_05-26-2026_QCTV,qctvmn-Boys_Volleyball_Highlights_-_St._Cloud_vs_Champlin_Park_05-26-2026_QCTV,https://archive.org/details/qctvmn-Boys_Volleyball_Highlights_-_St._Cloud_vs_Champlin_Park_05-26-2026_QCTV,https://archive.org/download/qctvmn-Boys_Volleyball_Highlights_-_St._Cloud_vs_Champlin_Park_05-26-2026_QCTV/Boys_Volleyball_Highlights_-_St._Cloud_vs_Champlin_Park_05-26-2026_QCTV.mp4,- Boys Volleyball Highlights: St. Cloud vs Champlin Park 05-26-2026 - QCTV,CONNECT WITH US: <br />Our website:<br />http://qctv.org/<br />Live TV:<br />http://qctv.org/live<br />Sports:<br />http://qctv.org/sports/,QCTV,2026-05-27,,volleyball,male,,,,Boys Volleyball,Boys_Volleyball_Highlights_-_St._Cloud_vs_Champlin_Park_05-26-2026_QCTV.mp4,10906208,112.15,unreviewed,
InternetArchive,IA:rjmco-Boys_Volleyball_2026_-_Teamwork,rjmco-Boys_Volleyball_2026_-_Teamwork,https://archive.org/details/rjmco-Boys_Volleyball_2026_-_Teamwork,https://archive.org/download/rjmco-Boys_Volleyball_2026_-_Teamwork/Boys_Volleyball_2026_-_Teamwork.mp4,Boys Volleyball 2026: Teamwork,By Ian Willson '28 & Evan Whalen '29,RJ Media,2026-06-22,,volleyball,male,,,,Boys Volleyball,Boys_Volleyball_2026_-_Teamwork.mp4,14364994,149.63,unreviewed,
InternetArchive,IA:sedtvma-SHS_Boys_Volleyball_at_Natick_5-31-26,sedtvma-SHS_Boys_Volleyball_at_Natick_5-31-26,https://archive.org/details/sedtvma-SHS_Boys_Volleyball_at_Natick_5-31-26,https://archive.org/download/sedtvma-SHS_Boys_Volleyball_at_Natick_5-31-26/SHS_Boys_Volleyball_at_Natick_5-31-26.mp4,SHS Boys' Volleyball @ Natick 5-31-26,"MIAA Division 1 Spring Volleyball Tournament • Round of 32<br />Somerville Highlanders # 29 vs Natick Red Hawks # 3<br />Natick High School<br />May 31, 2026<br />Commentary by Todd Harmon",Somerville EdTV,2026-07-05,,volleyball,male,,,,Boys Volleyball,SHS_Boys_Volleyball_at_Natick_5-31-26.mp4,368587294,3792.4,unreviewed,
InternetArchive,IA:slpmn-6_Lac_qui_Parle_Valley_vs_3_Benilde-St._Margaret_s_6A_Quarter_Final_Boys_Volleyball_May_28,slpmn-6_Lac_qui_Parle_Valley_vs_3_Benilde-St._Margaret_s_6A_Quarter_Final_Boys_Volleyball_May_28,https://archive.org/details/slpmn-6_Lac_qui_Parle_Valley_vs_3_Benilde-St._Margaret_s_6A_Quarter_Final_Boys_Volleyball_May_28,https://archive.org/download/slpmn-6_Lac_qui_Parle_Valley_vs_3_Benilde-St._Margaret_s_6A_Quarter_Final_Boys_Volleyball_May_28/6_Lac_qui_Parle_Valley_vs_3_Benilde-St._Margaret_s_6A_Quarter_Final_Boys_Volleyball_May_28.mp4,"#6 Lac qui Parle Valley vs #3 Benilde-St. Margaret's 6A Quarter Final Boys Volleyball May 28, 2026","The Section 6A Quarter Final boys volleyball between #6 Lac qui Parle Valley & #3 Benilde-St. Margaret's held on May 28, 2026.",ParkTV,2026-05-30,,volleyball,male,,,,Boys Volleyball,6_Lac_qui_Parle_Valley_vs_3_Benilde-St._Margaret_s_6A_Quarter_Final_Boys_Volleyball_May_28.mp4,429839954,4276.88,unreviewed,
InternetArchive,IA:whctvct-Boys_Volleyball_Class_M_2nd_Round_4_Hall_vs_13_Newtown_-_June_2_2026,whctvct-Boys_Volleyball_Class_M_2nd_Round_4_Hall_vs_13_Newtown_-_June_2_2026,https://archive.org/details/whctvct-Boys_Volleyball_Class_M_2nd_Round_4_Hall_vs_13_Newtown_-_June_2_2026,https://archive.org/download/whctvct-Boys_Volleyball_Class_M_2nd_Round_4_Hall_vs_13_Newtown_-_June_2_2026/Boys_Volleyball_Class_M_2nd_Round_4_Hall_vs_13_Newtown_-_June_2_2026.mp4,"Boys Volleyball Class M 2nd Round (4) Hall vs (13) Newtown - June 2, 2026",This game will be made public again at the end of the season<br /><br />Are you enjoying this? Please help support our channel by becoming a member: https://www.youtube.com/channel/UCa3sHmUhm7-2Dep_Yy3LarA/join <br /><br />Get a heads up whenever we go live. It's free to subscribe. Simply click below to receive a notification every time we go live: https://www.youtube.com/@whci/?sub_confirmation=1 <br /><br />Make a tax-deductible donation to WHCi!  https://givebutter.com/etxOvo,WHC-TV,2026-06-15,,volleyball,male,,,,Boys Volleyball,Boys_Volleyball_Class_M_2nd_Round_4_Hall_vs_13_Newtown_-_June_2_2026.mp4,544464907,5532.06,unreviewed,
InternetArchive,IA:whctvct-Boys_Volleyball_Class_M_2nd_Round_8_Conard_vs_9_Windsor_-_June_2_2026,whctvct-Boys_Volleyball_Class_M_2nd_Round_8_Conard_vs_9_Windsor_-_June_2_2026,https://archive.org/details/whctvct-Boys_Volleyball_Class_M_2nd_Round_8_Conard_vs_9_Windsor_-_June_2_2026,https://archive.org/download/whctvct-Boys_Volleyball_Class_M_2nd_Round_8_Conard_vs_9_Windsor_-_June_2_2026/Boys_Volleyball_Class_M_2nd_Round_8_Conard_vs_9_Windsor_-_June_2_2026.mp4,"Boys Volleyball Class M 2nd Round (8) Conard vs (9) Windsor - June 2, 2026",This game will be made public again at the end of the season<br /><br />Are you enjoying this? Please help support our channel by becoming a member: https://www.youtube.com/channel/UCa3sHmUhm7-2Dep_Yy3LarA/join <br /><br />Get a heads up whenever we go live. It's free to subscribe. Simply click below to receive a notification every time we go live: https://www.youtube.com/@whci/?sub_confirmation=1 <br /><br />Make a tax-deductible donation to WHCi!  https://givebutter.com/etxOvo,WHC-TV,2026-06-15,,volleyball,male,,,,Boys Volleyball,Boys_Volleyball_Class_M_2nd_Round_8_Conard_vs_9_Windsor_-_June_2_2026.mp4,533128315,5428.45,unreviewed,
InternetArchive,IA:whctvct-Boys_Volleyball_Class_M_Quarterfinal_4_Hall_vs_5_Darien_-_June_4_2026,whctvct-Boys_Volleyball_Class_M_Quarterfinal_4_Hall_vs_5_Darien_-_June_4_2026,https://archive.org/details/whctvct-Boys_Volleyball_Class_M_Quarterfinal_4_Hall_vs_5_Darien_-_June_4_2026,https://archive.org/download/whctvct-Boys_Volleyball_Class_M_Quarterfinal_4_Hall_vs_5_Darien_-_June_4_2026/Boys_Volleyball_Class_M_Quarterfinal_4_Hall_vs_5_Darien_-_June_4_2026.mp4,"Boys Volleyball Class M Quarterfinal (4) Hall vs (5) Darien - June 4, 2026",This game will be made public again at the end of the season<br /><br />Are you enjoying this? Please help support our channel by becoming a member: https://www.youtube.com/channel/UCa3sHmUhm7-2Dep_Yy3LarA/join <br /><br />Get a heads up whenever we go live. It's free to subscribe. Simply click below to receive a notification every time we go live: https://www.youtube.com/@whci/?sub_confirmation=1 <br /><br />Make a tax-deductible donation to WHCi!  https://givebutter.com/etxOvo,WHC-TV,2026-06-15,,volleyball,male,,,,Boys Volleyball,Boys_Volleyball_Class_M_Quarterfinal_4_Hall_vs_5_Darien_-_June_4_2026.mp4,781636603,7947.68,unreviewed,
InternetArchive,IA:whctvct-CIAC_Class_M_Semifinal_Boys_Volleyball_4_Hall_vs_1_Maloney_-_June_9_2026,whctvct-CIAC_Class_M_Semifinal_Boys_Volleyball_4_Hall_vs_1_Maloney_-_June_9_2026,https://archive.org/details/whctvct-CIAC_Class_M_Semifinal_Boys_Volleyball_4_Hall_vs_1_Maloney_-_June_9_2026,https://archive.org/download/whctvct-CIAC_Class_M_Semifinal_Boys_Volleyball_4_Hall_vs_1_Maloney_-_June_9_2026/CIAC_Class_M_Semifinal_Boys_Volleyball_4_Hall_vs_1_Maloney_-_June_9_2026.mp4,"CIAC Class M Semifinal Boys Volleyball (4) Hall vs (1) Maloney - June 9, 2026",Are you enjoying this? Please help support our channel by becoming a member: https://www.youtube.com/channel/UCa3sHmUhm7-2Dep_Yy3LarA/join <br /><br />Get a heads up whenever we go live. It's free to subscribe. Simply click below to receive a notification every time we go live: https://www.youtube.com/@whci/?sub_confirmation=1 <br /><br />Make a tax-deductible donation to WHCi!  https://givebutter.com/etxOvo,WHC-TV,2026-06-10,,volleyball,male,,,,Boys Volleyball,CIAC_Class_M_Semifinal_Boys_Volleyball_4_Hall_vs_1_Maloney_-_June_9_2026.mp4,485862590,5199.39,unreviewed,
InternetArchive,IA:whctvct-Hall_vs_Conard_end_of_Varsity_game_and_JV_Boys_Volleyball_-_May_21_2026,whctvct-Hall_vs_Conard_end_of_Varsity_game_and_JV_Boys_Volleyball_-_May_21_2026,https://archive.org/details/whctvct-Hall_vs_Conard_end_of_Varsity_game_and_JV_Boys_Volleyball_-_May_21_2026,https://archive.org/download/whctvct-Hall_vs_Conard_end_of_Varsity_game_and_JV_Boys_Volleyball_-_May_21_2026/Hall_vs_Conard_end_of_Varsity_game_and_JV_Boys_Volleyball_-_May_21_2026.mp4,"Hall vs Conard end of Varsity game and JV Boys Volleyball - May 21, 2026","The recording of the camera in the gymnasium ended before the JV game was complete, we apologize for the missing portion of the game<br /><br />This game will be made public again at the end of the season<br /><br />Are you enjoying this? Please help support our channel by becoming a member: https://www.youtube.com/channel/UCa3sHmUhm7-2Dep_Yy3LarA/join Get a heads up whenever we go live. It's free to subscribe. <br /><br />Simply click below to receive a notification every time we go live: https://www.youtube.com/@whci/?sub_confirmation=1 <br /><br />Make a tax-deductible donation to WHCi!  https://givebutter.com/etxOvo",WHC-TV,2026-06-15,,volleyball,male,,,,Boys Volleyball,Hall_vs_Conard_end_of_Varsity_game_and_JV_Boys_Volleyball_-_May_21_2026.mp4,529692315,5376.05,unreviewed,
InternetArchive,IA:wincamma-WHS_Varsity_Boys_Volleyball_vs_Acton_Boxborough_High_School_5-6-24,wincamma-WHS_Varsity_Boys_Volleyball_vs_Acton_Boxborough_High_School_5-6-24,https://archive.org/details/wincamma-WHS_Varsity_Boys_Volleyball_vs_Acton_Boxborough_High_School_5-6-24,https://archive.org/download/wincamma-WHS_Varsity_Boys_Volleyball_vs_Acton_Boxborough_High_School_5-6-24/WHS_Varsity_Boys_Volleyball_vs_Acton_Boxborough_High_School_5-6-24.mp4,WHS Varsity Boys Volleyball vs Acton Boxborough High School 5-6-24,,WinCAM,2026-08-19,,volleyball,male,,,,Boys Volleyball,WHS_Varsity_Boys_Volleyball_vs_Acton_Boxborough_High_School_5-6-24.mp4,678286991,6913.12,unreviewed,
InternetArchive,IA:wincamma-WHS_Varsity_Boys_Volleyball_vs_Belmont_High_School_5-21-24,wincamma-WHS_Varsity_Boys_Volleyball_vs_Belmont_High_School_5-21-24,https://archive.org/details/wincamma-WHS_Varsity_Boys_Volleyball_vs_Belmont_High_School_5-21-24,https://archive.org/download/wincamma-WHS_Varsity_Boys_Volleyball_vs_Belmont_High_School_5-21-24/WHS_Varsity_Boys_Volleyball_vs_Belmont_High_School_5-21-24.mp4,WHS Varsity Boys Volleyball vs Belmont High School 5-21-24,,WinCAM,2026-08-19,,volleyball,male,,,,Boys Volleyball,WHS_Varsity_Boys_Volleyball_vs_Belmont_High_School_5-21-24.mp4,472187787,4820.14,unreviewed,
InternetArchive,IA:wincamma-WHS_Varsity_Boys_Volleyball_vs_Burlington_High_School_5-9-24,wincamma-WHS_Varsity_Boys_Volleyball_vs_Burlington_High_School_5-9-24,https://archive.org/details/wincamma-WHS_Varsity_Boys_Volleyball_vs_Burlington_High_School_5-9-24,https://archive.org/download/wincamma-WHS_Varsity_Boys_Volleyball_vs_Burlington_High_School_5-9-24/WHS_Varsity_Boys_Volleyball_vs_Burlington_High_School_5-9-24.mp4,WHS Varsity Boys Volleyball vs Burlington High School 5-9-24,,WinCAM,2026-08-19,,volleyball,male,,,,Boys Volleyball,WHS_Varsity_Boys_Volleyball_vs_Burlington_High_School_5-9-24.mp4,389696244,3967.92,unreviewed,
InternetArchive,IA:wincamma-WHS_Varsity_Boys_Volleyball_vs_Newton_North_High_School_5-22-24,wincamma-WHS_Varsity_Boys_Volleyball_vs_Newton_North_High_School_5-22-24,https://archive.org/details/wincamma-WHS_Varsity_Boys_Volleyball_vs_Newton_North_High_School_5-22-24,https://archive.org/download/wincamma-WHS_Varsity_Boys_Volleyball_vs_Newton_North_High_School_5-22-24/WHS_Varsity_Boys_Volleyball_vs_Newton_North_High_School_5-22-24.mp4,WHS Varsity Boys Volleyball vs Newton North High School 5-22-24,,WinCAM,2026-08-19,,volleyball,male,,,,Boys Volleyball,WHS_Varsity_Boys_Volleyball_vs_Newton_North_High_School_5-22-24.mp4,563043028,5735.45,unreviewed,
InternetArchive,IA:wpmcma-Woburn_Boys_Volleyball_vs_Hopkinton_2025-2026,wpmcma-Woburn_Boys_Volleyball_vs_Hopkinton_2025-2026,https://archive.org/details/wpmcma-Woburn_Boys_Volleyball_vs_Hopkinton_2025-2026,https://archive.org/download/wpmcma-Woburn_Boys_Volleyball_vs_Hopkinton_2025-2026/Woburn_Boys_Volleyball_vs_Hopkinton_2025-2026.mp4,Woburn Boys Volleyball vs Hopkinton 2025-2026,"From Woburn, MA",WPMC,2026-05-29,,volleyball,male,,,,Boys Volleyball,Woburn_Boys_Volleyball_vs_Hopkinton_2025-2026.mp4,749787904,8598.26,unreviewed,
InternetArchive,IA:wpmcma-Woburn_Boys_Volleyball_vs_Lynn_Classical_2025-2026,wpmcma-Woburn_Boys_Volleyball_vs_Lynn_Classical_2025-2026,https://archive.org/details/wpmcma-Woburn_Boys_Volleyball_vs_Lynn_Classical_2025-2026,https://archive.org/download/wpmcma-Woburn_Boys_Volleyball_vs_Lynn_Classical_2025-2026/Woburn_Boys_Volleyball_vs_Lynn_Classical_2025-2026.mp4,Woburn Boys Volleyball vs Lynn Classical 2025-2026,"From Woburn, MA",WPMC,2026-05-23,,volleyball,male,,,,Boys Volleyball,Woburn_Boys_Volleyball_vs_Lynn_Classical_2025-2026.mp4,693222677,7161.5,unreviewed,
