source_dataset,archive_path,archive_bytes,source_split,sport_label,member_path,source_youtube_id,member_bytes,compressed_bytes,compression_type,header_offset
SportsShot,videos/test/basketball.zip,11518852107,test,basketball,v_K_R2qk_QM34_0.mp4,K_R2qk_QM34,168116252,168123728,9,0
SportsShot,videos/test/basketball.zip,11518852107,test,basketball,v_K_R2qk_QM34_1.mp4,K_R2qk_QM34,143458432,143462124,9,168123777
SportsShot,videos/test/basketball.zip,11518852107,test,basketball,v_K_R2qk_QM34_2.mp4,K_R2qk_QM34,180501319,180505204,9,311585950
SportsShot,videos/test/basketball.zip,11518852107,test,basketball,v_K_R2qk_QM34_3.mp4,K_R2qk_QM34,159498124,159501739,9,492091203
SportsShot,videos/test/basketball.zip,11518852107,test,basketball,v_K_R2qk_QM34_4.mp4,K_R2qk_QM34,167046375,167050390,9,651592991
SportsShot,videos/test/basketball.zip,11518852107,test,basketball,v_K_R2qk_QM34_5.mp4,K_R2qk_QM34,151625157,151631860,9,818643430
SportsShot,videos/test/basketball.zip,11518852107,test,basketball,v_K_R2qk_QM34_6.mp4,K_R2qk_QM34,146269276,146271040,9,970275339
SportsShot,videos/test/basketball.zip,11518852107,test,basketball,v_K_R2qk_QM34_7.mp4,K_R2qk_QM34,163583212,163590021,9,1116546428
SportsShot,videos/test/basketball.zip,11518852107,test,basketball,v_K_R2qk_QM34_8.mp4,K_R2qk_QM34,160014680,160021997,9,1280136498
SportsShot,videos/test/basketball.zip,11518852107,test,basketball,v_K_R2qk_QM34_9.mp4,K_R2qk_QM34,134114535,134118619,9,1440158544
SportsShot,videos/test/basketball.zip,11518852107,test,basketball,v_K5PFNpiP5aY_0.mp4,K5PFNpiP5aY,204561431,204579579,9,1574277212
SportsShot,videos/test/basketball.zip,11518852107,test,basketball,v_K5PFNpiP5aY_1.mp4,K5PFNpiP5aY,186721871,186738529,9,1778856840
SportsShot,videos/test/basketball.zip,11518852107,test,basketball,v_K5PFNpiP5aY_2.mp4,K5PFNpiP5aY,211717526,211735344,9,1965595418
SportsShot,videos/test/basketball.zip,11518852107,test,basketball,v_K5PFNpiP5aY_3.mp4,K5PFNpiP5aY,193979335,193994387,9,2177330811
SportsShot,videos/test/basketball.zip,11518852107,test,basketball,v_K5PFNpiP5aY_4.mp4,K5PFNpiP5aY,213747783,213765337,9,2371325247
SportsShot,videos/test/basketball.zip,11518852107,test,basketball,v_K5PFNpiP5aY_5.mp4,K5PFNpiP5aY,179583148,179598473,9,2585090633
SportsShot,videos/test/basketball.zip,11518852107,test,basketball,v_K5PFNpiP5aY_6.mp4,K5PFNpiP5aY,200876210,200893384,9,2764689155
SportsShot,videos/test/basketball.zip,11518852107,test,basketball,v_K5PFNpiP5aY_7.mp4,K5PFNpiP5aY,179674670,179689854,9,2965582588
SportsShot,videos/test/basketball.zip,11518852107,test,basketball,v_K5PFNpiP5aY_8.mp4,K5PFNpiP5aY,175181541,175196358,9,3145272491
SportsShot,videos/test/basketball.zip,11518852107,test,basketball,v_K5PFNpiP5aY_9.mp4,K5PFNpiP5aY,199243757,199260290,9,3320468898
SportsShot,videos/test/basketball.zip,11518852107,test,basketball,v_KfuF0iEZLY8_0.mp4,KfuF0iEZLY8,172726044,172740684,9,3519729237
SportsShot,videos/test/basketball.zip,11518852107,test,basketball,v_KfuF0iEZLY8_1.mp4,KfuF0iEZLY8,193506884,193525327,9,3692469970
SportsShot,videos/test/basketball.zip,11518852107,test,basketball,v_KfuF0iEZLY8_2.mp4,KfuF0iEZLY8,167199957,167214052,9,3885995346
SportsShot,videos/test/basketball.zip,11518852107,test,basketball,v_KfuF0iEZLY8_3.mp4,KfuF0iEZLY8,164071722,164086052,9,4053209447
SportsShot,videos/test/basketball.zip,11518852107,test,basketball,v_KfuF0iEZLY8_4.mp4,KfuF0iEZLY8,154714470,154726555,9,4217295548
SportsShot,videos/test/basketball.zip,11518852107,test,basketball,v_KfuF0iEZLY8_5.mp4,KfuF0iEZLY8,185918963,185933656,9,4372022152
SportsShot,videos/test/basketball.zip,11518852107,test,basketball,v_KfuF0iEZLY8_6.mp4,KfuF0iEZLY8,175607222,175622912,9,4557955857
SportsShot,videos/test/basketball.zip,11518852107,test,basketball,v_KfuF0iEZLY8_7.mp4,KfuF0iEZLY8,174162442,174174224,9,4733578818
SportsShot,videos/test/basketball.zip,11518852107,test,basketball,v_KfuF0iEZLY8_8.mp4,KfuF0iEZLY8,169346641,169360778,9,4907753091
SportsShot,videos/test/basketball.zip,11518852107,test,basketball,v_KfuF0iEZLY8_9.mp4,KfuF0iEZLY8,178086262,178101896,9,5077113918
SportsShot,videos/test/basketball.zip,11518852107,test,basketball,v_l4OIaX8_D10_0.mp4,l4OIaX8_D10,89470764,89465739,9,5255215863
SportsShot,videos/test/basketball.zip,11518852107,test,basketball,v_l4OIaX8_D10_1.mp4,l4OIaX8_D10,95731500,95727003,9,5344681651
SportsShot,videos/test/basketball.zip,11518852107,test,basketball,v_l4OIaX8_D10_2.mp4,l4OIaX8_D10,85445771,85441702,9,5440408703
SportsShot,videos/test/basketball.zip,11518852107,test,basketball,v_l4OIaX8_D10_3.mp4,l4OIaX8_D10,83121917,83116535,9,5525850454
SportsShot,videos/test/basketball.zip,11518852107,test,basketball,v_l4OIaX8_D10_4.mp4,l4OIaX8_D10,93950631,93947609,9,5608967038
SportsShot,videos/test/basketball.zip,11518852107,test,basketball,v_l4OIaX8_D10_5.mp4,l4OIaX8_D10,90398267,90392781,9,5702914696
SportsShot,videos/test/basketball.zip,11518852107,test,basketball,v_l4OIaX8_D10_6.mp4,l4OIaX8_D10,86876741,86871658,9,5793307526
SportsShot,videos/test/basketball.zip,11518852107,test,basketball,v_l4OIaX8_D10_7.mp4,l4OIaX8_D10,94137058,94130747,9,5880179233
SportsShot,videos/test/basketball.zip,11518852107,test,basketball,v_l4OIaX8_D10_8.mp4,l4OIaX8_D10,85394006,85391091,9,5974310029
SportsShot,videos/test/basketball.zip,11518852107,test,basketball,v_l4OIaX8_D10_9.mp4,l4OIaX8_D10,84926347,84920992,9,6059701169
SportsShot,videos/test/basketball.zip,11518852107,test,basketball,v_l9wUr-CK1Y4_0.mp4,l9wUr-CK1Y4,180647238,180660867,9,6144622210
SportsShot,videos/test/basketball.zip,11518852107,test,basketball,v_l9wUr-CK1Y4_1.mp4,l9wUr-CK1Y4,182462244,182477012,9,6325283126
SportsShot,videos/test/basketball.zip,11518852107,test,basketball,v_l9wUr-CK1Y4_2.mp4,l9wUr-CK1Y4,177025987,177042049,9,6507760187
SportsShot,videos/test/basketball.zip,11518852107,test,basketball,v_l9wUr-CK1Y4_3.mp4,l9wUr-CK1Y4,148033388,148045398,9,6684802285
SportsShot,videos/test/basketball.zip,11518852107,test,basketball,v_l9wUr-CK1Y4_4.mp4,l9wUr-CK1Y4,152334065,152347149,9,6832847732
SportsShot,videos/test/basketball.zip,11518852107,test,basketball,v_l9wUr-CK1Y4_5.mp4,l9wUr-CK1Y4,174561178,174576185,9,6985194930
SportsShot,videos/test/basketball.zip,11518852107,test,basketball,v_l9wUr-CK1Y4_6.mp4,l9wUr-CK1Y4,173441134,173454959,9,7159771164
SportsShot,videos/test/basketball.zip,11518852107,test,basketball,v_l9wUr-CK1Y4_7.mp4,l9wUr-CK1Y4,177034602,177048606,9,7333226172
SportsShot,videos/test/basketball.zip,11518852107,test,basketball,v_l9wUr-CK1Y4_8.mp4,l9wUr-CK1Y4,219941881,219963640,9,7510274827
SportsShot,videos/test/basketball.zip,11518852107,test,basketball,v_l9wUr-CK1Y4_9.mp4,l9wUr-CK1Y4,178524519,178538597,9,7730238516
SportsShot,videos/test/basketball.zip,11518852107,test,basketball,v_lkZY0naa0-o_0.mp4,lkZY0naa0-o,91177351,91164996,9,7908777162
SportsShot,videos/test/basketball.zip,11518852107,test,basketball,v_lkZY0naa0-o_1.mp4,lkZY0naa0-o,100287705,100277902,9,7999942207
SportsShot,videos/test/basketball.zip,11518852107,test,basketball,v_lkZY0naa0-o_2.mp4,lkZY0naa0-o,90590844,90579503,9,8100220158
SportsShot,videos/test/basketball.zip,11518852107,test,basketball,v_lkZY0naa0-o_3.mp4,lkZY0naa0-o,73268408,73255587,9,8190799710
SportsShot,videos/test/basketball.zip,11518852107,test,basketball,v_lkZY0naa0-o_4.mp4,lkZY0naa0-o,91198316,91185428,9,8264055346
SportsShot,videos/test/basketball.zip,11518852107,test,basketball,v_lkZY0naa0-o_5.mp4,lkZY0naa0-o,91359317,91346160,9,8355240823
SportsShot,videos/test/basketball.zip,11518852107,test,basketball,v_lkZY0naa0-o_6.mp4,lkZY0naa0-o,93940851,93929285,9,8446587032
SportsShot,videos/test/basketball.zip,11518852107,test,basketball,v_lkZY0naa0-o_7.mp4,lkZY0naa0-o,93067644,93056655,9,8540516366
SportsShot,videos/test/basketball.zip,11518852107,test,basketball,v_lkZY0naa0-o_8.mp4,lkZY0naa0-o,81691350,81681538,9,8633573070
SportsShot,videos/test/basketball.zip,11518852107,test,basketball,v_lkZY0naa0-o_9.mp4,lkZY0naa0-o,87117683,87103929,9,8715254657
SportsShot,videos/test/basketball.zip,11518852107,test,basketball,v_qdSsIQrFVC4_0.mp4,qdSsIQrFVC4,194562957,194581532,9,8802358635
SportsShot,videos/test/basketball.zip,11518852107,test,basketball,v_qdSsIQrFVC4_1.mp4,qdSsIQrFVC4,177023689,177040070,9,8996940216
SportsShot,videos/test/basketball.zip,11518852107,test,basketball,v_qdSsIQrFVC4_2.mp4,qdSsIQrFVC4,179208022,179224786,9,9173980335
SportsShot,videos/test/basketball.zip,11518852107,test,basketball,v_qdSsIQrFVC4_3.mp4,qdSsIQrFVC4,176225868,176242037,9,9353205170
SportsShot,videos/test/basketball.zip,11518852107,test,basketball,v_qdSsIQrFVC4_4.mp4,qdSsIQrFVC4,188952215,188971475,9,9529447256
SportsShot,videos/test/basketball.zip,11518852107,test,basketball,v_qdSsIQrFVC4_5.mp4,qdSsIQrFVC4,167119021,167134866,9,9718418780
SportsShot,videos/test/basketball.zip,11518852107,test,basketball,v_qdSsIQrFVC4_6.mp4,qdSsIQrFVC4,210237751,210257302,9,9885553695
SportsShot,videos/test/basketball.zip,11518852107,test,basketball,v_qdSsIQrFVC4_7.mp4,qdSsIQrFVC4,147509738,147521150,9,10095811046
SportsShot,videos/test/basketball.zip,11518852107,test,basketball,v_qdSsIQrFVC4_8.mp4,qdSsIQrFVC4,187464011,187481695,9,10243332245
SportsShot,videos/test/basketball.zip,11518852107,test,basketball,v_qdSsIQrFVC4_9.mp4,qdSsIQrFVC4,194066547,194086099,9,10430813989
SportsShot,videos/test/basketball.zip,11518852107,test,basketball,v_rYquruzj9hc_0.mp4,rYquruzj9hc,91567473,91561928,9,10624900137
SportsShot,videos/test/basketball.zip,11518852107,test,basketball,v_rYquruzj9hc_1.mp4,rYquruzj9hc,93706887,93701689,9,10716462114
SportsShot,videos/test/basketball.zip,11518852107,test,basketball,v_rYquruzj9hc_2.mp4,rYquruzj9hc,100467945,100465556,9,10810163852
SportsShot,videos/test/basketball.zip,11518852107,test,basketball,v_rYquruzj9hc_3.mp4,rYquruzj9hc,85394150,85390484,9,10910629457
SportsShot,videos/test/basketball.zip,11518852107,test,basketball,v_rYquruzj9hc_4.mp4,rYquruzj9hc,91239206,91235505,9,10996019990
SportsShot,videos/test/basketball.zip,11518852107,test,basketball,v_rYquruzj9hc_5.mp4,rYquruzj9hc,85706810,85703442,9,11087255544
SportsShot,videos/test/basketball.zip,11518852107,test,basketball,v_rYquruzj9hc_6.mp4,rYquruzj9hc,85805120,85801257,9,11172959035
SportsShot,videos/test/basketball.zip,11518852107,test,basketball,v_rYquruzj9hc_7.mp4,rYquruzj9hc,91949757,91945845,9,11258760341
SportsShot,videos/test/basketball.zip,11518852107,test,basketball,v_rYquruzj9hc_8.mp4,rYquruzj9hc,84231932,84227226,9,11350706235
SportsShot,videos/test/basketball.zip,11518852107,test,basketball,v_rYquruzj9hc_9.mp4,rYquruzj9hc,83918617,83912590,9,11434933510
SportsShot,videos/test/football.zip,14135522738,test,football,v_07uuHJ9yXBw_0.mp4,07uuHJ9yXBw,188121274,188132240,9,0
SportsShot,videos/test/football.zip,14135522738,test,football,v_07uuHJ9yXBw_1.mp4,07uuHJ9yXBw,142658805,142665396,9,188132289
SportsShot,videos/test/football.zip,14135522738,test,football,v_07uuHJ9yXBw_2.mp4,07uuHJ9yXBw,136673406,136681739,9,330797734
SportsShot,videos/test/football.zip,14135522738,test,football,v_07uuHJ9yXBw_3.mp4,07uuHJ9yXBw,144368596,144379299,9,467479522
SportsShot,videos/test/football.zip,14135522738,test,football,v_07uuHJ9yXBw_4.mp4,07uuHJ9yXBw,209946084,209959554,9,611858870
SportsShot,videos/test/football.zip,14135522738,test,football,v_07uuHJ9yXBw_5.mp4,07uuHJ9yXBw,133467590,133475484,9,821818473
SportsShot,videos/test/football.zip,14135522738,test,football,v_07uuHJ9yXBw_6.mp4,07uuHJ9yXBw,136687177,136696251,9,955294006
SportsShot,videos/test/football.zip,14135522738,test,football,v_07uuHJ9yXBw_7.mp4,07uuHJ9yXBw,152119928,152130291,9,1091990306
SportsShot,videos/test/football.zip,14135522738,test,football,v_07uuHJ9yXBw_8.mp4,07uuHJ9yXBw,172708897,172720119,9,1244120646
SportsShot,videos/test/football.zip,14135522738,test,football,v_07uuHJ9yXBw_9.mp4,07uuHJ9yXBw,190450641,190465497,9,1416840814
SportsShot,videos/test/football.zip,14135522738,test,football,v_0mcffpH2VTw_0.mp4,0mcffpH2VTw,154989311,154999637,9,1607306360
SportsShot,videos/test/football.zip,14135522738,test,football,v_0mcffpH2VTw_1.mp4,0mcffpH2VTw,182450034,182460938,9,1762306046
SportsShot,videos/test/football.zip,14135522738,test,football,v_0mcffpH2VTw_2.mp4,0mcffpH2VTw,156890925,156896770,9,1944767033
SportsShot,videos/test/football.zip,14135522738,test,football,v_0mcffpH2VTw_3.mp4,0mcffpH2VTw,121753891,121759796,9,2101663852
SportsShot,videos/test/football.zip,14135522738,test,football,v_0mcffpH2VTw_4.mp4,0mcffpH2VTw,139668899,139674636,9,2223423697
SportsShot,videos/test/football.zip,14135522738,test,football,v_0mcffpH2VTw_5.mp4,0mcffpH2VTw,155975534,155986180,9,2363098382
SportsShot,videos/test/football.zip,14135522738,test,football,v_0mcffpH2VTw_6.mp4,0mcffpH2VTw,140885238,140892705,9,2519084611
SportsShot,videos/test/football.zip,14135522738,test,football,v_0mcffpH2VTw_7.mp4,0mcffpH2VTw,129925743,129925559,9,2659977365
SportsShot,videos/test/football.zip,14135522738,test,football,v_0mcffpH2VTw_8.mp4,0mcffpH2VTw,125916375,125923066,9,2789902973
SportsShot,videos/test/football.zip,14135522738,test,football,v_0mcffpH2VTw_9.mp4,0mcffpH2VTw,129289386,129295811,9,2915826088
SportsShot,videos/test/football.zip,14135522738,test,football,v_1UDUODIBSsc_0.mp4,1UDUODIBSsc,201908398,201923221,9,3045121948
SportsShot,videos/test/football.zip,14135522738,test,football,v_1UDUODIBSsc_1.mp4,1UDUODIBSsc,168278328,168290420,9,3247045218
SportsShot,videos/test/football.zip,14135522738,test,football,v_1UDUODIBSsc_10.mp4,1UDUODIBSsc,206439226,206454258,9,3415335687
SportsShot,videos/test/football.zip,14135522738,test,football,v_1UDUODIBSsc_11.mp4,1UDUODIBSsc,278785900,278807413,9,3621789995
SportsShot,videos/test/football.zip,14135522738,test,football,v_1UDUODIBSsc_2.mp4,1UDUODIBSsc,215535412,215549992,9,3900597458
SportsShot,videos/test/football.zip,14135522738,test,football,v_1UDUODIBSsc_3.mp4,1UDUODIBSsc,259968395,259987716,9,4116147499
SportsShot,videos/test/football.zip,14135522738,test,football,v_1UDUODIBSsc_4.mp4,1UDUODIBSsc,269722511,269744421,9,4376135264
SportsShot,videos/test/football.zip,14135522738,test,football,v_1UDUODIBSsc_5.mp4,1UDUODIBSsc,195574844,195589659,9,4645879734
SportsShot,videos/test/football.zip,14135522738,test,football,v_1UDUODIBSsc_6.mp4,1UDUODIBSsc,146241607,146252187,9,4841469442
SportsShot,videos/test/football.zip,14135522738,test,football,v_1UDUODIBSsc_7.mp4,1UDUODIBSsc,194692831,194708746,9,4987721678
SportsShot,videos/test/football.zip,14135522738,test,football,v_1UDUODIBSsc_8.mp4,1UDUODIBSsc,183502874,183515233,9,5182430473
SportsShot,videos/test/football.zip,14135522738,test,football,v_1UDUODIBSsc_9.mp4,1UDUODIBSsc,214796932,214814727,9,5365945755
SportsShot,videos/test/football.zip,14135522738,test,football,v_2ChiYdg5bxI_0.mp4,2ChiYdg5bxI,143882352,143891966,9,5580760531
SportsShot,videos/test/football.zip,14135522738,test,football,v_2ChiYdg5bxI_1.mp4,2ChiYdg5bxI,131412407,131418837,9,5724652546
SportsShot,videos/test/football.zip,14135522738,test,football,v_2ChiYdg5bxI_10.mp4,2ChiYdg5bxI,140195125,140203048,9,5856071432
SportsShot,videos/test/football.zip,14135522738,test,football,v_2ChiYdg5bxI_11.mp4,2ChiYdg5bxI,162060610,162070477,9,5996274530
SportsShot,videos/test/football.zip,14135522738,test,football,v_2ChiYdg5bxI_2.mp4,2ChiYdg5bxI,150775530,150784272,9,6158345057
SportsShot,videos/test/football.zip,14135522738,test,football,v_2ChiYdg5bxI_3.mp4,2ChiYdg5bxI,150046139,150051115,9,6309129378
SportsShot,videos/test/football.zip,14135522738,test,football,v_2ChiYdg5bxI_4.mp4,2ChiYdg5bxI,151985163,151993961,9,6459180542
SportsShot,videos/test/football.zip,14135522738,test,football,v_2ChiYdg5bxI_5.mp4,2ChiYdg5bxI,150948333,150954527,9,6611174552
SportsShot,videos/test/football.zip,14135522738,test,football,v_2ChiYdg5bxI_6.mp4,2ChiYdg5bxI,170888370,170899816,9,6762129128
SportsShot,videos/test/football.zip,14135522738,test,football,v_2ChiYdg5bxI_7.mp4,2ChiYdg5bxI,177905035,177913450,9,6933028993
SportsShot,videos/test/football.zip,14135522738,test,football,v_2ChiYdg5bxI_8.mp4,2ChiYdg5bxI,172829032,172843086,9,7110942492
SportsShot,videos/test/football.zip,14135522738,test,football,v_2ChiYdg5bxI_9.mp4,2ChiYdg5bxI,186235675,186244012,9,7283785627
SportsShot,videos/test/football.zip,14135522738,test,football,v_2QhNRucNC7E_0.mp4,2QhNRucNC7E,267074913,267095714,9,7470029688
SportsShot,videos/test/football.zip,14135522738,test,football,v_2QhNRucNC7E_1.mp4,2QhNRucNC7E,206072993,206087631,9,7737125451
SportsShot,videos/test/football.zip,14135522738,test,football,v_2QhNRucNC7E_2.mp4,2QhNRucNC7E,236767640,236785924,9,7943213131
SportsShot,videos/test/football.zip,14135522738,test,football,v_2QhNRucNC7E_3.mp4,2QhNRucNC7E,278013690,278037194,9,8179999104
SportsShot,videos/test/football.zip,14135522738,test,football,v_2QhNRucNC7E_4.mp4,2QhNRucNC7E,278759761,278787038,9,8458036347
SportsShot,videos/test/football.zip,14135522738,test,football,v_2QhNRucNC7E_5.mp4,2QhNRucNC7E,196876322,196892297,9,8736823434
SportsShot,videos/test/football.zip,14135522738,test,football,v_2QhNRucNC7E_6.mp4,2QhNRucNC7E,204127031,204143138,9,8933715780
SportsShot,videos/test/football.zip,14135522738,test,football,v_2QhNRucNC7E_7.mp4,2QhNRucNC7E,274715596,274738510,9,9137858967
SportsShot,videos/test/football.zip,14135522738,test,football,v_2QhNRucNC7E_8.mp4,2QhNRucNC7E,206822293,206838251,9,9412597526
SportsShot,videos/test/football.zip,14135522738,test,football,v_2QhNRucNC7E_9.mp4,2QhNRucNC7E,244821241,244843472,9,9619435826
SportsShot,videos/test/football.zip,14135522738,test,football,v_4f6xLy4pop0_0.mp4,4f6xLy4pop0,150818838,150827546,9,9864279347
SportsShot,videos/test/football.zip,14135522738,test,football,v_4f6xLy4pop0_1.mp4,4f6xLy4pop0,167224129,167232665,9,10015106942
SportsShot,videos/test/football.zip,14135522738,test,football,v_4f6xLy4pop0_2.mp4,4f6xLy4pop0,151043051,151050761,9,10182339656
SportsShot,videos/test/football.zip,14135522738,test,football,v_4f6xLy4pop0_3.mp4,4f6xLy4pop0,181768182,181776170,9,10333390466
SportsShot,videos/test/football.zip,14135522738,test,football,v_4f6xLy4pop0_4.mp4,4f6xLy4pop0,144432944,144435429,9,10515166685
SportsShot,videos/test/football.zip,14135522738,test,football,v_4f6xLy4pop0_5.mp4,4f6xLy4pop0,205572454,205583430,9,10659602163
SportsShot,videos/test/football.zip,14135522738,test,football,v_4f6xLy4pop0_6.mp4,4f6xLy4pop0,172880011,172886552,9,10865185642
SportsShot,videos/test/football.zip,14135522738,test,football,v_4f6xLy4pop0_7.mp4,4f6xLy4pop0,132515261,132519546,9,11038072243
SportsShot,videos/test/football.zip,14135522738,test,football,v_4f6xLy4pop0_8.mp4,4f6xLy4pop0,156423109,156430447,9,11170591838
SportsShot,videos/test/football.zip,14135522738,test,football,v_4f6xLy4pop0_9.mp4,4f6xLy4pop0,149301901,149308706,9,11327022334
SportsShot,videos/test/football.zip,14135522738,test,football,v_5uBLdpt5-oU_0.mp4,5uBLdpt5-oU,146390433,146397745,9,11476331089
SportsShot,videos/test/football.zip,14135522738,test,football,v_5uBLdpt5-oU_1.mp4,5uBLdpt5-oU,212614229,212627710,9,11622728883
SportsShot,videos/test/football.zip,14135522738,test,football,v_5uBLdpt5-oU_2.mp4,5uBLdpt5-oU,135968335,135973876,9,11835356642
SportsShot,videos/test/football.zip,14135522738,test,football,v_5uBLdpt5-oU_3.mp4,5uBLdpt5-oU,151068217,151076818,9,11971330567
SportsShot,videos/test/football.zip,14135522738,test,football,v_5uBLdpt5-oU_4.mp4,5uBLdpt5-oU,200951196,200963702,9,12122407434
SportsShot,videos/test/football.zip,14135522738,test,football,v_5uBLdpt5-oU_5.mp4,5uBLdpt5-oU,112925185,112930449,9,12323371185
SportsShot,videos/test/football.zip,14135522738,test,football,v_5uBLdpt5-oU_6.mp4,5uBLdpt5-oU,148282020,148290981,9,12436301683
SportsShot,videos/test/football.zip,14135522738,test,football,v_5uBLdpt5-oU_7.mp4,5uBLdpt5-oU,145903998,145913664,9,12584592713
SportsShot,videos/test/football.zip,14135522738,test,football,v_5uBLdpt5-oU_8.mp4,5uBLdpt5-oU,132771120,132779703,9,12730506426
SportsShot,videos/test/football.zip,14135522738,test,football,v_5uBLdpt5-oU_9.mp4,5uBLdpt5-oU,133988958,133997865,9,12863286178
SportsShot,videos/test/football.zip,14135522738,test,football,v_5UIXw6kuO40_0.mp4,5UIXw6kuO40,159806857,159821806,9,12997284092
SportsShot,videos/test/football.zip,14135522738,test,football,v_5UIXw6kuO40_1.mp4,5UIXw6kuO40,183277640,183294635,9,13157105947
SportsShot,videos/test/football.zip,14135522738,test,football,v_5UIXw6kuO40_2.mp4,5UIXw6kuO40,175656328,175673168,9,13340400631
SportsShot,videos/test/football.zip,14135522738,test,football,v_7Fau-IwbuJc_0.mp4,7Fau-IwbuJc,184549693,184561292,9,13516073848
SportsShot,videos/test/football.zip,14135522738,test,football,v_7Fau-IwbuJc_1.mp4,7Fau-IwbuJc,229819612,229834717,9,13700635189
SportsShot,videos/test/football.zip,14135522738,test,football,v_7Fau-IwbuJc_2.mp4,7Fau-IwbuJc,205032994,205046784,9,13930469955
SportsShot,videos/test/volleyball.zip,14414781571,test,volleyball,v_ApPxnw_Jffg_0.mp4,ApPxnw_Jffg,107132627,107135260,9,0
SportsShot,videos/test/volleyball.zip,14414781571,test,volleyball,v_ApPxnw_Jffg_1.mp4,ApPxnw_Jffg,111471414,111475123,9,107135309
SportsShot,videos/test/volleyball.zip,14414781571,test,volleyball,v_ApPxnw_Jffg_2.mp4,ApPxnw_Jffg,112224495,112228561,9,218610481
SportsShot,videos/test/volleyball.zip,14414781571,test,volleyball,v_ApPxnw_Jffg_3.mp4,ApPxnw_Jffg,113596022,113600093,9,330839091
SportsShot,videos/test/volleyball.zip,14414781571,test,volleyball,v_ApPxnw_Jffg_4.mp4,ApPxnw_Jffg,101155241,101156899,9,444439233
SportsShot,videos/test/volleyball.zip,14414781571,test,volleyball,v_ApPxnw_Jffg_5.mp4,ApPxnw_Jffg,119440544,119440450,9,545596181
SportsShot,videos/test/volleyball.zip,14414781571,test,volleyball,v_ApPxnw_Jffg_6.mp4,ApPxnw_Jffg,132767054,132772830,9,665036680
SportsShot,videos/test/volleyball.zip,14414781571,test,volleyball,v_ApPxnw_Jffg_7.mp4,ApPxnw_Jffg,101773574,101777165,9,797809559
SportsShot,videos/test/volleyball.zip,14414781571,test,volleyball,v_ApPxnw_Jffg_8.mp4,ApPxnw_Jffg,103051129,103051375,9,899586773
SportsShot,videos/test/volleyball.zip,14414781571,test,volleyball,v_ApPxnw_Jffg_9.mp4,ApPxnw_Jffg,119008352,119012218,9,1002638197
SportsShot,videos/test/volleyball.zip,14414781571,test,volleyball,v_ln9UQhX3SZg_0.mp4,ln9UQhX3SZg,163417410,163429421,9,1121650464
SportsShot,videos/test/volleyball.zip,14414781571,test,volleyball,v_ln9UQhX3SZg_1.mp4,ln9UQhX3SZg,194729398,194742585,9,1285079934
SportsShot,videos/test/volleyball.zip,14414781571,test,volleyball,v_ln9UQhX3SZg_2.mp4,ln9UQhX3SZg,154204844,154214799,9,1479822568
SportsShot,videos/test/volleyball.zip,14414781571,test,volleyball,v_ln9UQhX3SZg_3.mp4,ln9UQhX3SZg,161295988,161309556,9,1634037416
SportsShot,videos/test/volleyball.zip,14414781571,test,volleyball,v_ln9UQhX3SZg_4.mp4,ln9UQhX3SZg,150890214,150898689,9,1795347021
SportsShot,videos/test/volleyball.zip,14414781571,test,volleyball,v_ln9UQhX3SZg_5.mp4,ln9UQhX3SZg,180230876,180241886,9,1946245759
SportsShot,videos/test/volleyball.zip,14414781571,test,volleyball,v_ln9UQhX3SZg_6.mp4,ln9UQhX3SZg,137647021,137655025,9,2126487694
SportsShot,videos/test/volleyball.zip,14414781571,test,volleyball,v_ln9UQhX3SZg_7.mp4,ln9UQhX3SZg,180268437,180277759,9,2264142768
SportsShot,videos/test/volleyball.zip,14414781571,test,volleyball,v_ln9UQhX3SZg_8.mp4,ln9UQhX3SZg,155844922,155856342,9,2444420576
SportsShot,videos/test/volleyball.zip,14414781571,test,volleyball,v_ln9UQhX3SZg_9.mp4,ln9UQhX3SZg,180455960,180469135,9,2600276967
SportsShot,videos/test/volleyball.zip,14414781571,test,volleyball,v_lv3ZQfwvneg_0.mp4,lv3ZQfwvneg,169514857,169525962,9,2780746151
SportsShot,videos/test/volleyball.zip,14414781571,test,volleyball,v_lv3ZQfwvneg_1.mp4,lv3ZQfwvneg,180074347,180087424,9,2950272162
SportsShot,videos/test/volleyball.zip,14414781571,test,volleyball,v_lv3ZQfwvneg_2.mp4,lv3ZQfwvneg,179373547,179388064,9,3130359635
SportsShot,videos/test/volleyball.zip,14414781571,test,volleyball,v_lv3ZQfwvneg_3.mp4,lv3ZQfwvneg,215150013,215167968,9,3309747748
SportsShot,videos/test/volleyball.zip,14414781571,test,volleyball,v_lv3ZQfwvneg_4.mp4,lv3ZQfwvneg,185378486,185388633,9,3524915765
SportsShot,videos/test/volleyball.zip,14414781571,test,volleyball,v_lv3ZQfwvneg_5.mp4,lv3ZQfwvneg,177190975,177203650,9,3710304447
SportsShot,videos/test/volleyball.zip,14414781571,test,volleyball,v_lv3ZQfwvneg_6.mp4,lv3ZQfwvneg,191619837,191634695,9,3887508146
SportsShot,videos/test/volleyball.zip,14414781571,test,volleyball,v_lv3ZQfwvneg_7.mp4,lv3ZQfwvneg,197262879,197277408,9,4079142890
SportsShot,videos/test/volleyball.zip,14414781571,test,volleyball,v_lv3ZQfwvneg_8.mp4,lv3ZQfwvneg,206487783,206503414,9,4276420347
SportsShot,videos/test/volleyball.zip,14414781571,test,volleyball,v_lv3ZQfwvneg_9.mp4,lv3ZQfwvneg,170851033,170863022,9,4482923810
SportsShot,videos/test/volleyball.zip,14414781571,test,volleyball,v_YN344U6hnMY_0.mp4,YN344U6hnMY,249006731,249026682,9,4653786881
SportsShot,videos/test/volleyball.zip,14414781571,test,volleyball,v_YN344U6hnMY_1.mp4,YN344U6hnMY,211629220,211645172,9,4902813612
SportsShot,videos/test/volleyball.zip,14414781571,test,volleyball,v_YN344U6hnMY_2.mp4,YN344U6hnMY,172274102,172287691,9,5114458833
SportsShot,videos/test/volleyball.zip,14414781571,test,volleyball,v_YN344U6hnMY_3.mp4,YN344U6hnMY,208463297,208479656,9,5286746573
SportsShot,videos/test/volleyball.zip,14414781571,test,volleyball,v_YN344U6hnMY_4.mp4,YN344U6hnMY,252407825,252427197,9,5495226278
SportsShot,videos/test/volleyball.zip,14414781571,test,volleyball,v_YN344U6hnMY_5.mp4,YN344U6hnMY,221964941,221984397,9,5747653524
SportsShot,videos/test/volleyball.zip,14414781571,test,volleyball,v_YN344U6hnMY_6.mp4,YN344U6hnMY,184829532,184842518,9,5969637970
SportsShot,videos/test/volleyball.zip,14414781571,test,volleyball,v_YN344U6hnMY_7.mp4,YN344U6hnMY,175797470,175810777,9,6154480537
SportsShot,videos/test/volleyball.zip,14414781571,test,volleyball,v_YN344U6hnMY_8.mp4,YN344U6hnMY,188305134,188319014,9,6330291363
SportsShot,videos/test/volleyball.zip,14414781571,test,volleyball,v_YN344U6hnMY_9.mp4,YN344U6hnMY,227938875,227958847,9,6518610426
SportsShot,videos/test/volleyball.zip,14414781571,test,volleyball,v_z-3DBsauyog_0.mp4,z-3DBsauyog,191929556,191948081,9,6746569322
SportsShot,videos/test/volleyball.zip,14414781571,test,volleyball,v_z-3DBsauyog_1.mp4,z-3DBsauyog,207103009,207123572,9,6938517452
SportsShot,videos/test/volleyball.zip,14414781571,test,volleyball,v_z-3DBsauyog_2.mp4,z-3DBsauyog,244975934,244998885,9,7145641073
SportsShot,videos/test/volleyball.zip,14414781571,test,volleyball,v_z-3DBsauyog_3.mp4,z-3DBsauyog,179086948,179104597,9,7390640007
SportsShot,videos/test/volleyball.zip,14414781571,test,volleyball,v_z-3DBsauyog_4.mp4,z-3DBsauyog,204206453,204226481,9,7569744653
SportsShot,videos/test/volleyball.zip,14414781571,test,volleyball,v_z-3DBsauyog_5.mp4,z-3DBsauyog,212357104,212378786,9,7773971183
SportsShot,videos/test/volleyball.zip,14414781571,test,volleyball,v_z-3DBsauyog_6.mp4,z-3DBsauyog,173394947,173409587,9,7986350018
SportsShot,videos/test/volleyball.zip,14414781571,test,volleyball,v_z-3DBsauyog_7.mp4,z-3DBsauyog,174610415,174626674,9,8159759654
SportsShot,videos/test/volleyball.zip,14414781571,test,volleyball,v_z-3DBsauyog_8.mp4,z-3DBsauyog,222059006,222081142,9,8334386377
SportsShot,videos/test/volleyball.zip,14414781571,test,volleyball,v_z-3DBsauyog_9.mp4,z-3DBsauyog,238633675,238658426,9,8556467568
SportsShot,videos/test/volleyball.zip,14414781571,test,volleyball,v_z7fwg_YC97E_0.mp4,z7fwg_YC97E,224733996,224752877,9,8795126043
SportsShot,videos/test/volleyball.zip,14414781571,test,volleyball,v_z7fwg_YC97E_1.mp4,z7fwg_YC97E,202294883,202308203,9,9019878969
SportsShot,videos/test/volleyball.zip,14414781571,test,volleyball,v_z7fwg_YC97E_2.mp4,z7fwg_YC97E,218265182,218285357,9,9222187221
SportsShot,videos/test/volleyball.zip,14414781571,test,volleyball,v_z7fwg_YC97E_3.mp4,z7fwg_YC97E,224944689,224958872,9,9440472627
SportsShot,videos/test/volleyball.zip,14414781571,test,volleyball,v_z7fwg_YC97E_4.mp4,z7fwg_YC97E,177213216,177226608,9,9665431548
SportsShot,videos/test/volleyball.zip,14414781571,test,volleyball,v_z7fwg_YC97E_5.mp4,z7fwg_YC97E,239821123,239839051,9,9842658205
SportsShot,videos/test/volleyball.zip,14414781571,test,volleyball,v_z7fwg_YC97E_6.mp4,z7fwg_YC97E,192634771,192648446,9,10082497305
SportsShot,videos/test/volleyball.zip,14414781571,test,volleyball,v_z7fwg_YC97E_7.mp4,z7fwg_YC97E,198964633,198978620,9,10275145800
SportsShot,videos/test/volleyball.zip,14414781571,test,volleyball,v_z7fwg_YC97E_8.mp4,z7fwg_YC97E,194819144,194829526,9,10474124469
SportsShot,videos/test/volleyball.zip,14414781571,test,volleyball,v_z7fwg_YC97E_9.mp4,z7fwg_YC97E,192559975,192572532,9,10668954044
SportsShot,videos/test/volleyball.zip,14414781571,test,volleyball,v_zCAmYhzMrQI_0.mp4,zCAmYhzMrQI,175549903,175564149,9,10861526625
SportsShot,videos/test/volleyball.zip,14414781571,test,volleyball,v_zCAmYhzMrQI_1.mp4,zCAmYhzMrQI,159084388,159096042,9,11037090823
SportsShot,videos/test/volleyball.zip,14414781571,test,volleyball,v_zCAmYhzMrQI_2.mp4,zCAmYhzMrQI,189906945,189921889,9,11196186914
SportsShot,videos/test/volleyball.zip,14414781571,test,volleyball,v_zCAmYhzMrQI_3.mp4,zCAmYhzMrQI,174140263,174153725,9,11386108852
SportsShot,videos/test/volleyball.zip,14414781571,test,volleyball,v_zCAmYhzMrQI_4.mp4,zCAmYhzMrQI,168804194,168817800,9,11560262626
SportsShot,videos/test/volleyball.zip,14414781571,test,volleyball,v_zCAmYhzMrQI_5.mp4,zCAmYhzMrQI,171456803,171470067,9,11729080475
SportsShot,videos/test/volleyball.zip,14414781571,test,volleyball,v_zCAmYhzMrQI_6.mp4,zCAmYhzMrQI,151506385,151516413,9,11900550591
SportsShot,videos/test/volleyball.zip,14414781571,test,volleyball,v_zCAmYhzMrQI_7.mp4,zCAmYhzMrQI,163546091,163556472,9,12052067053
SportsShot,videos/test/volleyball.zip,14414781571,test,volleyball,v_zCAmYhzMrQI_8.mp4,zCAmYhzMrQI,155118593,155130520,9,12215623574
SportsShot,videos/test/volleyball.zip,14414781571,test,volleyball,v_zCAmYhzMrQI_9.mp4,zCAmYhzMrQI,150489206,150498153,9,12370754143
SportsShot,videos/test/volleyball.zip,14414781571,test,volleyball,v_ZE4jKwF9w78_0.mp4,ZE4jKwF9w78,197549689,197563748,9,12521252345
SportsShot,videos/test/volleyball.zip,14414781571,test,volleyball,v_ZE4jKwF9w78_1.mp4,ZE4jKwF9w78,164497874,164507097,9,12718816142
SportsShot,videos/test/volleyball.zip,14414781571,test,volleyball,v_ZE4jKwF9w78_2.mp4,ZE4jKwF9w78,213838625,213851869,9,12883323288
SportsShot,videos/test/volleyball.zip,14414781571,test,volleyball,v_ZE4jKwF9w78_3.mp4,ZE4jKwF9w78,163599134,163604903,9,13097175206
SportsShot,videos/test/volleyball.zip,14414781571,test,volleyball,v_ZE4jKwF9w78_4.mp4,ZE4jKwF9w78,210757509,210772023,9,13260780158
SportsShot,videos/test/volleyball.zip,14414781571,test,volleyball,v_ZE4jKwF9w78_5.mp4,ZE4jKwF9w78,173198356,173208388,9,13471552230
SportsShot,videos/test/volleyball.zip,14414781571,test,volleyball,v_ZE4jKwF9w78_6.mp4,ZE4jKwF9w78,225135456,225151984,9,13644760667
SportsShot,videos/test/volleyball.zip,14414781571,test,volleyball,v_ZE4jKwF9w78_7.mp4,ZE4jKwF9w78,196744702,196756756,9,13869912700
SportsShot,videos/test/volleyball.zip,14414781571,test,volleyball,v_ZE4jKwF9w78_8.mp4,ZE4jKwF9w78,152311711,152316765,9,14066669505
SportsShot,videos/test/volleyball.zip,14414781571,test,volleyball,v_ZE4jKwF9w78_9.mp4,ZE4jKwF9w78,195776047,195789293,9,14218986319
SportsShot,videos/train/basketball.zip,30655241329,train,basketball,v_00HRwkvvjtQ_0.mp4,00HRwkvvjtQ,208777085,208790062,9,0
SportsShot,videos/train/basketball.zip,30655241329,train,basketball,v_00HRwkvvjtQ_1.mp4,00HRwkvvjtQ,219855117,219870453,9,208790111
SportsShot,videos/train/basketball.zip,30655241329,train,basketball,v_00HRwkvvjtQ_2.mp4,00HRwkvvjtQ,213461688,213476221,9,428660613
SportsShot,videos/train/basketball.zip,30655241329,train,basketball,v_00HRwkvvjtQ_3.mp4,00HRwkvvjtQ,212031946,212045903,9,642136883
SportsShot,videos/train/basketball.zip,30655241329,train,basketball,v_00HRwkvvjtQ_4.mp4,00HRwkvvjtQ,210435527,210451793,9,854182835
SportsShot,videos/train/basketball.zip,30655241329,train,basketball,v_00HRwkvvjtQ_5.mp4,00HRwkvvjtQ,164917524,164926005,9,1064634677
SportsShot,videos/train/basketball.zip,30655241329,train,basketball,v_00HRwkvvjtQ_6.mp4,00HRwkvvjtQ,219809618,219825861,9,1229560731
SportsShot,videos/train/basketball.zip,30655241329,train,basketball,v_00HRwkvvjtQ_7.mp4,00HRwkvvjtQ,204706030,204721629,9,1449386641
SportsShot,videos/train/basketball.zip,30655241329,train,basketball,v_00HRwkvvjtQ_8.mp4,00HRwkvvjtQ,196514326,196528199,9,1654108319
SportsShot,videos/train/basketball.zip,30655241329,train,basketball,v_00HRwkvvjtQ_9.mp4,00HRwkvvjtQ,204998294,205012400,9,1850636567
SportsShot,videos/train/basketball.zip,30655241329,train,basketball,v_1tefH1iPbGM_0.mp4,1tefH1iPbGM,239383491,239398021,9,2055649016
SportsShot,videos/train/basketball.zip,30655241329,train,basketball,v_1tefH1iPbGM_1.mp4,1tefH1iPbGM,177319573,177332436,9,2295047086
SportsShot,videos/train/basketball.zip,30655241329,train,basketball,v_1tefH1iPbGM_2.mp4,1tefH1iPbGM,186441097,186455764,9,2472379571
SportsShot,videos/train/basketball.zip,30655241329,train,basketball,v_1tefH1iPbGM_3.mp4,1tefH1iPbGM,193213921,193229307,9,2658835384
SportsShot,videos/train/basketball.zip,30655241329,train,basketball,v_1tefH1iPbGM_4.mp4,1tefH1iPbGM,194255483,194269266,9,2852064740
SportsShot,videos/train/basketball.zip,30655241329,train,basketball,v_1tefH1iPbGM_5.mp4,1tefH1iPbGM,195401258,195415498,9,3046334055
SportsShot,videos/train/basketball.zip,30655241329,train,basketball,v_1tefH1iPbGM_6.mp4,1tefH1iPbGM,168147860,168156520,9,3241749602
SportsShot,videos/train/basketball.zip,30655241329,train,basketball,v_1tefH1iPbGM_7.mp4,1tefH1iPbGM,187420592,187434457,9,3409906171
SportsShot,videos/train/basketball.zip,30655241329,train,basketball,v_1tefH1iPbGM_8.mp4,1tefH1iPbGM,183430868,183443872,9,3597340677
SportsShot,videos/train/basketball.zip,30655241329,train,basketball,v_1tefH1iPbGM_9.mp4,1tefH1iPbGM,188162222,188174305,9,3780784598
SportsShot,videos/train/basketball.zip,30655241329,train,basketball,v_2BhBRkkAqbQ_0.mp4,2BhBRkkAqbQ,64002765,63990563,9,3968958952
SportsShot,videos/train/basketball.zip,30655241329,train,basketball,v_2BhBRkkAqbQ_1.mp4,2BhBRkkAqbQ,59660791,59651555,9,4032949564
SportsShot,videos/train/basketball.zip,30655241329,train,basketball,v_2BhBRkkAqbQ_2.mp4,2BhBRkkAqbQ,58802088,58792458,9,4092601168
SportsShot,videos/train/basketball.zip,30655241329,train,basketball,v_2BhBRkkAqbQ_3.mp4,2BhBRkkAqbQ,54333946,54323151,9,4151393675
SportsShot,videos/train/basketball.zip,30655241329,train,basketball,v_2BhBRkkAqbQ_4.mp4,2BhBRkkAqbQ,59764932,59754504,9,4205716875
SportsShot,videos/train/basketball.zip,30655241329,train,basketball,v_2BhBRkkAqbQ_5.mp4,2BhBRkkAqbQ,53108513,53099625,9,4265471428
SportsShot,videos/train/basketball.zip,30655241329,train,basketball,v_2BhBRkkAqbQ_6.mp4,2BhBRkkAqbQ,60350835,60340307,9,4318571102
SportsShot,videos/train/basketball.zip,30655241329,train,basketball,v_2BhBRkkAqbQ_7.mp4,2BhBRkkAqbQ,58388921,58379168,9,4378911458
SportsShot,videos/train/basketball.zip,30655241329,train,basketball,v_2BhBRkkAqbQ_8.mp4,2BhBRkkAqbQ,58705848,58696129,9,4437290675
SportsShot,videos/train/basketball.zip,30655241329,train,basketball,v_2BhBRkkAqbQ_9.mp4,2BhBRkkAqbQ,69376352,69363336,9,4495986853
SportsShot,videos/train/basketball.zip,30655241329,train,basketball,v_2j7kLB-vEEk_0.mp4,2j7kLB-vEEk,111304042,111304542,9,4565350238
SportsShot,videos/train/basketball.zip,30655241329,train,basketball,v_2j7kLB-vEEk_1.mp4,2j7kLB-vEEk,108280060,108280531,9,4676654829
SportsShot,videos/train/basketball.zip,30655241329,train,basketball,v_2j7kLB-vEEk_2.mp4,2j7kLB-vEEk,116108138,116108913,9,4784935409
SportsShot,videos/train/basketball.zip,30655241329,train,basketball,v_2j7kLB-vEEk_3.mp4,2j7kLB-vEEk,117235444,117236271,9,4901044371
SportsShot,videos/train/basketball.zip,30655241329,train,basketball,v_2j7kLB-vEEk_4.mp4,2j7kLB-vEEk,111632515,111632160,9,5018280691
SportsShot,videos/train/basketball.zip,30655241329,train,basketball,v_2j7kLB-vEEk_5.mp4,2j7kLB-vEEk,98821247,98817425,9,5129912900
SportsShot,videos/train/basketball.zip,30655241329,train,basketball,v_2j7kLB-vEEk_6.mp4,2j7kLB-vEEk,110458816,110460239,9,5228730374
SportsShot,videos/train/basketball.zip,30655241329,train,basketball,v_2j7kLB-vEEk_7.mp4,2j7kLB-vEEk,114059024,114057979,9,5339190662
SportsShot,videos/train/basketball.zip,30655241329,train,basketball,v_2j7kLB-vEEk_8.mp4,2j7kLB-vEEk,112685937,112685896,9,5453248690
SportsShot,videos/train/basketball.zip,30655241329,train,basketball,v_2j7kLB-vEEk_9.mp4,2j7kLB-vEEk,110704803,110705921,9,5565934635
SportsShot,videos/train/basketball.zip,30655241329,train,basketball,v_4nikeBZNYRE_0.mp4,4nikeBZNYRE,85344176,85335961,9,5676640605
SportsShot,videos/train/basketball.zip,30655241329,train,basketball,v_4nikeBZNYRE_1.mp4,4nikeBZNYRE,82143595,82136593,9,5761976615
SportsShot,videos/train/basketball.zip,30655241329,train,basketball,v_4nikeBZNYRE_2.mp4,4nikeBZNYRE,78930261,78924039,9,5844113257
SportsShot,videos/train/basketball.zip,30655241329,train,basketball,v_4nikeBZNYRE_3.mp4,4nikeBZNYRE,77879774,77873948,9,5923037345
SportsShot,videos/train/basketball.zip,30655241329,train,basketball,v_4nikeBZNYRE_4.mp4,4nikeBZNYRE,75428043,75422895,9,6000911342
SportsShot,videos/train/basketball.zip,30655241329,train,basketball,v_4nikeBZNYRE_5.mp4,4nikeBZNYRE,84240034,84233686,9,6076334286
SportsShot,videos/train/basketball.zip,30655241329,train,basketball,v_4nikeBZNYRE_6.mp4,4nikeBZNYRE,66214574,66209056,9,6160568021
SportsShot,videos/train/basketball.zip,30655241329,train,basketball,v_4nikeBZNYRE_7.mp4,4nikeBZNYRE,82733891,82728353,9,6226777126
SportsShot,videos/train/basketball.zip,30655241329,train,basketball,v_4nikeBZNYRE_8.mp4,4nikeBZNYRE,77246533,77238849,9,6309505528
SportsShot,videos/train/basketball.zip,30655241329,train,basketball,v_4nikeBZNYRE_9.mp4,4nikeBZNYRE,85279294,85273094,9,6386744426
SportsShot,videos/train/basketball.zip,30655241329,train,basketball,v_4r8QL_wglzQ_0.mp4,4r8QL_wglzQ,90538861,90535118,9,6472017569
SportsShot,videos/train/basketball.zip,30655241329,train,basketball,v_4r8QL_wglzQ_1.mp4,4r8QL_wglzQ,87466618,87462188,9,6562552736
SportsShot,videos/train/basketball.zip,30655241329,train,basketball,v_4r8QL_wglzQ_2.mp4,4r8QL_wglzQ,91909909,91906367,9,6650014973
SportsShot,videos/train/basketball.zip,30655241329,train,basketball,v_4r8QL_wglzQ_3.mp4,4r8QL_wglzQ,84033163,84028711,9,6741921389
SportsShot,videos/train/basketball.zip,30655241329,train,basketball,v_4r8QL_wglzQ_4.mp4,4r8QL_wglzQ,83897067,83892649,9,6825950149
SportsShot,videos/train/basketball.zip,30655241329,train,basketball,v_4r8QL_wglzQ_5.mp4,4r8QL_wglzQ,91807276,91802674,9,6909842847
SportsShot,videos/train/basketball.zip,30655241329,train,basketball,v_4r8QL_wglzQ_6.mp4,4r8QL_wglzQ,93616404,93611417,9,7001645570
SportsShot,videos/train/basketball.zip,30655241329,train,basketball,v_4r8QL_wglzQ_7.mp4,4r8QL_wglzQ,88910922,88907430,9,7095257036
SportsShot,videos/train/basketball.zip,30655241329,train,basketball,v_4r8QL_wglzQ_8.mp4,4r8QL_wglzQ,85009334,85004892,9,7184164515
SportsShot,videos/train/basketball.zip,30655241329,train,basketball,v_4r8QL_wglzQ_9.mp4,4r8QL_wglzQ,84712767,84708669,9,7269169456
SportsShot,videos/train/basketball.zip,30655241329,train,basketball,v_5ekaksddqrc_0.mp4,5ekaksddqrc,78515741,78511947,9,7353878174
SportsShot,videos/train/basketball.zip,30655241329,train,basketball,v_5ekaksddqrc_1.mp4,5ekaksddqrc,79667841,79664516,9,7432390170
SportsShot,videos/train/basketball.zip,30655241329,train,basketball,v_5ekaksddqrc_2.mp4,5ekaksddqrc,79978693,79977364,9,7512054735
SportsShot,videos/train/basketball.zip,30655241329,train,basketball,v_5ekaksddqrc_3.mp4,5ekaksddqrc,85455420,85454700,9,7592032148
SportsShot,videos/train/basketball.zip,30655241329,train,basketball,v_5ekaksddqrc_4.mp4,5ekaksddqrc,79785406,79784058,9,7677486897
SportsShot,videos/train/basketball.zip,30655241329,train,basketball,v_5ekaksddqrc_5.mp4,5ekaksddqrc,78802333,78798935,9,7757271004
SportsShot,videos/train/basketball.zip,30655241329,train,basketball,v_5ekaksddqrc_6.mp4,5ekaksddqrc,79877495,79875565,9,7836069988
SportsShot,videos/train/basketball.zip,30655241329,train,basketball,v_5ekaksddqrc_7.mp4,5ekaksddqrc,80910954,80909410,9,7915945602
SportsShot,videos/train/basketball.zip,30655241329,train,basketball,v_5ekaksddqrc_8.mp4,5ekaksddqrc,84050446,84050300,9,7996855061
SportsShot,videos/train/basketball.zip,30655241329,train,basketball,v_5ekaksddqrc_9.mp4,5ekaksddqrc,81792925,81791292,9,8080905410
SportsShot,videos/train/basketball.zip,30655241329,train,basketball,v_-6Os86HzwCs_0.mp4,-6Os86HzwCs,77033491,77028335,9,8162696751
SportsShot,videos/train/basketball.zip,30655241329,train,basketball,v_-6Os86HzwCs_1.mp4,-6Os86HzwCs,85458366,85451737,9,8239725135
SportsShot,videos/train/basketball.zip,30655241329,train,basketball,v_-6Os86HzwCs_2.mp4,-6Os86HzwCs,83160428,83155976,9,8325176921
SportsShot,videos/train/basketball.zip,30655241329,train,basketball,v_-6Os86HzwCs_3.mp4,-6Os86HzwCs,79028868,79022392,9,8408332946
SportsShot,videos/train/basketball.zip,30655241329,train,basketball,v_-6Os86HzwCs_4.mp4,-6Os86HzwCs,88412717,88406187,9,8487355387
SportsShot,videos/train/basketball.zip,30655241329,train,basketball,v_-6Os86HzwCs_5.mp4,-6Os86HzwCs,74363653,74356921,9,8575761623
SportsShot,videos/train/basketball.zip,30655241329,train,basketball,v_-6Os86HzwCs_6.mp4,-6Os86HzwCs,90788085,90779812,9,8650118593
SportsShot,videos/train/basketball.zip,30655241329,train,basketball,v_-6Os86HzwCs_7.mp4,-6Os86HzwCs,87565330,87558738,9,8740898454
SportsShot,videos/train/basketball.zip,30655241329,train,basketball,v_-6Os86HzwCs_8.mp4,-6Os86HzwCs,80260767,80255120,9,8828457241
SportsShot,videos/train/basketball.zip,30655241329,train,basketball,v_-6Os86HzwCs_9.mp4,-6Os86HzwCs,89101452,89094552,9,8908712410
SportsShot,videos/train/basketball.zip,30655241329,train,basketball,v_6oTxfzKdG6Q_0.mp4,6oTxfzKdG6Q,102918250,102913688,9,8997807011
SportsShot,videos/train/basketball.zip,30655241329,train,basketball,v_6oTxfzKdG6Q_1.mp4,6oTxfzKdG6Q,97244423,97240539,9,9100720748
SportsShot,videos/train/basketball.zip,30655241329,train,basketball,v_6oTxfzKdG6Q_2.mp4,6oTxfzKdG6Q,91347692,91343503,9,9197961336
SportsShot,videos/train/basketball.zip,30655241329,train,basketball,v_6oTxfzKdG6Q_3.mp4,6oTxfzKdG6Q,100744908,100741109,9,9289304888
SportsShot,videos/train/basketball.zip,30655241329,train,basketball,v_6oTxfzKdG6Q_4.mp4,6oTxfzKdG6Q,91377211,91372587,9,9390046046
SportsShot,videos/train/basketball.zip,30655241329,train,basketball,v_6oTxfzKdG6Q_5.mp4,6oTxfzKdG6Q,93124903,93121950,9,9481418682
SportsShot,videos/train/basketball.zip,30655241329,train,basketball,v_6oTxfzKdG6Q_6.mp4,6oTxfzKdG6Q,93096710,93094416,9,9574540681
SportsShot,videos/train/basketball.zip,30655241329,train,basketball,v_6oTxfzKdG6Q_7.mp4,6oTxfzKdG6Q,95412270,95408991,9,9667635146
SportsShot,videos/train/basketball.zip,30655241329,train,basketball,v_6oTxfzKdG6Q_8.mp4,6oTxfzKdG6Q,82337799,82333100,9,9763044186
SportsShot,videos/train/basketball.zip,30655241329,train,basketball,v_6oTxfzKdG6Q_9.mp4,6oTxfzKdG6Q,93688062,93684875,9,9845377335
SportsShot,videos/train/basketball.zip,30655241329,train,basketball,v_6qF7sbWXO48_0.mp4,6qF7sbWXO48,80592312,80586096,9,9939062259
SportsShot,videos/train/basketball.zip,30655241329,train,basketball,v_6qF7sbWXO48_1.mp4,6qF7sbWXO48,78148033,78140506,9,10019648404
SportsShot,videos/train/basketball.zip,30655241329,train,basketball,v_6qF7sbWXO48_2.mp4,6qF7sbWXO48,90238730,90230823,9,10097788959
SportsShot,videos/train/basketball.zip,30655241329,train,basketball,v_6qF7sbWXO48_3.mp4,6qF7sbWXO48,82659366,82652348,9,10188019831
SportsShot,videos/train/basketball.zip,30655241329,train,basketball,v_6qF7sbWXO48_4.mp4,6qF7sbWXO48,83321901,83314671,9,10270672228
SportsShot,videos/train/basketball.zip,30655241329,train,basketball,v_6qF7sbWXO48_5.mp4,6qF7sbWXO48,85829353,85823349,9,10353986948
SportsShot,videos/train/basketball.zip,30655241329,train,basketball,v_6qF7sbWXO48_6.mp4,6qF7sbWXO48,79482767,79475072,9,10439810346
SportsShot,videos/train/basketball.zip,30655241329,train,basketball,v_6qF7sbWXO48_7.mp4,6qF7sbWXO48,77664619,77658870,9,10519285467
SportsShot,videos/train/basketball.zip,30655241329,train,basketball,v_6qF7sbWXO48_8.mp4,6qF7sbWXO48,77607324,77599356,9,10596944386
SportsShot,videos/train/basketball.zip,30655241329,train,basketball,v_6qF7sbWXO48_9.mp4,6qF7sbWXO48,66314617,66308250,9,10674543791
SportsShot,videos/train/basketball.zip,30655241329,train,basketball,v_6Yuo12tgH5g_0.mp4,6Yuo12tgH5g,76094016,76084995,9,10740852090
SportsShot,videos/train/basketball.zip,30655241329,train,basketball,v_6Yuo12tgH5g_1.mp4,6Yuo12tgH5g,71974990,71968959,9,10816937134
SportsShot,videos/train/basketball.zip,30655241329,train,basketball,v_6Yuo12tgH5g_2.mp4,6Yuo12tgH5g,72350715,72344240,9,10888906142
SportsShot,videos/train/basketball.zip,30655241329,train,basketball,v_6Yuo12tgH5g_3.mp4,6Yuo12tgH5g,82822208,82814817,9,10961250431
SportsShot,videos/train/basketball.zip,30655241329,train,basketball,v_6Yuo12tgH5g_4.mp4,6Yuo12tgH5g,76859105,76853044,9,11044065297
SportsShot,videos/train/basketball.zip,30655241329,train,basketball,v_6Yuo12tgH5g_5.mp4,6Yuo12tgH5g,72415820,72411159,9,11120918390
SportsShot,videos/train/basketball.zip,30655241329,train,basketball,v_6Yuo12tgH5g_6.mp4,6Yuo12tgH5g,78528521,78521373,9,11193329598
SportsShot,videos/train/basketball.zip,30655241329,train,basketball,v_6Yuo12tgH5g_7.mp4,6Yuo12tgH5g,75326297,75319905,9,11271851020
SportsShot,videos/train/basketball.zip,30655241329,train,basketball,v_6Yuo12tgH5g_8.mp4,6Yuo12tgH5g,78929774,78924741,9,11347170974
SportsShot,videos/train/basketball.zip,30655241329,train,basketball,v_6Yuo12tgH5g_9.mp4,6Yuo12tgH5g,70323925,70317492,9,11426095764
SportsShot,videos/train/basketball.zip,30655241329,train,basketball,v_7FTsO8S3h88_0.mp4,7FTsO8S3h88,211613591,211626130,9,11496413305
SportsShot,videos/train/basketball.zip,30655241329,train,basketball,v_7FTsO8S3h88_1.mp4,7FTsO8S3h88,170251920,170260443,9,11708039484
SportsShot,videos/train/basketball.zip,30655241329,train,basketball,v_7FTsO8S3h88_2.mp4,7FTsO8S3h88,157446499,157454869,9,11878299976
SportsShot,videos/train/basketball.zip,30655241329,train,basketball,v_7FTsO8S3h88_3.mp4,7FTsO8S3h88,168601336,168611098,9,12035754894
SportsShot,videos/train/basketball.zip,30655241329,train,basketball,v_7FTsO8S3h88_4.mp4,7FTsO8S3h88,178367182,178378807,9,12204366041
SportsShot,videos/train/basketball.zip,30655241329,train,basketball,v_7FTsO8S3h88_5.mp4,7FTsO8S3h88,178968948,178979268,9,12382744897
SportsShot,videos/train/basketball.zip,30655241329,train,basketball,v_7FTsO8S3h88_6.mp4,7FTsO8S3h88,179982771,179995222,9,12561724214
SportsShot,videos/train/basketball.zip,30655241329,train,basketball,v_7FTsO8S3h88_7.mp4,7FTsO8S3h88,169292031,169300881,9,12741719485
SportsShot,videos/train/basketball.zip,30655241329,train,basketball,v_7FTsO8S3h88_8.mp4,7FTsO8S3h88,187769814,187782041,9,12911020415
SportsShot,videos/train/basketball.zip,30655241329,train,basketball,v_7FTsO8S3h88_9.mp4,7FTsO8S3h88,175829485,175839756,9,13098802505
SportsShot,videos/train/basketball.zip,30655241329,train,basketball,v_82WN8C8qJmI_0.mp4,82WN8C8qJmI,169604299,169613133,9,13274642310
SportsShot,videos/train/basketball.zip,30655241329,train,basketball,v_82WN8C8qJmI_1.mp4,82WN8C8qJmI,174491433,174503205,9,13444255492
SportsShot,videos/train/basketball.zip,30655241329,train,basketball,v_82WN8C8qJmI_2.mp4,82WN8C8qJmI,156896782,156907695,9,13618758746
SportsShot,videos/train/basketball.zip,30655241329,train,basketball,v_82WN8C8qJmI_3.mp4,82WN8C8qJmI,176800177,176813321,9,13775666490
SportsShot,videos/train/basketball.zip,30655241329,train,basketball,v_82WN8C8qJmI_4.mp4,82WN8C8qJmI,150290162,150296825,9,13952479860
SportsShot,videos/train/basketball.zip,30655241329,train,basketball,v_82WN8C8qJmI_5.mp4,82WN8C8qJmI,159316032,159325987,9,14102776734
SportsShot,videos/train/basketball.zip,30655241329,train,basketball,v_82WN8C8qJmI_6.mp4,82WN8C8qJmI,159185343,159196458,9,14262102770
SportsShot,videos/train/basketball.zip,30655241329,train,basketball,v_82WN8C8qJmI_7.mp4,82WN8C8qJmI,159591920,159599696,9,14421299277
SportsShot,videos/train/basketball.zip,30655241329,train,basketball,v_82WN8C8qJmI_8.mp4,82WN8C8qJmI,171662389,171673834,9,14580899022
SportsShot,videos/train/basketball.zip,30655241329,train,basketball,v_82WN8C8qJmI_9.mp4,82WN8C8qJmI,165783808,165793909,9,14752572905
SportsShot,videos/train/basketball.zip,30655241329,train,basketball,v_8K_5sKFWv8E_0.mp4,8K_5sKFWv8E,65745522,65741364,9,14918366863
SportsShot,videos/train/basketball.zip,30655241329,train,basketball,v_8K_5sKFWv8E_1.mp4,8K_5sKFWv8E,87837943,87836354,9,14984108276
SportsShot,videos/train/basketball.zip,30655241329,train,basketball,v_8K_5sKFWv8E_2.mp4,8K_5sKFWv8E,106381873,106381174,9,15071944679
SportsShot,videos/train/basketball.zip,30655241329,train,basketball,v_8K_5sKFWv8E_3.mp4,8K_5sKFWv8E,80858104,80857431,9,15178325902
SportsShot,videos/train/basketball.zip,30655241329,train,basketball,v_8K_5sKFWv8E_4.mp4,8K_5sKFWv8E,70106051,70102878,9,15259183382
SportsShot,videos/train/basketball.zip,30655241329,train,basketball,v_8K_5sKFWv8E_5.mp4,8K_5sKFWv8E,83534605,83534106,9,15329286309
SportsShot,videos/train/basketball.zip,30655241329,train,basketball,v_8K_5sKFWv8E_6.mp4,8K_5sKFWv8E,78712629,78710667,9,15412820464
SportsShot,videos/train/basketball.zip,30655241329,train,basketball,v_8K_5sKFWv8E_7.mp4,8K_5sKFWv8E,83372512,83370155,9,15491531180
SportsShot,videos/train/basketball.zip,30655241329,train,basketball,v_8K_5sKFWv8E_8.mp4,8K_5sKFWv8E,68617447,68613582,9,15574901384
SportsShot,videos/train/basketball.zip,30655241329,train,basketball,v_8K_5sKFWv8E_9.mp4,8K_5sKFWv8E,88714862,88713868,9,15643515015
SportsShot,videos/train/basketball.zip,30655241329,train,basketball,v_-9kabh1K8UA_0.mp4,-9kabh1K8UA,65138166,65130099,9,15732228932
SportsShot,videos/train/basketball.zip,30655241329,train,basketball,v_-9kabh1K8UA_1.mp4,-9kabh1K8UA,78181369,78172672,9,15797359080
SportsShot,videos/train/basketball.zip,30655241329,train,basketball,v_-9kabh1K8UA_2.mp4,-9kabh1K8UA,72448755,72440679,9,15875531801
SportsShot,videos/train/basketball.zip,30655241329,train,basketball,v_-9kabh1K8UA_3.mp4,-9kabh1K8UA,80645726,80638398,9,15947972529
SportsShot,videos/train/basketball.zip,30655241329,train,basketball,v_-9kabh1K8UA_4.mp4,-9kabh1K8UA,66097592,66089583,9,16028610976
SportsShot,videos/train/basketball.zip,30655241329,train,basketball,v_-9kabh1K8UA_5.mp4,-9kabh1K8UA,68775182,68768407,9,16094700608
SportsShot,videos/train/basketball.zip,30655241329,train,basketball,v_-9kabh1K8UA_6.mp4,-9kabh1K8UA,68831095,68823085,9,16163469064
SportsShot,videos/train/basketball.zip,30655241329,train,basketball,v_-9kabh1K8UA_7.mp4,-9kabh1K8UA,62436346,62429687,9,16232292198
SportsShot,videos/train/basketball.zip,30655241329,train,basketball,v_-9kabh1K8UA_8.mp4,-9kabh1K8UA,74807436,74801349,9,16294721934
SportsShot,videos/train/basketball.zip,30655241329,train,basketball,v_-9kabh1K8UA_9.mp4,-9kabh1K8UA,70425791,70416959,9,16369523332
SportsShot,videos/train/basketball.zip,30655241329,train,basketball,v_A4OJhlI6hgc_0.mp4,A4OJhlI6hgc,157547384,157559198,9,16439940340
SportsShot,videos/train/basketball.zip,30655241329,train,basketball,v_A4OJhlI6hgc_1.mp4,A4OJhlI6hgc,168491113,168504725,9,16597499587
SportsShot,videos/train/basketball.zip,30655241329,train,basketball,v_A4OJhlI6hgc_2.mp4,A4OJhlI6hgc,153776013,153787861,9,16766004361
SportsShot,videos/train/basketball.zip,30655241329,train,basketball,v_A4OJhlI6hgc_3.mp4,A4OJhlI6hgc,166820221,166833158,9,16919792271
SportsShot,videos/train/basketball.zip,30655241329,train,basketball,v_A4OJhlI6hgc_4.mp4,A4OJhlI6hgc,148305908,148316308,9,17086625478
SportsShot,videos/train/basketball.zip,30655241329,train,basketball,v_A4OJhlI6hgc_5.mp4,A4OJhlI6hgc,162908931,162920457,9,17234941835
SportsShot,videos/train/basketball.zip,30655241329,train,basketball,v_A4OJhlI6hgc_6.mp4,A4OJhlI6hgc,156413171,156424845,9,17397862341
SportsShot,videos/train/basketball.zip,30655241329,train,basketball,v_A4OJhlI6hgc_7.mp4,A4OJhlI6hgc,137257197,137266337,9,17554287235
SportsShot,videos/train/basketball.zip,30655241329,train,basketball,v_A4OJhlI6hgc_8.mp4,A4OJhlI6hgc,161545249,161559252,9,17691553621
SportsShot,videos/train/basketball.zip,30655241329,train,basketball,v_A4OJhlI6hgc_9.mp4,A4OJhlI6hgc,157224901,157237301,9,17853112922
SportsShot,videos/train/basketball.zip,30655241329,train,basketball,v_C94HDW9HYzU_0.mp4,C94HDW9HYzU,206829708,206848379,9,18010350272
SportsShot,videos/train/basketball.zip,30655241329,train,basketball,v_C94HDW9HYzU_1.mp4,C94HDW9HYzU,191245787,191263721,9,18217198700
SportsShot,videos/train/basketball.zip,30655241329,train,basketball,v_C94HDW9HYzU_2.mp4,C94HDW9HYzU,189149801,189166379,9,18408462470
SportsShot,videos/train/basketball.zip,30655241329,train,basketball,v_C94HDW9HYzU_3.mp4,C94HDW9HYzU,164157810,164171605,9,18597628898
SportsShot,videos/train/basketball.zip,30655241329,train,basketball,v_C94HDW9HYzU_4.mp4,C94HDW9HYzU,224538323,224557311,9,18761800552
SportsShot,videos/train/basketball.zip,30655241329,train,basketball,v_C94HDW9HYzU_5.mp4,C94HDW9HYzU,187216062,187233103,9,18986357912
SportsShot,videos/train/basketball.zip,30655241329,train,basketball,v_C94HDW9HYzU_6.mp4,C94HDW9HYzU,184254681,184270633,9,19173591064
SportsShot,videos/train/basketball.zip,30655241329,train,basketball,v_C94HDW9HYzU_7.mp4,C94HDW9HYzU,204349100,204366492,9,19357861746
SportsShot,videos/train/basketball.zip,30655241329,train,basketball,v_C94HDW9HYzU_8.mp4,C94HDW9HYzU,178608324,178621342,9,19562228287
SportsShot,videos/train/basketball.zip,30655241329,train,basketball,v_C94HDW9HYzU_9.mp4,C94HDW9HYzU,202179856,202196167,9,19740849678
SportsShot,videos/train/basketball.zip,30655241329,train,basketball,v_en2wx__oWmE_0.mp4,en2wx__oWmE,102855457,102850917,9,19943045894
SportsShot,videos/train/basketball.zip,30655241329,train,basketball,v_en2wx__oWmE_1.mp4,en2wx__oWmE,87677567,87672801,9,20045896860
SportsShot,videos/train/basketball.zip,30655241329,train,basketball,v_en2wx__oWmE_2.mp4,en2wx__oWmE,85584109,85581068,9,20133569710
SportsShot,videos/train/basketball.zip,30655241329,train,basketball,v_en2wx__oWmE_3.mp4,en2wx__oWmE,75467745,75462065,9,20219150827
SportsShot,videos/train/basketball.zip,30655241329,train,basketball,v_en2wx__oWmE_4.mp4,en2wx__oWmE,85425206,85420139,9,20294612941
SportsShot,videos/train/basketball.zip,30655241329,train,basketball,v_en2wx__oWmE_5.mp4,en2wx__oWmE,70034481,70029321,9,20380033129
SportsShot,videos/train/basketball.zip,30655241329,train,basketball,v_en2wx__oWmE_6.mp4,en2wx__oWmE,85937323,85932925,9,20450062499
SportsShot,videos/train/basketball.zip,30655241329,train,basketball,v_en2wx__oWmE_7.mp4,en2wx__oWmE,83892768,83888962,9,20535995473
SportsShot,videos/train/basketball.zip,30655241329,train,basketball,v_en2wx__oWmE_8.mp4,en2wx__oWmE,82730729,82724842,9,20619884484
SportsShot,videos/train/basketball.zip,30655241329,train,basketball,v_en2wx__oWmE_9.mp4,en2wx__oWmE,85208385,85203717,9,20702609375
SportsShot,videos/train/basketball.zip,30655241329,train,basketball,v_f6a3B499nwY_0.mp4,f6a3B499nwY,172624722,172635636,9,20787813141
SportsShot,videos/train/basketball.zip,30655241329,train,basketball,v_f6a3B499nwY_1.mp4,f6a3B499nwY,163206694,163217040,9,20960448826
SportsShot,videos/train/basketball.zip,30655241329,train,basketball,v_f6a3B499nwY_2.mp4,f6a3B499nwY,195957178,195972747,9,21123665915
SportsShot,videos/train/basketball.zip,30655241329,train,basketball,v_f6a3B499nwY_3.mp4,f6a3B499nwY,166697173,166710770,9,21319638711
SportsShot,videos/train/basketball.zip,30655241329,train,basketball,v_f6a3B499nwY_4.mp4,f6a3B499nwY,170174471,170188314,9,21486349530
SportsShot,videos/train/basketball.zip,30655241329,train,basketball,v_f6a3B499nwY_5.mp4,f6a3B499nwY,178760464,178773652,9,21656537893
SportsShot,videos/train/basketball.zip,30655241329,train,basketball,v_f6a3B499nwY_6.mp4,f6a3B499nwY,148425740,148435719,9,21835311594
SportsShot,videos/train/basketball.zip,30655241329,train,basketball,v_f6a3B499nwY_7.mp4,f6a3B499nwY,196240098,196254898,9,21983747362
SportsShot,videos/train/basketball.zip,30655241329,train,basketball,v_f6a3B499nwY_8.mp4,f6a3B499nwY,186601084,186616132,9,22180002309
SportsShot,videos/train/basketball.zip,30655241329,train,basketball,v_f6a3B499nwY_9.mp4,f6a3B499nwY,176790373,176804103,9,22366618490
SportsShot,videos/train/basketball.zip,30655241329,train,basketball,v_Fe3QevOQiO4_0.mp4,Fe3QevOQiO4,231414891,231432680,9,22543422642
SportsShot,videos/train/basketball.zip,30655241329,train,basketball,v_Fe3QevOQiO4_1.mp4,Fe3QevOQiO4,219111608,219129169,9,22774855371
SportsShot,videos/train/basketball.zip,30655241329,train,basketball,v_Fe3QevOQiO4_2.mp4,Fe3QevOQiO4,198931759,198948861,9,22993984589
SportsShot,videos/train/basketball.zip,30655241329,train,basketball,v_Fe3QevOQiO4_3.mp4,Fe3QevOQiO4,205442009,205459053,9,23192933499
SportsShot,videos/train/basketball.zip,30655241329,train,basketball,v_Fe3QevOQiO4_4.mp4,Fe3QevOQiO4,218271828,218291532,9,23398392601
SportsShot,videos/train/basketball.zip,30655241329,train,basketball,v_Fe3QevOQiO4_5.mp4,Fe3QevOQiO4,193196183,193212586,9,23616684182
SportsShot,videos/train/basketball.zip,30655241329,train,basketball,v_Fe3QevOQiO4_6.mp4,Fe3QevOQiO4,191502992,191518812,9,23809896817
SportsShot,videos/train/basketball.zip,30655241329,train,basketball,v_Fe3QevOQiO4_7.mp4,Fe3QevOQiO4,196744951,196762188,9,24001415678
SportsShot,videos/train/basketball.zip,30655241329,train,basketball,v_Fe3QevOQiO4_8.mp4,Fe3QevOQiO4,184132057,184147499,9,24198177915
SportsShot,videos/train/basketball.zip,30655241329,train,basketball,v_Fe3QevOQiO4_9.mp4,Fe3QevOQiO4,215095111,215110885,9,24382325463
SportsShot,videos/train/basketball.zip,30655241329,train,basketball,v_FH9KE8FSmig_0.mp4,FH9KE8FSmig,154756809,154768380,9,24597436397
SportsShot,videos/train/basketball.zip,30655241329,train,basketball,v_FH9KE8FSmig_1.mp4,FH9KE8FSmig,165251462,165265398,9,24752204826
SportsShot,videos/train/basketball.zip,30655241329,train,basketball,v_FH9KE8FSmig_2.mp4,FH9KE8FSmig,173984131,173998002,9,24917470273
SportsShot,videos/train/basketball.zip,30655241329,train,basketball,v_FH9KE8FSmig_3.mp4,FH9KE8FSmig,180746416,180761302,9,25091468324
SportsShot,videos/train/basketball.zip,30655241329,train,basketball,v_FH9KE8FSmig_4.mp4,FH9KE8FSmig,161422590,161437401,9,25272229675
SportsShot,videos/train/basketball.zip,30655241329,train,basketball,v_FH9KE8FSmig_5.mp4,FH9KE8FSmig,187630351,187647684,9,25433667125
SportsShot,videos/train/basketball.zip,30655241329,train,basketball,v_FH9KE8FSmig_6.mp4,FH9KE8FSmig,145316700,145326429,9,25621314858
SportsShot,videos/train/basketball.zip,30655241329,train,basketball,v_FH9KE8FSmig_7.mp4,FH9KE8FSmig,145206484,145216235,9,25766641336
SportsShot,videos/train/basketball.zip,30655241329,train,basketball,v_FH9KE8FSmig_8.mp4,FH9KE8FSmig,180062468,180077667,9,25911857620
SportsShot,videos/train/basketball.zip,30655241329,train,basketball,v_FH9KE8FSmig_9.mp4,FH9KE8FSmig,174746984,174758753,9,26091935336
SportsShot,videos/train/basketball.zip,30655241329,train,basketball,v_fL2LfHQIwsY_0.mp4,fL2LfHQIwsY,193148996,193166215,9,26266694138
SportsShot,videos/train/basketball.zip,30655241329,train,basketball,v_fL2LfHQIwsY_1.mp4,fL2LfHQIwsY,188708487,188725057,9,26459860402
SportsShot,videos/train/basketball.zip,30655241329,train,basketball,v_fL2LfHQIwsY_2.mp4,fL2LfHQIwsY,182111001,182126430,9,26648585508
SportsShot,videos/train/basketball.zip,30655241329,train,basketball,v_fL2LfHQIwsY_3.mp4,fL2LfHQIwsY,177445563,177461313,9,26830711987
SportsShot,videos/train/basketball.zip,30655241329,train,basketball,v_fL2LfHQIwsY_4.mp4,fL2LfHQIwsY,191802499,191819598,9,27008173349
SportsShot,videos/train/basketball.zip,30655241329,train,basketball,v_fL2LfHQIwsY_5.mp4,fL2LfHQIwsY,155426042,155439596,9,27199992996
SportsShot,videos/train/basketball.zip,30655241329,train,basketball,v_fL2LfHQIwsY_6.mp4,fL2LfHQIwsY,177008913,177023608,9,27355432641
SportsShot,videos/train/basketball.zip,30655241329,train,basketball,v_fL2LfHQIwsY_7.mp4,fL2LfHQIwsY,180298183,180314173,9,27532456298
SportsShot,videos/train/basketball.zip,30655241329,train,basketball,v_fL2LfHQIwsY_8.mp4,fL2LfHQIwsY,185029589,185044771,9,27712770520
SportsShot,videos/train/basketball.zip,30655241329,train,basketball,v_fL2LfHQIwsY_9.mp4,fL2LfHQIwsY,155939503,155952524,9,27897815340
SportsShot,videos/train/basketball.zip,30655241329,train,basketball,v_gdtetu4nnZc_0.mp4,gdtetu4nnZc,198238315,198255354,9,28053767913
SportsShot,videos/train/basketball.zip,30655241329,train,basketball,v_gdtetu4nnZc_1.mp4,gdtetu4nnZc,186473961,186488730,9,28252023316
SportsShot,videos/train/basketball.zip,30655241329,train,basketball,v_gdtetu4nnZc_2.mp4,gdtetu4nnZc,171466411,171477910,9,28438512095
SportsShot,videos/train/basketball.zip,30655241329,train,basketball,v_gdtetu4nnZc_3.mp4,gdtetu4nnZc,179850594,179864479,9,28609990054
SportsShot,videos/train/basketball.zip,30655241329,train,basketball,v_gdtetu4nnZc_4.mp4,gdtetu4nnZc,168248008,168258306,9,28789854582
SportsShot,videos/train/basketball.zip,30655241329,train,basketball,v_gdtetu4nnZc_5.mp4,gdtetu4nnZc,186832684,186843283,9,28958112937
SportsShot,videos/train/basketball.zip,30655241329,train,basketball,v_gdtetu4nnZc_6.mp4,gdtetu4nnZc,174907179,174920391,9,29144956269
SportsShot,videos/train/basketball.zip,30655241329,train,basketball,v_gdtetu4nnZc_7.mp4,gdtetu4nnZc,191221977,191237986,9,29319876709
SportsShot,videos/train/basketball.zip,30655241329,train,basketball,v_gdtetu4nnZc_8.mp4,gdtetu4nnZc,174087994,174100646,9,29511114744
SportsShot,videos/train/basketball.zip,30655241329,train,basketball,v_gdtetu4nnZc_9.mp4,gdtetu4nnZc,179418759,179434534,9,29685215439
SportsShot,videos/train/basketball.zip,30655241329,train,basketball,v_ZVp_qHKSrI0_0.mp4,ZVp_qHKSrI0,81573958,81569294,9,29864650022
SportsShot,videos/train/basketball.zip,30655241329,train,basketball,v_ZVp_qHKSrI0_1.mp4,ZVp_qHKSrI0,79374341,79369495,9,29946219365
SportsShot,videos/train/basketball.zip,30655241329,train,basketball,v_ZVp_qHKSrI0_2.mp4,ZVp_qHKSrI0,79287523,79284387,9,30025588909
SportsShot,videos/train/basketball.zip,30655241329,train,basketball,v_ZVp_qHKSrI0_3.mp4,ZVp_qHKSrI0,74722090,74717260,9,30104873345
SportsShot,videos/train/basketball.zip,30655241329,train,basketball,v_ZVp_qHKSrI0_4.mp4,ZVp_qHKSrI0,73722851,73720368,9,30179590654
SportsShot,videos/train/basketball.zip,30655241329,train,basketball,v_ZVp_qHKSrI0_5.mp4,ZVp_qHKSrI0,78654492,78649115,9,30253311071
SportsShot,videos/train/basketball.zip,30655241329,train,basketball,v_ZVp_qHKSrI0_6.mp4,ZVp_qHKSrI0,75533941,75529942,9,30331960235
SportsShot,videos/train/basketball.zip,30655241329,train,basketball,v_ZVp_qHKSrI0_7.mp4,ZVp_qHKSrI0,80995613,80992999,9,30407490226
SportsShot,videos/train/basketball.zip,30655241329,train,basketball,v_ZVp_qHKSrI0_8.mp4,ZVp_qHKSrI0,83219425,83216951,9,30488483274
SportsShot,videos/train/basketball.zip,30655241329,train,basketball,v_ZVp_qHKSrI0_9.mp4,ZVp_qHKSrI0,83524657,83522740,9,30571700274
SportsShot,videos/train/football.zip,42448062359,train,football,v_04WltVKrWJI_0.mp4,04WltVKrWJI,143681934,143685017,9,0
SportsShot,videos/train/football.zip,42448062359,train,football,v_04WltVKrWJI_1.mp4,04WltVKrWJI,169795635,169799216,9,143685066
SportsShot,videos/train/football.zip,42448062359,train,football,v_a-FbBlvBkSE_0.mp4,a-FbBlvBkSE,212704185,212720607,9,313484331
SportsShot,videos/train/football.zip,42448062359,train,football,v_a-FbBlvBkSE_1.mp4,a-FbBlvBkSE,209648434,209664488,9,526204987
SportsShot,videos/train/football.zip,42448062359,train,football,v_a-FbBlvBkSE_2.mp4,a-FbBlvBkSE,197376988,197390898,9,735869524
SportsShot,videos/train/football.zip,42448062359,train,football,v_a-FbBlvBkSE_3.mp4,a-FbBlvBkSE,152044410,152055425,9,933260471
SportsShot,videos/train/football.zip,42448062359,train,football,v_aKWm9uA2PmU_0.mp4,aKWm9uA2PmU,146263204,146270000,9,1085315945
SportsShot,videos/train/football.zip,42448062359,train,football,v_aKWm9uA2PmU_1.mp4,aKWm9uA2PmU,173944973,173955658,9,1231585994
SportsShot,videos/train/football.zip,42448062359,train,football,v_aKWm9uA2PmU_2.mp4,aKWm9uA2PmU,130770372,130777252,9,1405541701
SportsShot,videos/train/football.zip,42448062359,train,football,v_aKWm9uA2PmU_3.mp4,aKWm9uA2PmU,124463931,124467722,9,1536319002
SportsShot,videos/train/football.zip,42448062359,train,football,v_aKWm9uA2PmU_4.mp4,aKWm9uA2PmU,117890637,117896745,9,1660786773
SportsShot,videos/train/football.zip,42448062359,train,football,v_aKWm9uA2PmU_5.mp4,aKWm9uA2PmU,165822072,165831636,9,1778683567
SportsShot,videos/train/football.zip,42448062359,train,football,v_aKWm9uA2PmU_6.mp4,aKWm9uA2PmU,128787568,128792659,9,1944515252
SportsShot,videos/train/football.zip,42448062359,train,football,v_aKWm9uA2PmU_7.mp4,aKWm9uA2PmU,144564869,144572885,9,2073307960
SportsShot,videos/train/football.zip,42448062359,train,football,v_aKWm9uA2PmU_8.mp4,aKWm9uA2PmU,124785521,124791811,9,2217880894
SportsShot,videos/train/football.zip,42448062359,train,football,v_aKWm9uA2PmU_9.mp4,aKWm9uA2PmU,133460213,133466675,9,2342672754
SportsShot,videos/train/football.zip,42448062359,train,football,v_aP8NtVtnp4Y_0.mp4,aP8NtVtnp4Y,161888361,161890921,9,2476139478
SportsShot,videos/train/football.zip,42448062359,train,football,v_aQawj_MHBu0_0.mp4,aQawj_MHBu0,183714372,183726835,9,2638030448
SportsShot,videos/train/football.zip,42448062359,train,football,v_aQawj_MHBu0_1.mp4,aQawj_MHBu0,185365562,185377044,9,2821757332
SportsShot,videos/train/football.zip,42448062359,train,football,v_aQawj_MHBu0_2.mp4,aQawj_MHBu0,138809753,138815817,9,3007134425
SportsShot,videos/train/football.zip,42448062359,train,football,v_aQawj_MHBu0_3.mp4,aQawj_MHBu0,169751518,169759342,9,3145950291
SportsShot,videos/train/football.zip,42448062359,train,football,v_aQawj_MHBu0_4.mp4,aQawj_MHBu0,174526493,174537420,9,3315709682
SportsShot,videos/train/football.zip,42448062359,train,football,v_aQawj_MHBu0_5.mp4,aQawj_MHBu0,212560870,212569341,9,3490247151
SportsShot,videos/train/football.zip,42448062359,train,football,v_aQawj_MHBu0_6.mp4,aQawj_MHBu0,189380674,189389155,9,3702816541
SportsShot,videos/train/football.zip,42448062359,train,football,v_Bo-kfNR027s_0.mp4,Bo-kfNR027s,125023720,125026410,9,3892205745
SportsShot,videos/train/football.zip,42448062359,train,football,v_Bo-kfNR027s_1.mp4,Bo-kfNR027s,140765507,140770248,9,4017232204
SportsShot,videos/train/football.zip,42448062359,train,football,v_Bo-kfNR027s_2.mp4,Bo-kfNR027s,145175277,145179835,9,4158002501
SportsShot,videos/train/football.zip,42448062359,train,football,v_Bo-kfNR027s_3.mp4,Bo-kfNR027s,115015781,115020516,9,4303182385
SportsShot,videos/train/football.zip,42448062359,train,football,v_COtwS_2SWIo_0.mp4,COtwS_2SWIo,201133878,201145506,9,4418202950
SportsShot,videos/train/football.zip,42448062359,train,football,v_COtwS_2SWIo_1.mp4,COtwS_2SWIo,167833571,167843138,9,4619348505
SportsShot,videos/train/football.zip,42448062359,train,football,v_COtwS_2SWIo_2.mp4,COtwS_2SWIo,127646288,127654278,9,4787191692
SportsShot,videos/train/football.zip,42448062359,train,football,v_COtwS_2SWIo_3.mp4,COtwS_2SWIo,152218719,152226700,9,4914846019
SportsShot,videos/train/football.zip,42448062359,train,football,v_COtwS_2SWIo_4.mp4,COtwS_2SWIo,205021434,205033721,9,5067072768
SportsShot,videos/train/football.zip,42448062359,train,football,v_COtwS_2SWIo_5.mp4,COtwS_2SWIo,171914848,171925288,9,5272106538
SportsShot,videos/train/football.zip,42448062359,train,football,v_COtwS_2SWIo_6.mp4,COtwS_2SWIo,198356351,198369778,9,5444031875
SportsShot,videos/train/football.zip,42448062359,train,football,v_COtwS_2SWIo_7.mp4,COtwS_2SWIo,142780917,142789639,9,5642401702
SportsShot,videos/train/football.zip,42448062359,train,football,v_COtwS_2SWIo_8.mp4,COtwS_2SWIo,147279522,147289076,9,5785191390
SportsShot,videos/train/football.zip,42448062359,train,football,v_COtwS_2SWIo_9.mp4,COtwS_2SWIo,208393054,208405245,9,5932480515
SportsShot,videos/train/football.zip,42448062359,train,football,v_DjtFlW2eHFI_0.mp4,DjtFlW2eHFI,186437787,186443530,9,6140885809
SportsShot,videos/train/football.zip,42448062359,train,football,v_DjtFlW2eHFI_1.mp4,DjtFlW2eHFI,166688069,166689912,9,6327329388
SportsShot,videos/train/football.zip,42448062359,train,football,v_DjtFlW2eHFI_2.mp4,DjtFlW2eHFI,239987876,239997623,9,6494019349
SportsShot,videos/train/football.zip,42448062359,train,football,v_DjtFlW2eHFI_3.mp4,DjtFlW2eHFI,205532426,205540278,9,6734017021
SportsShot,videos/train/football.zip,42448062359,train,football,v_DjtFlW2eHFI_4.mp4,DjtFlW2eHFI,167797419,167801814,9,6939557348
SportsShot,videos/train/football.zip,42448062359,train,football,v_DjtFlW2eHFI_5.mp4,DjtFlW2eHFI,169277179,169280480,9,7107359211
SportsShot,videos/train/football.zip,42448062359,train,football,v_DjtFlW2eHFI_6.mp4,DjtFlW2eHFI,213304997,213312097,9,7276639740
SportsShot,videos/train/football.zip,42448062359,train,football,v_DjtFlW2eHFI_7.mp4,DjtFlW2eHFI,224770356,224775580,9,7489951886
SportsShot,videos/train/football.zip,42448062359,train,football,v_DjtFlW2eHFI_8.mp4,DjtFlW2eHFI,229817470,229823659,9,7714727515
SportsShot,videos/train/football.zip,42448062359,train,football,v_DjtFlW2eHFI_9.mp4,DjtFlW2eHFI,188680100,188684658,9,7944551223
SportsShot,videos/train/football.zip,42448062359,train,football,v_-dMUS33I6T8_0.mp4,-dMUS33I6T8,188551969,188562150,9,8133235930
SportsShot,videos/train/football.zip,42448062359,train,football,v_-dMUS33I6T8_1.mp4,-dMUS33I6T8,172151836,172162737,9,8321798129
SportsShot,videos/train/football.zip,42448062359,train,football,v_dw7LOz17Omg_0.mp4,dw7LOz17Omg,130695299,130700568,9,8493960915
SportsShot,videos/train/football.zip,42448062359,train,football,v_dw7LOz17Omg_1.mp4,dw7LOz17Omg,174354062,174364797,9,8624661532
SportsShot,videos/train/football.zip,42448062359,train,football,v_dw7LOz17Omg_2.mp4,dw7LOz17Omg,149730211,149735663,9,8799026378
SportsShot,videos/train/football.zip,42448062359,train,football,v_dw7LOz17Omg_3.mp4,dw7LOz17Omg,237244639,237259971,9,8948762090
SportsShot,videos/train/football.zip,42448062359,train,football,v_dw7LOz17Omg_4.mp4,dw7LOz17Omg,256094008,256113137,9,9186022110
SportsShot,videos/train/football.zip,42448062359,train,football,v_dw7LOz17Omg_5.mp4,dw7LOz17Omg,264677031,264695510,9,9442135296
SportsShot,videos/train/football.zip,42448062359,train,football,v_dw7LOz17Omg_6.mp4,dw7LOz17Omg,201133154,201146628,9,9706830855
SportsShot,videos/train/football.zip,42448062359,train,football,v_dw7LOz17Omg_7.mp4,dw7LOz17Omg,194536461,194550450,9,9907977532
SportsShot,videos/train/football.zip,42448062359,train,football,v_dw7LOz17Omg_8.mp4,dw7LOz17Omg,186455585,186469364,9,10102528031
SportsShot,videos/train/football.zip,42448062359,train,football,v_dw7LOz17Omg_9.mp4,dw7LOz17Omg,248057271,248076570,9,10288997444
SportsShot,videos/train/football.zip,42448062359,train,football,v_DWYKhbawzQ8_0.mp4,DWYKhbawzQ8,149007103,149015213,9,10537074063
SportsShot,videos/train/football.zip,42448062359,train,football,v_DWYKhbawzQ8_1.mp4,DWYKhbawzQ8,148161632,148167652,9,10686089325
SportsShot,videos/train/football.zip,42448062359,train,football,v_ervkVzoFJ5w_0.mp4,ervkVzoFJ5w,261219006,261231877,9,10834257026
SportsShot,videos/train/football.zip,42448062359,train,football,v_ervkVzoFJ5w_1.mp4,ervkVzoFJ5w,174413720,174424367,9,11095488952
SportsShot,videos/train/football.zip,42448062359,train,football,v_ervkVzoFJ5w_2.mp4,ervkVzoFJ5w,187200927,187212214,9,11269913368
SportsShot,videos/train/football.zip,42448062359,train,football,v_ervkVzoFJ5w_3.mp4,ervkVzoFJ5w,195552954,195568117,9,11457125631
SportsShot,videos/train/football.zip,42448062359,train,football,v_ervkVzoFJ5w_4.mp4,ervkVzoFJ5w,238240917,238255684,9,11652693797
SportsShot,videos/train/football.zip,42448062359,train,football,v_ervkVzoFJ5w_5.mp4,ervkVzoFJ5w,184774211,184786035,9,11890949530
SportsShot,videos/train/football.zip,42448062359,train,football,v_ervkVzoFJ5w_6.mp4,ervkVzoFJ5w,237873966,237888100,9,12075735614
SportsShot,videos/train/football.zip,42448062359,train,football,v_ervkVzoFJ5w_7.mp4,ervkVzoFJ5w,171870774,171883132,9,12313623763
SportsShot,videos/train/football.zip,42448062359,train,football,v_ervkVzoFJ5w_8.mp4,ervkVzoFJ5w,188402298,188413758,9,12485506944
SportsShot,videos/train/football.zip,42448062359,train,football,v_ervkVzoFJ5w_9.mp4,ervkVzoFJ5w,260453915,260468063,9,12673920751
SportsShot,videos/train/football.zip,42448062359,train,football,v_FizVUH-SyP4_0.mp4,FizVUH-SyP4,122251339,122258168,9,12934388863
SportsShot,videos/train/football.zip,42448062359,train,football,v_FizVUH-SyP4_1.mp4,FizVUH-SyP4,141341424,141349004,9,13056647080
SportsShot,videos/train/football.zip,42448062359,train,football,v_FizVUH-SyP4_2.mp4,FizVUH-SyP4,170335296,170344224,9,13197996133
SportsShot,videos/train/football.zip,42448062359,train,football,v_FizVUH-SyP4_3.mp4,FizVUH-SyP4,172256926,172267570,9,13368340406
SportsShot,videos/train/football.zip,42448062359,train,football,v_foGDoBblREI_0.mp4,foGDoBblREI,240080316,240099761,9,13540608025
SportsShot,videos/train/football.zip,42448062359,train,football,v_foGDoBblREI_1.mp4,foGDoBblREI,183193571,183206578,9,13780707835
SportsShot,videos/train/football.zip,42448062359,train,football,v_foGDoBblREI_2.mp4,foGDoBblREI,215877930,215896295,9,13963914462
SportsShot,videos/train/football.zip,42448062359,train,football,v_foGDoBblREI_3.mp4,foGDoBblREI,253655455,253675818,9,14179810806
SportsShot,videos/train/football.zip,42448062359,train,football,v_foGDoBblREI_4.mp4,foGDoBblREI,278820130,278841132,9,14433486673
SportsShot,videos/train/football.zip,42448062359,train,football,v_foGDoBblREI_5.mp4,foGDoBblREI,222544257,222563195,9,14712327854
SportsShot,videos/train/football.zip,42448062359,train,football,v_foGDoBblREI_6.mp4,foGDoBblREI,228961528,228980766,9,14934891098
SportsShot,videos/train/football.zip,42448062359,train,football,v_GGhhbMOp6yY_0.mp4,GGhhbMOp6yY,209120920,209135944,9,15163871913
SportsShot,videos/train/football.zip,42448062359,train,football,v_GGhhbMOp6yY_1.mp4,GGhhbMOp6yY,252531075,252550363,9,15373007906
SportsShot,videos/train/football.zip,42448062359,train,football,v_GGhhbMOp6yY_2.mp4,GGhhbMOp6yY,271242269,271261728,9,15625558318
SportsShot,videos/train/football.zip,42448062359,train,football,v_GGhhbMOp6yY_3.mp4,GGhhbMOp6yY,221360185,221376446,9,15896820095
SportsShot,videos/train/football.zip,42448062359,train,football,v_GGhhbMOp6yY_4.mp4,GGhhbMOp6yY,209254128,209271247,9,16118196590
SportsShot,videos/train/football.zip,42448062359,train,football,v_GGhhbMOp6yY_5.mp4,GGhhbMOp6yY,218244686,218259730,9,16327467886
SportsShot,videos/train/football.zip,42448062359,train,football,v_GGhhbMOp6yY_6.mp4,GGhhbMOp6yY,192246126,192258714,9,16545727665
SportsShot,videos/train/football.zip,42448062359,train,football,v_gLZ4F6tU8M4_0.mp4,gLZ4F6tU8M4,144161606,144170348,9,16737986428
SportsShot,videos/train/football.zip,42448062359,train,football,v_gLZ4F6tU8M4_1.mp4,gLZ4F6tU8M4,136113392,136122146,9,16882156825
SportsShot,videos/train/football.zip,42448062359,train,football,v_gLZ4F6tU8M4_2.mp4,gLZ4F6tU8M4,152046808,152054687,9,17018279020
SportsShot,videos/train/football.zip,42448062359,train,football,v_gLZ4F6tU8M4_3.mp4,gLZ4F6tU8M4,202160778,202176195,9,17170333756
SportsShot,videos/train/football.zip,42448062359,train,football,v_gLZ4F6tU8M4_4.mp4,gLZ4F6tU8M4,128653755,128661076,9,17372510000
SportsShot,videos/train/football.zip,42448062359,train,football,v_gLZ4F6tU8M4_5.mp4,gLZ4F6tU8M4,143235411,143246332,9,17501171125
SportsShot,videos/train/football.zip,42448062359,train,football,v_GpcRHJ19iiI_0.mp4,GpcRHJ19iiI,161406886,161419930,9,17644417506
SportsShot,videos/train/football.zip,42448062359,train,football,v_GpcRHJ19iiI_1.mp4,GpcRHJ19iiI,198986706,198999581,9,17805837485
SportsShot,videos/train/football.zip,42448062359,train,football,v_GpcRHJ19iiI_2.mp4,GpcRHJ19iiI,184829452,184843513,9,18004837115
SportsShot,videos/train/football.zip,42448062359,train,football,v_GpcRHJ19iiI_3.mp4,GpcRHJ19iiI,199443331,199457084,9,18189680677
SportsShot,videos/train/football.zip,42448062359,train,football,v_GpcRHJ19iiI_4.mp4,GpcRHJ19iiI,168465278,168479058,9,18389137810
SportsShot,videos/train/football.zip,42448062359,train,football,v_GpcRHJ19iiI_5.mp4,GpcRHJ19iiI,184078931,184091510,9,18557616917
SportsShot,videos/train/football.zip,42448062359,train,football,v_gQNyhv8y0QY_0.mp4,gQNyhv8y0QY,184512351,184525291,9,18741708476
SportsShot,videos/train/football.zip,42448062359,train,football,v_gQNyhv8y0QY_1.mp4,gQNyhv8y0QY,186077508,186093396,9,18926233816
SportsShot,videos/train/football.zip,42448062359,train,football,v_gQNyhv8y0QY_2.mp4,gQNyhv8y0QY,198506112,198517790,9,19112327261
SportsShot,videos/train/football.zip,42448062359,train,football,v_gQNyhv8y0QY_3.mp4,gQNyhv8y0QY,204821706,204837877,9,19310845100
SportsShot,videos/train/football.zip,42448062359,train,football,v_gQNyhv8y0QY_4.mp4,gQNyhv8y0QY,219785381,219802594,9,19515683026
SportsShot,videos/train/football.zip,42448062359,train,football,v_gQNyhv8y0QY_5.mp4,gQNyhv8y0QY,155178068,155189109,9,19735485669
SportsShot,videos/train/football.zip,42448062359,train,football,v_gQNyhv8y0QY_6.mp4,gQNyhv8y0QY,244110070,244128382,9,19890674827
SportsShot,videos/train/football.zip,42448062359,train,football,v_G-vNjfx1GGc_0.mp4,G-vNjfx1GGc,179709671,179723709,9,20134803258
SportsShot,videos/train/football.zip,42448062359,train,football,v_G-vNjfx1GGc_1.mp4,G-vNjfx1GGc,183568450,183582777,9,20314527016
SportsShot,videos/train/football.zip,42448062359,train,football,v_G-vNjfx1GGc_2.mp4,G-vNjfx1GGc,219215389,219232778,9,20498109842
SportsShot,videos/train/football.zip,42448062359,train,football,v_G-vNjfx1GGc_3.mp4,G-vNjfx1GGc,164562978,164575572,9,20717342669
SportsShot,videos/train/football.zip,42448062359,train,football,v_G-vNjfx1GGc_4.mp4,G-vNjfx1GGc,175194269,175207957,9,20881918290
SportsShot,videos/train/football.zip,42448062359,train,football,v_G-vNjfx1GGc_5.mp4,G-vNjfx1GGc,195310350,195326802,9,21057126296
SportsShot,videos/train/football.zip,42448062359,train,football,v_G-vNjfx1GGc_7.mp4,G-vNjfx1GGc,253893620,253913182,9,21252453147
SportsShot,videos/train/football.zip,42448062359,train,football,v_G-vNjfx1GGc_9.mp4,G-vNjfx1GGc,219426119,219442768,9,21506366378
SportsShot,videos/train/football.zip,42448062359,train,football,v_HdiyOtliFiw_0.mp4,HdiyOtliFiw,257955242,257977918,9,21725809195
SportsShot,videos/train/football.zip,42448062359,train,football,v_HdiyOtliFiw_1.mp4,HdiyOtliFiw,177560411,177569948,9,21983787162
SportsShot,videos/train/football.zip,42448062359,train,football,v_HdiyOtliFiw_2.mp4,HdiyOtliFiw,195986238,196001412,9,22161357159
SportsShot,videos/train/football.zip,42448062359,train,football,v_HdiyOtliFiw_3.mp4,HdiyOtliFiw,182746353,182759167,9,22357358620
SportsShot,videos/train/football.zip,42448062359,train,football,v_HdiyOtliFiw_4.mp4,HdiyOtliFiw,156179667,156187532,9,22540117836
SportsShot,videos/train/football.zip,42448062359,train,football,v_HdiyOtliFiw_5.mp4,HdiyOtliFiw,164455860,164467117,9,22696305417
SportsShot,videos/train/football.zip,42448062359,train,football,v_HPlVmbGp_WA_0.mp4,HPlVmbGp_WA,168775067,168783526,9,22860772583
SportsShot,videos/train/football.zip,42448062359,train,football,v_HPlVmbGp_WA_1.mp4,HPlVmbGp_WA,184817384,184828853,9,23029556158
SportsShot,videos/train/football.zip,42448062359,train,football,v_i2_L4qquVg0_0.mp4,i2_L4qquVg0,142194129,142201925,9,23214385060
SportsShot,videos/train/football.zip,42448062359,train,football,v_i2_L4qquVg0_1.mp4,i2_L4qquVg0,142476847,142482806,9,23356587034
SportsShot,videos/train/football.zip,42448062359,train,football,v_i2_L4qquVg0_2.mp4,i2_L4qquVg0,198253510,198264492,9,23499069889
SportsShot,videos/train/football.zip,42448062359,train,football,v_i2_L4qquVg0_3.mp4,i2_L4qquVg0,218390041,218402560,9,23697334430
SportsShot,videos/train/football.zip,42448062359,train,football,v_i2_L4qquVg0_4.mp4,i2_L4qquVg0,133102414,133109703,9,23915737039
SportsShot,videos/train/football.zip,42448062359,train,football,v_i2_L4qquVg0_5.mp4,i2_L4qquVg0,215231972,215247193,9,24048846791
SportsShot,videos/train/football.zip,42448062359,train,football,v_iF9bKPWdZlc_0.mp4,iF9bKPWdZlc,197324081,197337523,9,24264094033
SportsShot,videos/train/football.zip,42448062359,train,football,v_iF9bKPWdZlc_1.mp4,iF9bKPWdZlc,162529371,162539612,9,24461431605
SportsShot,videos/train/football.zip,42448062359,train,football,v_iF9bKPWdZlc_2.mp4,iF9bKPWdZlc,132009182,132015462,9,24623971266
SportsShot,videos/train/football.zip,42448062359,train,football,v_iF9bKPWdZlc_3.mp4,iF9bKPWdZlc,148017064,148025872,9,24755986777
SportsShot,videos/train/football.zip,42448062359,train,football,v_iIxMOsCGH58_0.mp4,iIxMOsCGH58,131072523,131076008,9,24904012698
SportsShot,videos/train/football.zip,42448062359,train,football,v_IOeGNAMz2ek_0.mp4,IOeGNAMz2ek,162961540,162971338,9,25035088755
SportsShot,videos/train/football.zip,42448062359,train,football,v_IOeGNAMz2ek_1.mp4,IOeGNAMz2ek,192118118,192127936,9,25198060142
SportsShot,videos/train/football.zip,42448062359,train,football,v_IOeGNAMz2ek_2.mp4,IOeGNAMz2ek,211230993,211243870,9,25390188127
SportsShot,videos/train/football.zip,42448062359,train,football,v_IOeGNAMz2ek_3.mp4,IOeGNAMz2ek,170339251,170346301,9,25601432046
SportsShot,videos/train/football.zip,42448062359,train,football,v_IOeGNAMz2ek_4.mp4,IOeGNAMz2ek,155829243,155837608,9,25771778396
SportsShot,videos/train/football.zip,42448062359,train,football,v_IOeGNAMz2ek_5.mp4,IOeGNAMz2ek,191982378,191991401,9,25927616053
SportsShot,videos/train/football.zip,42448062359,train,football,v_IOeGNAMz2ek_6.mp4,IOeGNAMz2ek,141368464,141374370,9,26119607503
SportsShot,videos/train/football.zip,42448062359,train,football,v_IOeGNAMz2ek_7.mp4,IOeGNAMz2ek,146697353,146704895,9,26260981922
SportsShot,videos/train/football.zip,42448062359,train,football,v_iSigwjYtXb4_0.mp4,iSigwjYtXb4,150609922,150618996,9,26407686866
SportsShot,videos/train/football.zip,42448062359,train,football,v_iSigwjYtXb4_1.mp4,iSigwjYtXb4,134530867,134539381,9,26558305911
SportsShot,videos/train/football.zip,42448062359,train,football,v_iSigwjYtXb4_2.mp4,iSigwjYtXb4,172437695,172451103,9,26692845341
SportsShot,videos/train/football.zip,42448062359,train,football,v_iSigwjYtXb4_3.mp4,iSigwjYtXb4,241921410,241943799,9,26865296493
SportsShot,videos/train/football.zip,42448062359,train,football,v_iSigwjYtXb4_4.mp4,iSigwjYtXb4,245655093,245674945,9,27107240341
SportsShot,videos/train/football.zip,42448062359,train,football,v_iSigwjYtXb4_5.mp4,iSigwjYtXb4,181596477,181609044,9,27352915335
SportsShot,videos/train/football.zip,42448062359,train,football,v_iSigwjYtXb4_6.mp4,iSigwjYtXb4,226312080,226332668,9,27534524428
SportsShot,videos/train/football.zip,42448062359,train,football,v_iSigwjYtXb4_7.mp4,iSigwjYtXb4,199717918,199735097,9,27760857145
SportsShot,videos/train/football.zip,42448062359,train,football,v_ITo3sCnpw_k_0.mp4,ITo3sCnpw_k,226027617,226043150,9,27960592291
SportsShot,videos/train/football.zip,42448062359,train,football,v_ITo3sCnpw_k_1.mp4,ITo3sCnpw_k,221437900,221452412,9,28186635490
SportsShot,videos/train/football.zip,42448062359,train,football,v_ITo3sCnpw_k_2.mp4,ITo3sCnpw_k,224138917,224151074,9,28408087951
SportsShot,videos/train/football.zip,42448062359,train,football,v_ITo3sCnpw_k_3.mp4,ITo3sCnpw_k,182074888,182086103,9,28632239074
SportsShot,videos/train/football.zip,42448062359,train,football,v_ITo3sCnpw_k_4.mp4,ITo3sCnpw_k,225324098,225341234,9,28814325226
SportsShot,videos/train/football.zip,42448062359,train,football,v_ITo3sCnpw_k_5.mp4,ITo3sCnpw_k,159915713,159926889,9,29039666509
SportsShot,videos/train/football.zip,42448062359,train,football,v_ITo3sCnpw_k_6.mp4,ITo3sCnpw_k,209467879,209482055,9,29199593447
SportsShot,videos/train/football.zip,42448062359,train,football,v_ITo3sCnpw_k_7.mp4,ITo3sCnpw_k,143900439,143906911,9,29409075551
SportsShot,videos/train/football.zip,42448062359,train,football,v_ITo3sCnpw_k_8.mp4,ITo3sCnpw_k,180507943,180519796,9,29552982511
SportsShot,videos/train/football.zip,42448062359,train,football,v_ITo3sCnpw_k_9.mp4,ITo3sCnpw_k,201013424,201026346,9,29733502356
SportsShot,videos/train/football.zip,42448062359,train,football,v_IW0q3RA_O7g_0.mp4,IW0q3RA_O7g,139923993,139927297,9,29934528751
SportsShot,videos/train/football.zip,42448062359,train,football,v_IW0q3RA_O7g_1.mp4,IW0q3RA_O7g,131011895,131015206,9,30074456097
SportsShot,videos/train/football.zip,42448062359,train,football,v_IW0q3RA_O7g_2.mp4,IW0q3RA_O7g,128706102,128711344,9,30205471352
SportsShot,videos/train/football.zip,42448062359,train,football,v_IW0q3RA_O7g_3.mp4,IW0q3RA_O7g,155381598,155387283,9,30334182745
SportsShot,videos/train/football.zip,42448062359,train,football,v_iwocFggCXcA_0.mp4,iwocFggCXcA,142967732,142972097,9,30489570077
SportsShot,videos/train/football.zip,42448062359,train,football,v_iwocFggCXcA_1.mp4,iwocFggCXcA,171823364,171830627,9,30632542223
SportsShot,videos/train/football.zip,42448062359,train,football,v_iwocFggCXcA_2.mp4,iwocFggCXcA,148274063,148273030,9,30804372899
SportsShot,videos/train/football.zip,42448062359,train,football,v_iwocFggCXcA_3.mp4,iwocFggCXcA,185809681,185816633,9,30952645978
SportsShot,videos/train/football.zip,42448062359,train,football,v_J5X35yHt878_0.mp4,J5X35yHt878,85039169,85032998,9,31138462660
SportsShot,videos/train/football.zip,42448062359,train,football,v_J5X35yHt878_1.mp4,J5X35yHt878,95426239,95419510,9,31223495707
SportsShot,videos/train/football.zip,42448062359,train,football,v_J5X35yHt878_2.mp4,J5X35yHt878,124544160,124539866,9,31318915266
SportsShot,videos/train/football.zip,42448062359,train,football,v_J5X35yHt878_3.mp4,J5X35yHt878,126372323,126371285,9,31443455181
SportsShot,videos/train/football.zip,42448062359,train,football,v_kEyqyYJhIIg_0.mp4,kEyqyYJhIIg,126996545,126998262,9,31569826515
SportsShot,videos/train/football.zip,42448062359,train,football,v_kEyqyYJhIIg_1.mp4,kEyqyYJhIIg,119592266,119593858,9,31696824826
SportsShot,videos/train/football.zip,42448062359,train,football,v_kEyqyYJhIIg_2.mp4,kEyqyYJhIIg,152226916,152230301,9,31816418733
SportsShot,videos/train/football.zip,42448062359,train,football,v_kEyqyYJhIIg_3.mp4,kEyqyYJhIIg,151486685,151490749,9,31968649083
SportsShot,videos/train/football.zip,42448062359,train,football,v_kEyqyYJhIIg_4.mp4,kEyqyYJhIIg,163244070,163250089,9,32120139881
SportsShot,videos/train/football.zip,42448062359,train,football,v_kEyqyYJhIIg_5.mp4,kEyqyYJhIIg,174335309,174340829,9,32283390019
SportsShot,videos/train/football.zip,42448062359,train,football,v_kmVupQGvUbY_0.mp4,kmVupQGvUbY,129866869,129867875,9,32457730897
SportsShot,videos/train/football.zip,42448062359,train,football,v_kmVupQGvUbY_1.mp4,kmVupQGvUbY,125272648,125273204,9,32587598821
SportsShot,videos/train/football.zip,42448062359,train,football,v_kmVupQGvUbY_2.mp4,kmVupQGvUbY,117876590,117880164,9,32712872074
SportsShot,videos/train/football.zip,42448062359,train,football,v_KxBv_sS443w_0.mp4,KxBv_sS443w,116870692,116873564,9,32830752287
SportsShot,videos/train/football.zip,42448062359,train,football,v_KxBv_sS443w_1.mp4,KxBv_sS443w,171735873,171741467,9,32947625900
SportsShot,videos/train/football.zip,42448062359,train,football,v_KxBv_sS443w_2.mp4,KxBv_sS443w,153134514,153139350,9,33119367416
SportsShot,videos/train/football.zip,42448062359,train,football,v_KxBv_sS443w_3.mp4,KxBv_sS443w,141846999,141854302,9,33272506815
SportsShot,videos/train/football.zip,42448062359,train,football,v_KXdVpPYU1As_0.mp4,KXdVpPYU1As,162795594,162802596,9,33414361166
SportsShot,videos/train/football.zip,42448062359,train,football,v_KXdVpPYU1As_1.mp4,KXdVpPYU1As,157623532,157629921,9,33577163811
SportsShot,videos/train/football.zip,42448062359,train,football,v_KXdVpPYU1As_2.mp4,KXdVpPYU1As,192491330,192501511,9,33734793781
SportsShot,videos/train/football.zip,42448062359,train,football,v_LfJMPSrKwuc_0.mp4,LfJMPSrKwuc,210375757,210384102,9,33927295341
SportsShot,videos/train/football.zip,42448062359,train,football,v_LfJMPSrKwuc_1.mp4,LfJMPSrKwuc,192537370,192543560,9,34137679492
SportsShot,videos/train/football.zip,42448062359,train,football,v_Lv217AejzQg_0.mp4,Lv217AejzQg,156110663,156117750,9,34330223101
SportsShot,videos/train/football.zip,42448062359,train,football,v_Lv217AejzQg_1.mp4,Lv217AejzQg,115611125,115617213,9,34486340900
SportsShot,videos/train/football.zip,42448062359,train,football,v_Lv217AejzQg_2.mp4,Lv217AejzQg,117783132,117788155,9,34601958162
SportsShot,videos/train/football.zip,42448062359,train,football,v_Lv217AejzQg_3.mp4,Lv217AejzQg,117631383,117637095,9,34719746366
SportsShot,videos/train/football.zip,42448062359,train,football,v_Lv217AejzQg_4.mp4,Lv217AejzQg,105477558,105481876,9,34837383510
SportsShot,videos/train/football.zip,42448062359,train,football,v_MA-DMtdROGY_0.mp4,MA-DMtdROGY,240330665,240350436,9,34942865435
SportsShot,videos/train/football.zip,42448062359,train,football,v_MA-DMtdROGY_1.mp4,MA-DMtdROGY,196597621,196614279,9,35183215920
SportsShot,videos/train/football.zip,42448062359,train,football,v_MA-DMtdROGY_2.mp4,MA-DMtdROGY,241841171,241859642,9,35379830248
SportsShot,videos/train/football.zip,42448062359,train,football,v_MA-DMtdROGY_3.mp4,MA-DMtdROGY,239421966,239441679,9,35621689939
SportsShot,videos/train/football.zip,42448062359,train,football,v_MA-DMtdROGY_4.mp4,MA-DMtdROGY,173281303,173294630,9,35861131667
SportsShot,videos/train/football.zip,42448062359,train,football,v_mmhZJ0h9hCU_0.mp4,mmhZJ0h9hCU,209447675,209463531,9,36034426346
SportsShot,videos/train/football.zip,42448062359,train,football,v_mmhZJ0h9hCU_1.mp4,mmhZJ0h9hCU,144682372,144693841,9,36243889926
SportsShot,videos/train/football.zip,42448062359,train,football,v_N2Yd9Pl-1Ak_0.mp4,N2Yd9Pl-1Ak,170539511,170554323,9,36388583816
SportsShot,videos/train/football.zip,42448062359,train,football,v_N2Yd9Pl-1Ak_1.mp4,N2Yd9Pl-1Ak,141420617,141430047,9,36559138188
SportsShot,videos/train/football.zip,42448062359,train,football,v_nCBFmf-_52o_0.mp4,nCBFmf-_52o,69250225,69234035,9,36700568284
SportsShot,videos/train/football.zip,42448062359,train,football,v_nCBFmf-_52o_1.mp4,nCBFmf-_52o,64843285,64831339,9,36769802368
SportsShot,videos/train/football.zip,42448062359,train,football,v_nCBFmf-_52o_2.mp4,nCBFmf-_52o,76917288,76903397,9,36834633756
SportsShot,videos/train/football.zip,42448062359,train,football,v_nCBFmf-_52o_3.mp4,nCBFmf-_52o,78507662,78495485,9,36911537202
SportsShot,videos/train/football.zip,42448062359,train,football,v_nCBFmf-_52o_4.mp4,nCBFmf-_52o,69622845,69606733,9,36990032736
SportsShot,videos/train/football.zip,42448062359,train,football,v_nCBFmf-_52o_5.mp4,nCBFmf-_52o,74157060,74141039,9,37059639518
SportsShot,videos/train/football.zip,42448062359,train,football,v_NfnMjFLF5tQ_0.mp4,NfnMjFLF5tQ,225979662,225995693,9,37133780606
SportsShot,videos/train/football.zip,42448062359,train,football,v_NfnMjFLF5tQ_1.mp4,NfnMjFLF5tQ,287533765,287552503,9,37359776348
SportsShot,videos/train/football.zip,42448062359,train,football,v_NvMmc2SlxGo_0.mp4,NvMmc2SlxGo,166654093,166658771,9,37647328900
SportsShot,videos/train/football.zip,42448062359,train,football,v_NvMmc2SlxGo_1.mp4,NvMmc2SlxGo,124120073,124124379,9,37813987720
SportsShot,videos/train/football.zip,42448062359,train,football,v_O9APtDsbUTc_0.mp4,O9APtDsbUTc,142394994,142405291,9,37938112148
SportsShot,videos/train/football.zip,42448062359,train,football,v_O9APtDsbUTc_1.mp4,O9APtDsbUTc,221372326,221386573,9,38080517488
SportsShot,videos/train/football.zip,42448062359,train,football,v_pFM34k0Enp0_0.mp4,pFM34k0Enp0,171231496,171242153,9,38301904110
SportsShot,videos/train/football.zip,42448062359,train,football,v_pFM34k0Enp0_1.mp4,pFM34k0Enp0,198053706,198068020,9,38473146312
SportsShot,videos/train/football.zip,42448062359,train,football,v_pFM34k0Enp0_2.mp4,pFM34k0Enp0,209375563,209391178,9,38671214381
SportsShot,videos/train/football.zip,42448062359,train,football,v_pFM34k0Enp0_3.mp4,pFM34k0Enp0,205318886,205334364,9,38880605608
SportsShot,videos/train/football.zip,42448062359,train,football,v_R2depVLsbAA_0.mp4,R2depVLsbAA,118947169,118947245,9,39085940021
SportsShot,videos/train/football.zip,42448062359,train,football,v_R2depVLsbAA_1.mp4,R2depVLsbAA,150903412,150908652,9,39204887315
SportsShot,videos/train/football.zip,42448062359,train,football,v_R2depVLsbAA_2.mp4,R2depVLsbAA,121795424,121797597,9,39355796016
SportsShot,videos/train/football.zip,42448062359,train,football,v_U8AcLO8xmkg_0.mp4,U8AcLO8xmkg,208185662,208196123,9,39477593662
SportsShot,videos/train/football.zip,42448062359,train,football,v_U8AcLO8xmkg_1.mp4,U8AcLO8xmkg,221919445,221935930,9,39685789834
SportsShot,videos/train/football.zip,42448062359,train,football,v_U8AcLO8xmkg_2.mp4,U8AcLO8xmkg,144513111,144520061,9,39907725813
SportsShot,videos/train/football.zip,42448062359,train,football,v_UAbX7wld9vg_0.mp4,UAbX7wld9vg,224428395,224447386,9,40052245923
SportsShot,videos/train/football.zip,42448062359,train,football,v_UAbX7wld9vg_1.mp4,UAbX7wld9vg,253710750,253733244,9,40276693358
SportsShot,videos/train/football.zip,42448062359,train,football,v_UAbX7wld9vg_2.mp4,UAbX7wld9vg,185541043,185558010,9,40530426651
SportsShot,videos/train/football.zip,42448062359,train,football,v_UAbX7wld9vg_3.mp4,UAbX7wld9vg,212458365,212476238,9,40715984710
SportsShot,videos/train/football.zip,42448062359,train,football,v_UAbX7wld9vg_4.mp4,UAbX7wld9vg,282319860,282345054,9,40928460997
SportsShot,videos/train/football.zip,42448062359,train,football,v_UAbX7wld9vg_5.mp4,UAbX7wld9vg,264798601,264817053,9,41210806100
SportsShot,videos/train/football.zip,42448062359,train,football,v_UAbX7wld9vg_6.mp4,UAbX7wld9vg,271138933,271156455,9,41475623202
SportsShot,videos/train/football.zip,42448062359,train,football,v_UJxNsLDshXM_0.mp4,UJxNsLDshXM,148134739,148141617,9,41746779706
SportsShot,videos/train/football.zip,42448062359,train,football,v_UJxNsLDshXM_1.mp4,UJxNsLDshXM,160876849,160881428,9,41894921372
SportsShot,videos/train/football.zip,42448062359,train,football,v_UJxNsLDshXM_2.mp4,UJxNsLDshXM,144342833,144347977,9,42055802849
SportsShot,videos/train/football.zip,42448062359,train,football,v_YHGxsjVmHYk_0.mp4,YHGxsjVmHYk,110650825,110650907,9,42200150875
SportsShot,videos/train/football.zip,42448062359,train,football,v_YHGxsjVmHYk_1.mp4,YHGxsjVmHYk,137237886,137242225,9,42310801831
SportsShot,videos/train/volleyball.zip,34455353367,train,volleyball,v_0kUtTtmLaJA_0.mp4,0kUtTtmLaJA,102512798,102504590,9,0
SportsShot,videos/train/volleyball.zip,34455353367,train,volleyball,v_0kUtTtmLaJA_1.mp4,0kUtTtmLaJA,83910700,83905293,9,102504639
SportsShot,videos/train/volleyball.zip,34455353367,train,volleyball,v_0kUtTtmLaJA_2.mp4,0kUtTtmLaJA,104952237,104943181,9,186409981
SportsShot,videos/train/volleyball.zip,34455353367,train,volleyball,v_0kUtTtmLaJA_3.mp4,0kUtTtmLaJA,104856273,104847010,9,291353211
SportsShot,videos/train/volleyball.zip,34455353367,train,volleyball,v_0kUtTtmLaJA_4.mp4,0kUtTtmLaJA,86038185,86031716,9,396200270
SportsShot,videos/train/volleyball.zip,34455353367,train,volleyball,v_0kUtTtmLaJA_5.mp4,0kUtTtmLaJA,88212133,88206028,9,482232035
SportsShot,videos/train/volleyball.zip,34455353367,train,volleyball,v_0kUtTtmLaJA_6.mp4,0kUtTtmLaJA,85180734,85174961,9,570438112
SportsShot,videos/train/volleyball.zip,34455353367,train,volleyball,v_0kUtTtmLaJA_7.mp4,0kUtTtmLaJA,93487997,93479796,9,655613122
SportsShot,videos/train/volleyball.zip,34455353367,train,volleyball,v_0kUtTtmLaJA_8.mp4,0kUtTtmLaJA,96213589,96206727,9,749092967
SportsShot,videos/train/volleyball.zip,34455353367,train,volleyball,v_0kUtTtmLaJA_9.mp4,0kUtTtmLaJA,85343916,85335904,9,845299743
SportsShot,videos/train/volleyball.zip,34455353367,train,volleyball,v_1LwtoLPw2TU_0.mp4,1LwtoLPw2TU,183608682,183619992,9,930635696
SportsShot,videos/train/volleyball.zip,34455353367,train,volleyball,v_1LwtoLPw2TU_1.mp4,1LwtoLPw2TU,192122477,192136908,9,1114255737
SportsShot,videos/train/volleyball.zip,34455353367,train,volleyball,v_1LwtoLPw2TU_2.mp4,1LwtoLPw2TU,179072437,179085967,9,1306392694
SportsShot,videos/train/volleyball.zip,34455353367,train,volleyball,v_1LwtoLPw2TU_3.mp4,1LwtoLPw2TU,150350500,150359652,9,1485478710
SportsShot,videos/train/volleyball.zip,34455353367,train,volleyball,v_1LwtoLPw2TU_4.mp4,1LwtoLPw2TU,204712250,204728503,9,1635838411
SportsShot,videos/train/volleyball.zip,34455353367,train,volleyball,v_1LwtoLPw2TU_5.mp4,1LwtoLPw2TU,215246949,215261658,9,1840566963
SportsShot,videos/train/volleyball.zip,34455353367,train,volleyball,v_1LwtoLPw2TU_6.mp4,1LwtoLPw2TU,188105307,188118921,9,2055828670
SportsShot,videos/train/volleyball.zip,34455353367,train,volleyball,v_1LwtoLPw2TU_7.mp4,1LwtoLPw2TU,194904218,194918919,9,2243947640
SportsShot,videos/train/volleyball.zip,34455353367,train,volleyball,v_1LwtoLPw2TU_8.mp4,1LwtoLPw2TU,198580592,198593890,9,2438866608
SportsShot,videos/train/volleyball.zip,34455353367,train,volleyball,v_1LwtoLPw2TU_9.mp4,1LwtoLPw2TU,190189427,190201404,9,2637460547
SportsShot,videos/train/volleyball.zip,34455353367,train,volleyball,v_2Dnx8BpgUEs_0.mp4,2Dnx8BpgUEs,157584589,157594020,9,2827662000
SportsShot,videos/train/volleyball.zip,34455353367,train,volleyball,v_2Dnx8BpgUEs_1.mp4,2Dnx8BpgUEs,200549813,200567215,9,2985256069
SportsShot,videos/train/volleyball.zip,34455353367,train,volleyball,v_2Dnx8BpgUEs_2.mp4,2Dnx8BpgUEs,177128695,177141359,9,3185823333
SportsShot,videos/train/volleyball.zip,34455353367,train,volleyball,v_2Dnx8BpgUEs_3.mp4,2Dnx8BpgUEs,169992947,170003845,9,3362964741
SportsShot,videos/train/volleyball.zip,34455353367,train,volleyball,v_2Dnx8BpgUEs_4.mp4,2Dnx8BpgUEs,138748838,138755722,9,3532968635
SportsShot,videos/train/volleyball.zip,34455353367,train,volleyball,v_2Dnx8BpgUEs_5.mp4,2Dnx8BpgUEs,161671478,161681324,9,3671724406
SportsShot,videos/train/volleyball.zip,34455353367,train,volleyball,v_2Dnx8BpgUEs_6.mp4,2Dnx8BpgUEs,207681550,207697874,9,3833405779
SportsShot,videos/train/volleyball.zip,34455353367,train,volleyball,v_2Dnx8BpgUEs_7.mp4,2Dnx8BpgUEs,172199224,172213935,9,4041103702
SportsShot,videos/train/volleyball.zip,34455353367,train,volleyball,v_2Dnx8BpgUEs_8.mp4,2Dnx8BpgUEs,197408680,197425192,9,4213317686
SportsShot,videos/train/volleyball.zip,34455353367,train,volleyball,v_2Dnx8BpgUEs_9.mp4,2Dnx8BpgUEs,176602495,176614536,9,4410742927
SportsShot,videos/train/volleyball.zip,34455353367,train,volleyball,v_40LoqcP0C1k_0.mp4,40LoqcP0C1k,72881075,72868570,9,4587357512
SportsShot,videos/train/volleyball.zip,34455353367,train,volleyball,v_40LoqcP0C1k_1.mp4,40LoqcP0C1k,67857203,67846687,9,4660226131
SportsShot,videos/train/volleyball.zip,34455353367,train,volleyball,v_40LoqcP0C1k_2.mp4,40LoqcP0C1k,67710219,67697855,9,4728072867
SportsShot,videos/train/volleyball.zip,34455353367,train,volleyball,v_40LoqcP0C1k_3.mp4,40LoqcP0C1k,65573757,65562030,9,4795770771
SportsShot,videos/train/volleyball.zip,34455353367,train,volleyball,v_40LoqcP0C1k_4.mp4,40LoqcP0C1k,71393006,71379051,9,4861332850
SportsShot,videos/train/volleyball.zip,34455353367,train,volleyball,v_40LoqcP0C1k_5.mp4,40LoqcP0C1k,81091010,81075965,9,4932711950
SportsShot,videos/train/volleyball.zip,34455353367,train,volleyball,v_40LoqcP0C1k_6.mp4,40LoqcP0C1k,73395263,73380699,9,5013787964
SportsShot,videos/train/volleyball.zip,34455353367,train,volleyball,v_40LoqcP0C1k_7.mp4,40LoqcP0C1k,65456915,65441980,9,5087168712
SportsShot,videos/train/volleyball.zip,34455353367,train,volleyball,v_40LoqcP0C1k_8.mp4,40LoqcP0C1k,70546271,70533761,9,5152610741
SportsShot,videos/train/volleyball.zip,34455353367,train,volleyball,v_40LoqcP0C1k_9.mp4,40LoqcP0C1k,65029024,65018797,9,5223144551
SportsShot,videos/train/volleyball.zip,34455353367,train,volleyball,v_-9DztB6pi0s_0.mp4,-9DztB6pi0s,112445652,112438897,9,5288163397
SportsShot,videos/train/volleyball.zip,34455353367,train,volleyball,v_-9DztB6pi0s_1.mp4,-9DztB6pi0s,113929068,113919582,9,5400602343
SportsShot,videos/train/volleyball.zip,34455353367,train,volleyball,v_-9DztB6pi0s_2.mp4,-9DztB6pi0s,129305200,129297901,9,5514521974
SportsShot,videos/train/volleyball.zip,34455353367,train,volleyball,v_-9DztB6pi0s_3.mp4,-9DztB6pi0s,120129764,120122865,9,5643819924
SportsShot,videos/train/volleyball.zip,34455353367,train,volleyball,v_-9DztB6pi0s_4.mp4,-9DztB6pi0s,116087310,116082497,9,5763942838
SportsShot,videos/train/volleyball.zip,34455353367,train,volleyball,v_-9DztB6pi0s_5.mp4,-9DztB6pi0s,160175262,160165314,9,5880025384
SportsShot,videos/train/volleyball.zip,34455353367,train,volleyball,v_-9DztB6pi0s_6.mp4,-9DztB6pi0s,117901738,117893656,9,6040190747
SportsShot,videos/train/volleyball.zip,34455353367,train,volleyball,v_-9DztB6pi0s_7.mp4,-9DztB6pi0s,133069968,133062459,9,6158084452
SportsShot,videos/train/volleyball.zip,34455353367,train,volleyball,v_-9DztB6pi0s_8.mp4,-9DztB6pi0s,107908389,107897470,9,6291146960
SportsShot,videos/train/volleyball.zip,34455353367,train,volleyball,v_-9DztB6pi0s_9.mp4,-9DztB6pi0s,99961700,99954802,9,6399044479
SportsShot,videos/train/volleyball.zip,34455353367,train,volleyball,v_aAb0psypDj4_0.mp4,aAb0psypDj4,215358558,215374089,9,6498999330
SportsShot,videos/train/volleyball.zip,34455353367,train,volleyball,v_aAb0psypDj4_1.mp4,aAb0psypDj4,199444563,199461149,9,6714373468
SportsShot,videos/train/volleyball.zip,34455353367,train,volleyball,v_aAb0psypDj4_2.mp4,aAb0psypDj4,269662646,269684392,9,6913834666
SportsShot,videos/train/volleyball.zip,34455353367,train,volleyball,v_aAb0psypDj4_3.mp4,aAb0psypDj4,190276007,190289184,9,7183519107
SportsShot,videos/train/volleyball.zip,34455353367,train,volleyball,v_aAb0psypDj4_4.mp4,aAb0psypDj4,234229669,234249246,9,7373808340
SportsShot,videos/train/volleyball.zip,34455353367,train,volleyball,v_aAb0psypDj4_5.mp4,aAb0psypDj4,197135455,197150262,9,7608057635
SportsShot,videos/train/volleyball.zip,34455353367,train,volleyball,v_aAb0psypDj4_6.mp4,aAb0psypDj4,204676594,204692385,9,7805207946
SportsShot,videos/train/volleyball.zip,34455353367,train,volleyball,v_aAb0psypDj4_7.mp4,aAb0psypDj4,251849590,251870311,9,8009900380
SportsShot,videos/train/volleyball.zip,34455353367,train,volleyball,v_aAb0psypDj4_8.mp4,aAb0psypDj4,227016016,227035828,9,8261770740
SportsShot,videos/train/volleyball.zip,34455353367,train,volleyball,v_aAb0psypDj4_9.mp4,aAb0psypDj4,224853398,224872122,9,8488806617
SportsShot,videos/train/volleyball.zip,34455353367,train,volleyball,v_BRvKRWsVStky_0.mp4,BRvKRWsVStky,132415765,132421914,9,8713678788
SportsShot,videos/train/volleyball.zip,34455353367,train,volleyball,v_BRvKRWsVStky_1.mp4,BRvKRWsVStky,132472282,132476947,9,8846100752
SportsShot,videos/train/volleyball.zip,34455353367,train,volleyball,v_BRvKRWsVStky_2.mp4,BRvKRWsVStky,107899836,107903297,9,8978577749
SportsShot,videos/train/volleyball.zip,34455353367,train,volleyball,v_BRvKRWsVStky_3.mp4,BRvKRWsVStky,114644732,114647076,9,9086481096
SportsShot,videos/train/volleyball.zip,34455353367,train,volleyball,v_BRvKRWsVStky_4.mp4,BRvKRWsVStky,123940020,123944141,9,9201128222
SportsShot,videos/train/volleyball.zip,34455353367,train,volleyball,v_BRvKRWsVStky_5.mp4,BRvKRWsVStky,130165162,130169512,9,9325072413
SportsShot,videos/train/volleyball.zip,34455353367,train,volleyball,v_BRvKRWsVStky_6.mp4,BRvKRWsVStky,139861823,139870226,9,9455241975
SportsShot,videos/train/volleyball.zip,34455353367,train,volleyball,v_BRvKRWsVStky_7.mp4,BRvKRWsVStky,121531368,121536853,9,9595112251
SportsShot,videos/train/volleyball.zip,34455353367,train,volleyball,v_BRvKRWsVStky_8.mp4,BRvKRWsVStky,132845211,132849284,9,9716649154
SportsShot,videos/train/volleyball.zip,34455353367,train,volleyball,v_BRvKRWsVStky_9.mp4,BRvKRWsVStky,130932992,130939983,9,9849498488
SportsShot,videos/train/volleyball.zip,34455353367,train,volleyball,v_cC2mHWqMcjk_0.mp4,cC2mHWqMcjk,90665486,90663438,9,9980438521
SportsShot,videos/train/volleyball.zip,34455353367,train,volleyball,v_cC2mHWqMcjk_1.mp4,cC2mHWqMcjk,88091883,88088953,9,10071102008
SportsShot,videos/train/volleyball.zip,34455353367,train,volleyball,v_cC2mHWqMcjk_2.mp4,cC2mHWqMcjk,106640515,106638557,9,10159191010
SportsShot,videos/train/volleyball.zip,34455353367,train,volleyball,v_cC2mHWqMcjk_3.mp4,cC2mHWqMcjk,72609206,72607537,9,10265829616
SportsShot,videos/train/volleyball.zip,34455353367,train,volleyball,v_cC2mHWqMcjk_4.mp4,cC2mHWqMcjk,88976076,88975364,9,10338437202
SportsShot,videos/train/volleyball.zip,34455353367,train,volleyball,v_cC2mHWqMcjk_5.mp4,cC2mHWqMcjk,87767033,87765517,9,10427412615
SportsShot,videos/train/volleyball.zip,34455353367,train,volleyball,v_cC2mHWqMcjk_6.mp4,cC2mHWqMcjk,89310141,89309385,9,10515178181
SportsShot,videos/train/volleyball.zip,34455353367,train,volleyball,v_cC2mHWqMcjk_7.mp4,cC2mHWqMcjk,98111102,98111455,9,10604487615
SportsShot,videos/train/volleyball.zip,34455353367,train,volleyball,v_cC2mHWqMcjk_8.mp4,cC2mHWqMcjk,94069491,94066556,9,10702599119
SportsShot,videos/train/volleyball.zip,34455353367,train,volleyball,v_cC2mHWqMcjk_9.mp4,cC2mHWqMcjk,97604593,97602490,9,10796665724
SportsShot,videos/train/volleyball.zip,34455353367,train,volleyball,v_dChHNGIfm4Y_0.mp4,dChHNGIfm4Y,198694104,198708139,9,10894268263
SportsShot,videos/train/volleyball.zip,34455353367,train,volleyball,v_dChHNGIfm4Y_1.mp4,dChHNGIfm4Y,186535653,186550465,9,11092976451
SportsShot,videos/train/volleyball.zip,34455353367,train,volleyball,v_dChHNGIfm4Y_2.mp4,dChHNGIfm4Y,220081399,220099261,9,11279526965
SportsShot,videos/train/volleyball.zip,34455353367,train,volleyball,v_dChHNGIfm4Y_3.mp4,dChHNGIfm4Y,204692239,204709679,9,11499626275
SportsShot,videos/train/volleyball.zip,34455353367,train,volleyball,v_dChHNGIfm4Y_4.mp4,dChHNGIfm4Y,167861194,167870769,9,11704336003
SportsShot,videos/train/volleyball.zip,34455353367,train,volleyball,v_dChHNGIfm4Y_5.mp4,dChHNGIfm4Y,228407660,228427202,9,11872206821
SportsShot,videos/train/volleyball.zip,34455353367,train,volleyball,v_dChHNGIfm4Y_6.mp4,dChHNGIfm4Y,182333426,182346469,9,12100634072
SportsShot,videos/train/volleyball.zip,34455353367,train,volleyball,v_dChHNGIfm4Y_7.mp4,dChHNGIfm4Y,154158504,154168805,9,12282980590
SportsShot,videos/train/volleyball.zip,34455353367,train,volleyball,v_dChHNGIfm4Y_8.mp4,dChHNGIfm4Y,201921545,201938792,9,12437149444
SportsShot,videos/train/volleyball.zip,34455353367,train,volleyball,v_dChHNGIfm4Y_9.mp4,dChHNGIfm4Y,172532709,172545392,9,12639088285
SportsShot,videos/train/volleyball.zip,34455353367,train,volleyball,v_Dk3EpDDa3o0_0.mp4,Dk3EpDDa3o0,163931938,163939540,9,12811633726
SportsShot,videos/train/volleyball.zip,34455353367,train,volleyball,v_Dk3EpDDa3o0_1.mp4,Dk3EpDDa3o0,169478593,169486806,9,12975573315
SportsShot,videos/train/volleyball.zip,34455353367,train,volleyball,v_Dk3EpDDa3o0_2.mp4,Dk3EpDDa3o0,143376060,143381730,9,13145060170
SportsShot,videos/train/volleyball.zip,34455353367,train,volleyball,v_Dk3EpDDa3o0_3.mp4,Dk3EpDDa3o0,145280806,145288718,9,13288441949
SportsShot,videos/train/volleyball.zip,34455353367,train,volleyball,v_Dk3EpDDa3o0_4.mp4,Dk3EpDDa3o0,167374148,167384287,9,13433730716
SportsShot,videos/train/volleyball.zip,34455353367,train,volleyball,v_Dk3EpDDa3o0_5.mp4,Dk3EpDDa3o0,184956298,184966268,9,13601115052
SportsShot,videos/train/volleyball.zip,34455353367,train,volleyball,v_Dk3EpDDa3o0_6.mp4,Dk3EpDDa3o0,201189231,201202322,9,13786081369
SportsShot,videos/train/volleyball.zip,34455353367,train,volleyball,v_Dk3EpDDa3o0_7.mp4,Dk3EpDDa3o0,135483932,135491013,9,13987283740
SportsShot,videos/train/volleyball.zip,34455353367,train,volleyball,v_Dk3EpDDa3o0_8.mp4,Dk3EpDDa3o0,145920495,145930356,9,14122774802
SportsShot,videos/train/volleyball.zip,34455353367,train,volleyball,v_Dk3EpDDa3o0_9.mp4,Dk3EpDDa3o0,187217127,187230074,9,14268705207
SportsShot,videos/train/volleyball.zip,34455353367,train,volleyball,v_DvTVEGL23_0.mp4,DvTVEGL23,155420607,155427457,9,14455935330
SportsShot,videos/train/volleyball.zip,34455353367,train,volleyball,v_DvTVEGL23_1.mp4,DvTVEGL23,158430076,158436930,9,14611362834
SportsShot,videos/train/volleyball.zip,34455353367,train,volleyball,v_DvTVEGL23_2.mp4,DvTVEGL23,154466096,154472496,9,14769799811
SportsShot,videos/train/volleyball.zip,34455353367,train,volleyball,v_DvTVEGL23_3.mp4,DvTVEGL23,151170864,151176615,9,14924272354
SportsShot,videos/train/volleyball.zip,34455353367,train,volleyball,v_DvTVEGL23_4.mp4,DvTVEGL23,151278367,151286401,9,15075449016
SportsShot,videos/train/volleyball.zip,34455353367,train,volleyball,v_DvTVEGL23_5.mp4,DvTVEGL23,160058446,160065072,9,15226735464
SportsShot,videos/train/volleyball.zip,34455353367,train,volleyball,v_DvTVEGL23_6.mp4,DvTVEGL23,168599317,168608120,9,15386800583
SportsShot,videos/train/volleyball.zip,34455353367,train,volleyball,v_DvTVEGL23_7.mp4,DvTVEGL23,131123695,131128722,9,15555408750
SportsShot,videos/train/volleyball.zip,34455353367,train,volleyball,v_DvTVEGL23_8.mp4,DvTVEGL23,157056459,157061776,9,15686537519
SportsShot,videos/train/volleyball.zip,34455353367,train,volleyball,v_DvTVEGL23_9.mp4,DvTVEGL23,155508486,155512994,9,15843599342
SportsShot,videos/train/volleyball.zip,34455353367,train,volleyball,v_eD0FWOubnCY_0.mp4,eD0FWOubnCY,193167570,193179060,9,15999112383
SportsShot,videos/train/volleyball.zip,34455353367,train,volleyball,v_eD0FWOubnCY_1.mp4,eD0FWOubnCY,209039630,209054711,9,16192291492
SportsShot,videos/train/volleyball.zip,34455353367,train,volleyball,v_eD0FWOubnCY_2.mp4,eD0FWOubnCY,204282673,204296817,9,16401346252
SportsShot,videos/train/volleyball.zip,34455353367,train,volleyball,v_eD0FWOubnCY_3.mp4,eD0FWOubnCY,177222618,177233839,9,16605643118
SportsShot,videos/train/volleyball.zip,34455353367,train,volleyball,v_eD0FWOubnCY_4.mp4,eD0FWOubnCY,185936206,185948691,9,16782877006
SportsShot,videos/train/volleyball.zip,34455353367,train,volleyball,v_eD0FWOubnCY_5.mp4,eD0FWOubnCY,207754295,207767474,9,16968825746
SportsShot,videos/train/volleyball.zip,34455353367,train,volleyball,v_eD0FWOubnCY_6.mp4,eD0FWOubnCY,189839845,189853370,9,17176593269
SportsShot,videos/train/volleyball.zip,34455353367,train,volleyball,v_eD0FWOubnCY_7.mp4,eD0FWOubnCY,200017804,200032360,9,17366446688
SportsShot,videos/train/volleyball.zip,34455353367,train,volleyball,v_eD0FWOubnCY_8.mp4,eD0FWOubnCY,193300793,193314719,9,17566479097
SportsShot,videos/train/volleyball.zip,34455353367,train,volleyball,v_eD0FWOubnCY_9.mp4,eD0FWOubnCY,200566536,200582670,9,17759793865
SportsShot,videos/train/volleyball.zip,34455353367,train,volleyball,v_EuPqJKEpxlw_0.mp4,EuPqJKEpxlw,53876825,53861968,9,17960376584
SportsShot,videos/train/volleyball.zip,34455353367,train,volleyball,v_EuPqJKEpxlw_1.mp4,EuPqJKEpxlw,77687517,77678123,9,18014238601
SportsShot,videos/train/volleyball.zip,34455353367,train,volleyball,v_EuPqJKEpxlw_2.mp4,EuPqJKEpxlw,79818890,79810801,9,18091916773
SportsShot,videos/train/volleyball.zip,34455353367,train,volleyball,v_EuPqJKEpxlw_3.mp4,EuPqJKEpxlw,79139979,79130232,9,18171727623
SportsShot,videos/train/volleyball.zip,34455353367,train,volleyball,v_EuPqJKEpxlw_4.mp4,EuPqJKEpxlw,63210105,63198927,9,18250857904
SportsShot,videos/train/volleyball.zip,34455353367,train,volleyball,v_EuPqJKEpxlw_5.mp4,EuPqJKEpxlw,67526297,67519268,9,18314056880
SportsShot,videos/train/volleyball.zip,34455353367,train,volleyball,v_EuPqJKEpxlw_6.mp4,EuPqJKEpxlw,70974121,70965333,9,18381576197
SportsShot,videos/train/volleyball.zip,34455353367,train,volleyball,v_EuPqJKEpxlw_7.mp4,EuPqJKEpxlw,79909476,79896065,9,18452541579
SportsShot,videos/train/volleyball.zip,34455353367,train,volleyball,v_EuPqJKEpxlw_8.mp4,EuPqJKEpxlw,68027398,68018513,9,18532437693
SportsShot,videos/train/volleyball.zip,34455353367,train,volleyball,v_EuPqJKEpxlw_9.mp4,EuPqJKEpxlw,81532171,81522666,9,18600456255
SportsShot,videos/train/volleyball.zip,34455353367,train,volleyball,v_fEf5lX9C11Q_0.mp4,fEf5lX9C11Q,101428034,101422404,9,18681978970
SportsShot,videos/train/volleyball.zip,34455353367,train,volleyball,v_fEf5lX9C11Q_1.mp4,fEf5lX9C11Q,75270185,75263122,9,18783401423
SportsShot,videos/train/volleyball.zip,34455353367,train,volleyball,v_fEf5lX9C11Q_2.mp4,fEf5lX9C11Q,99504329,99497148,9,18858664594
SportsShot,videos/train/volleyball.zip,34455353367,train,volleyball,v_fEf5lX9C11Q_3.mp4,fEf5lX9C11Q,103164935,103156038,9,18958161791
SportsShot,videos/train/volleyball.zip,34455353367,train,volleyball,v_fEf5lX9C11Q_4.mp4,fEf5lX9C11Q,106643044,106634849,9,19061317878
SportsShot,videos/train/volleyball.zip,34455353367,train,volleyball,v_fEf5lX9C11Q_5.mp4,fEf5lX9C11Q,79984511,79972275,9,19167952776
SportsShot,videos/train/volleyball.zip,34455353367,train,volleyball,v_fEf5lX9C11Q_6.mp4,fEf5lX9C11Q,102777508,102769629,9,19247925100
SportsShot,videos/train/volleyball.zip,34455353367,train,volleyball,v_fEf5lX9C11Q_7.mp4,fEf5lX9C11Q,89969654,89963140,9,19350694778
SportsShot,videos/train/volleyball.zip,34455353367,train,volleyball,v_fEf5lX9C11Q_8.mp4,fEf5lX9C11Q,103771419,103765142,9,19440657967
SportsShot,videos/train/volleyball.zip,34455353367,train,volleyball,v_fEf5lX9C11Q_9.mp4,fEf5lX9C11Q,97609935,97602211,9,19544423158
SportsShot,videos/train/volleyball.zip,34455353367,train,volleyball,v_KLIa2UaE2KE_0.mp4,KLIa2UaE2KE,142871751,142883218,9,19642025418
SportsShot,videos/train/volleyball.zip,34455353367,train,volleyball,v_KLIa2UaE2KE_1.mp4,KLIa2UaE2KE,184902008,184915942,9,19784908685
SportsShot,videos/train/volleyball.zip,34455353367,train,volleyball,v_KLIa2UaE2KE_2.mp4,KLIa2UaE2KE,145081428,145092266,9,19969824676
SportsShot,videos/train/volleyball.zip,34455353367,train,volleyball,v_KLIa2UaE2KE_3.mp4,KLIa2UaE2KE,179577550,179591075,9,20114916991
SportsShot,videos/train/volleyball.zip,34455353367,train,volleyball,v_KLIa2UaE2KE_4.mp4,KLIa2UaE2KE,154326327,154338990,9,20294508115
SportsShot,videos/train/volleyball.zip,34455353367,train,volleyball,v_KLIa2UaE2KE_5.mp4,KLIa2UaE2KE,160199656,160212935,9,20448847154
SportsShot,videos/train/volleyball.zip,34455353367,train,volleyball,v_KLIa2UaE2KE_6.mp4,KLIa2UaE2KE,165041250,165053937,9,20609060138
SportsShot,videos/train/volleyball.zip,34455353367,train,volleyball,v_KLIa2UaE2KE_7.mp4,KLIa2UaE2KE,171101710,171116886,9,20774114124
SportsShot,videos/train/volleyball.zip,34455353367,train,volleyball,v_KLIa2UaE2KE_8.mp4,KLIa2UaE2KE,189008235,189024487,9,20945231059
SportsShot,videos/train/volleyball.zip,34455353367,train,volleyball,v_KLIa2UaE2KE_9.mp4,KLIa2UaE2KE,167850220,167864145,9,21134255595
SportsShot,videos/train/volleyball.zip,34455353367,train,volleyball,v_LKRhzMHr5Rs_0.mp4,LKRhzMHr5Rs,163884550,163889690,9,21302119789
SportsShot,videos/train/volleyball.zip,34455353367,train,volleyball,v_LKRhzMHr5Rs_1.mp4,LKRhzMHr5Rs,200245580,200255378,9,21466009528
SportsShot,videos/train/volleyball.zip,34455353367,train,volleyball,v_LKRhzMHr5Rs_2.mp4,LKRhzMHr5Rs,143240527,143244161,9,21666264955
SportsShot,videos/train/volleyball.zip,34455353367,train,volleyball,v_LKRhzMHr5Rs_3.mp4,LKRhzMHr5Rs,184968750,184975563,9,21809509165
SportsShot,videos/train/volleyball.zip,34455353367,train,volleyball,v_LKRhzMHr5Rs_4.mp4,LKRhzMHr5Rs,166492954,166500038,9,21994484777
SportsShot,videos/train/volleyball.zip,34455353367,train,volleyball,v_LKRhzMHr5Rs_5.mp4,LKRhzMHr5Rs,205512512,205519927,9,22160984864
SportsShot,videos/train/volleyball.zip,34455353367,train,volleyball,v_LKRhzMHr5Rs_6.mp4,LKRhzMHr5Rs,177149690,177155737,9,22366504840
SportsShot,videos/train/volleyball.zip,34455353367,train,volleyball,v_LKRhzMHr5Rs_7.mp4,LKRhzMHr5Rs,162527677,162532974,9,22543660626
SportsShot,videos/train/volleyball.zip,34455353367,train,volleyball,v_LKRhzMHr5Rs_8.mp4,LKRhzMHr5Rs,197711261,197722412,9,22706193649
SportsShot,videos/train/volleyball.zip,34455353367,train,volleyball,v_LKRhzMHr5Rs_9.mp4,LKRhzMHr5Rs,180935790,180943471,9,22903916110
SportsShot,videos/train/volleyball.zip,34455353367,train,volleyball,v_MVStkyFravArg_0.mp4,MVStkyFravArg,129346663,129350729,9,23084859630
SportsShot,videos/train/volleyball.zip,34455353367,train,volleyball,v_MVStkyFravArg_1.mp4,MVStkyFravArg,124185376,124190820,9,23214210410
SportsShot,videos/train/volleyball.zip,34455353367,train,volleyball,v_MVStkyFravArg_2.mp4,MVStkyFravArg,124788881,124794390,9,23338401281
SportsShot,videos/train/volleyball.zip,34455353367,train,volleyball,v_MVStkyFravArg_3.mp4,MVStkyFravArg,139523717,139531808,9,23463195722
SportsShot,videos/train/volleyball.zip,34455353367,train,volleyball,v_MVStkyFravArg_4.mp4,MVStkyFravArg,107267883,107271324,9,23602727581
SportsShot,videos/train/volleyball.zip,34455353367,train,volleyball,v_MVStkyFravArg_5.mp4,MVStkyFravArg,127905113,127909850,9,23709998956
SportsShot,videos/train/volleyball.zip,34455353367,train,volleyball,v_MVStkyFravArg_6.mp4,MVStkyFravArg,113800457,113804854,9,23837908857
SportsShot,videos/train/volleyball.zip,34455353367,train,volleyball,v_MVStkyFravArg_7.mp4,MVStkyFravArg,117313957,117320929,9,23951713762
SportsShot,videos/train/volleyball.zip,34455353367,train,volleyball,v_MVStkyFravArg_8.mp4,MVStkyFravArg,125034450,125041015,9,24069034742
SportsShot,videos/train/volleyball.zip,34455353367,train,volleyball,v_MVStkyFravArg_9.mp4,MVStkyFravArg,123755316,123761307,9,24194075808
SportsShot,videos/train/volleyball.zip,34455353367,train,volleyball,v_OHbBSfD5UFQ_0.mp4,OHbBSfD5UFQ,69314202,69312290,9,24317837166
SportsShot,videos/train/volleyball.zip,34455353367,train,volleyball,v_OHbBSfD5UFQ_1.mp4,OHbBSfD5UFQ,83900313,83901050,9,24387149505
SportsShot,videos/train/volleyball.zip,34455353367,train,volleyball,v_OHbBSfD5UFQ_2.mp4,OHbBSfD5UFQ,86372409,86373462,9,24471050604
SportsShot,videos/train/volleyball.zip,34455353367,train,volleyball,v_OHbBSfD5UFQ_3.mp4,OHbBSfD5UFQ,91016957,91014319,9,24557424115
SportsShot,videos/train/volleyball.zip,34455353367,train,volleyball,v_OHbBSfD5UFQ_4.mp4,OHbBSfD5UFQ,92714826,92711813,9,24648438483
SportsShot,videos/train/volleyball.zip,34455353367,train,volleyball,v_OHbBSfD5UFQ_5.mp4,OHbBSfD5UFQ,80812554,80809581,9,24741150345
SportsShot,videos/train/volleyball.zip,34455353367,train,volleyball,v_OHbBSfD5UFQ_6.mp4,OHbBSfD5UFQ,72382020,72380903,9,24821959975
SportsShot,videos/train/volleyball.zip,34455353367,train,volleyball,v_OHbBSfD5UFQ_7.mp4,OHbBSfD5UFQ,77724003,77722335,9,24894340927
SportsShot,videos/train/volleyball.zip,34455353367,train,volleyball,v_OHbBSfD5UFQ_8.mp4,OHbBSfD5UFQ,83796518,83794817,9,24972063311
SportsShot,videos/train/volleyball.zip,34455353367,train,volleyball,v_OHbBSfD5UFQ_9.mp4,OHbBSfD5UFQ,72736170,72736440,9,25055858177
SportsShot,videos/train/volleyball.zip,34455353367,train,volleyball,v_pY29uMQxscs_0.mp4,pY29uMQxscs,72979206,72977321,9,25128594666
SportsShot,videos/train/volleyball.zip,34455353367,train,volleyball,v_pY29uMQxscs_1.mp4,pY29uMQxscs,93257893,93256856,9,25201572036
SportsShot,videos/train/volleyball.zip,34455353367,train,volleyball,v_pY29uMQxscs_2.mp4,pY29uMQxscs,76021782,76020698,9,25294828941
SportsShot,videos/train/volleyball.zip,34455353367,train,volleyball,v_pY29uMQxscs_3.mp4,pY29uMQxscs,86781873,86782038,9,25370849688
SportsShot,videos/train/volleyball.zip,34455353367,train,volleyball,v_pY29uMQxscs_4.mp4,pY29uMQxscs,90880161,90878585,9,25457631775
SportsShot,videos/train/volleyball.zip,34455353367,train,volleyball,v_pY29uMQxscs_5.mp4,pY29uMQxscs,81339173,81338004,9,25548510409
SportsShot,videos/train/volleyball.zip,34455353367,train,volleyball,v_pY29uMQxscs_6.mp4,pY29uMQxscs,99907558,99905881,9,25629848462
SportsShot,videos/train/volleyball.zip,34455353367,train,volleyball,v_pY29uMQxscs_7.mp4,pY29uMQxscs,94955299,94953873,9,25729754392
SportsShot,videos/train/volleyball.zip,34455353367,train,volleyball,v_pY29uMQxscs_8.mp4,pY29uMQxscs,84512371,84511382,9,25824708314
SportsShot,videos/train/volleyball.zip,34455353367,train,volleyball,v_pY29uMQxscs_9.mp4,pY29uMQxscs,70573559,70573225,9,25909219745
SportsShot,videos/train/volleyball.zip,34455353367,train,volleyball,v_rAvkSZKlyVo_0.mp4,rAvkSZKlyVo,205628717,205642642,9,25979793019
SportsShot,videos/train/volleyball.zip,34455353367,train,volleyball,v_rAvkSZKlyVo_1.mp4,rAvkSZKlyVo,178625578,178635961,9,26185435710
SportsShot,videos/train/volleyball.zip,34455353367,train,volleyball,v_rAvkSZKlyVo_2.mp4,rAvkSZKlyVo,193764724,193777414,9,26364071720
SportsShot,videos/train/volleyball.zip,34455353367,train,volleyball,v_rAvkSZKlyVo_3.mp4,rAvkSZKlyVo,218082073,218099168,9,26557849183
SportsShot,videos/train/volleyball.zip,34455353367,train,volleyball,v_rAvkSZKlyVo_4.mp4,rAvkSZKlyVo,167898786,167908665,9,26775948400
SportsShot,videos/train/volleyball.zip,34455353367,train,volleyball,v_rAvkSZKlyVo_5.mp4,rAvkSZKlyVo,218857855,218872236,9,26943857114
SportsShot,videos/train/volleyball.zip,34455353367,train,volleyball,v_rAvkSZKlyVo_6.mp4,rAvkSZKlyVo,206742503,206757250,9,27162729399
SportsShot,videos/train/volleyball.zip,34455353367,train,volleyball,v_rAvkSZKlyVo_7.mp4,rAvkSZKlyVo,212848250,212863060,9,27369486698
SportsShot,videos/train/volleyball.zip,34455353367,train,volleyball,v_rAvkSZKlyVo_8.mp4,rAvkSZKlyVo,204942888,204958862,9,27582349807
SportsShot,videos/train/volleyball.zip,34455353367,train,volleyball,v_rAvkSZKlyVo_9.mp4,rAvkSZKlyVo,216884722,216900039,9,27787308718
SportsShot,videos/train/volleyball.zip,34455353367,train,volleyball,v_SKq9IUO8J2E_0.mp4,SKq9IUO8J2E,157774492,157780744,9,28004208806
SportsShot,videos/train/volleyball.zip,34455353367,train,volleyball,v_SKq9IUO8J2E_1.mp4,SKq9IUO8J2E,172477408,172488137,9,28161989599
SportsShot,videos/train/volleyball.zip,34455353367,train,volleyball,v_SKq9IUO8J2E_2.mp4,SKq9IUO8J2E,211061523,211074788,9,28334477785
SportsShot,videos/train/volleyball.zip,34455353367,train,volleyball,v_SKq9IUO8J2E_3.mp4,SKq9IUO8J2E,170887469,170898389,9,28545552622
SportsShot,videos/train/volleyball.zip,34455353367,train,volleyball,v_SKq9IUO8J2E_4.mp4,SKq9IUO8J2E,150954495,150957996,9,28716451060
SportsShot,videos/train/volleyball.zip,34455353367,train,volleyball,v_SKq9IUO8J2E_5.mp4,SKq9IUO8J2E,184741316,184751405,9,28867409105
SportsShot,videos/train/volleyball.zip,34455353367,train,volleyball,v_SKq9IUO8J2E_6.mp4,SKq9IUO8J2E,210944091,210957994,9,29052160559
SportsShot,videos/train/volleyball.zip,34455353367,train,volleyball,v_SKq9IUO8J2E_7.mp4,SKq9IUO8J2E,197440858,197451827,9,29263118602
SportsShot,videos/train/volleyball.zip,34455353367,train,volleyball,v_SKq9IUO8J2E_8.mp4,SKq9IUO8J2E,169347502,169358160,9,29460570478
SportsShot,videos/train/volleyball.zip,34455353367,train,volleyball,v_SKq9IUO8J2E_9.mp4,SKq9IUO8J2E,203721662,203735482,9,29629928687
SportsShot,videos/train/volleyball.zip,34455353367,train,volleyball,v_so6vcZZLhLQ_0.mp4,so6vcZZLhLQ,153059900,153067999,9,29833664218
SportsShot,videos/train/volleyball.zip,34455353367,train,volleyball,v_so6vcZZLhLQ_1.mp4,so6vcZZLhLQ,182048522,182059303,9,29986732266
SportsShot,videos/train/volleyball.zip,34455353367,train,volleyball,v_so6vcZZLhLQ_2.mp4,so6vcZZLhLQ,185018319,185029690,9,30168791618
SportsShot,videos/train/volleyball.zip,34455353367,train,volleyball,v_so6vcZZLhLQ_3.mp4,so6vcZZLhLQ,155600266,155607036,9,30353821357
SportsShot,videos/train/volleyball.zip,34455353367,train,volleyball,v_so6vcZZLhLQ_4.mp4,so6vcZZLhLQ,178721829,178730870,9,30509428442
SportsShot,videos/train/volleyball.zip,34455353367,train,volleyball,v_so6vcZZLhLQ_5.mp4,so6vcZZLhLQ,146868449,146875197,9,30688159361
SportsShot,videos/train/volleyball.zip,34455353367,train,volleyball,v_so6vcZZLhLQ_6.mp4,so6vcZZLhLQ,189319082,189328648,9,30835034607
SportsShot,videos/train/volleyball.zip,34455353367,train,volleyball,v_so6vcZZLhLQ_7.mp4,so6vcZZLhLQ,200311982,200327535,9,31024363304
SportsShot,videos/train/volleyball.zip,34455353367,train,volleyball,v_so6vcZZLhLQ_8.mp4,so6vcZZLhLQ,203088275,203102849,9,31224690888
SportsShot,videos/train/volleyball.zip,34455353367,train,volleyball,v_so6vcZZLhLQ_9.mp4,so6vcZZLhLQ,200557049,200572243,9,31427793786
SportsShot,videos/train/volleyball.zip,34455353367,train,volleyball,v_T2PTlf_3Ous_0.mp4,T2PTlf_3Ous,178680347,178691797,9,31628366078
SportsShot,videos/train/volleyball.zip,34455353367,train,volleyball,v_T2PTlf_3Ous_1.mp4,T2PTlf_3Ous,186485980,186499496,9,31807057924
SportsShot,videos/train/volleyball.zip,34455353367,train,volleyball,v_T2PTlf_3Ous_2.mp4,T2PTlf_3Ous,152940604,152950232,9,31993557469
SportsShot,videos/train/volleyball.zip,34455353367,train,volleyball,v_T2PTlf_3Ous_3.mp4,T2PTlf_3Ous,156737647,156748358,9,32146507750
SportsShot,videos/train/volleyball.zip,34455353367,train,volleyball,v_T2PTlf_3Ous_4.mp4,T2PTlf_3Ous,217655682,217672537,9,32303256157
SportsShot,videos/train/volleyball.zip,34455353367,train,volleyball,v_T2PTlf_3Ous_5.mp4,T2PTlf_3Ous,170734174,170744778,9,32520928743
SportsShot,videos/train/volleyball.zip,34455353367,train,volleyball,v_T2PTlf_3Ous_6.mp4,T2PTlf_3Ous,172338933,172350872,9,32691673570
SportsShot,videos/train/volleyball.zip,34455353367,train,volleyball,v_T2PTlf_3Ous_7.mp4,T2PTlf_3Ous,182230475,182242894,9,32864024491
SportsShot,videos/train/volleyball.zip,34455353367,train,volleyball,v_T2PTlf_3Ous_8.mp4,T2PTlf_3Ous,169213095,169223926,9,33046267434
SportsShot,videos/train/volleyball.zip,34455353367,train,volleyball,v_T2PTlf_3Ous_9.mp4,T2PTlf_3Ous,187547989,187560767,9,33215491409
SportsShot,videos/train/volleyball.zip,34455353367,train,volleyball,v_TgxS8JLBVN0_0.mp4,TgxS8JLBVN0,106213289,106205424,9,33403052225
SportsShot,videos/train/volleyball.zip,34455353367,train,volleyball,v_TgxS8JLBVN0_1.mp4,TgxS8JLBVN0,105981234,105967981,9,33509257698
SportsShot,videos/train/volleyball.zip,34455353367,train,volleyball,v_TgxS8JLBVN0_2.mp4,TgxS8JLBVN0,88437547,88428201,9,33615225728
SportsShot,videos/train/volleyball.zip,34455353367,train,volleyball,v_TgxS8JLBVN0_3.mp4,TgxS8JLBVN0,107955373,107944391,9,33703653978
SportsShot,videos/train/volleyball.zip,34455353367,train,volleyball,v_TgxS8JLBVN0_4.mp4,TgxS8JLBVN0,103246042,103235655,9,33811598418
SportsShot,videos/train/volleyball.zip,34455353367,train,volleyball,v_TgxS8JLBVN0_5.mp4,TgxS8JLBVN0,120381747,120369787,9,33914834122
SportsShot,videos/train/volleyball.zip,34455353367,train,volleyball,v_TgxS8JLBVN0_6.mp4,TgxS8JLBVN0,115939701,115927315,9,34035203958
SportsShot,videos/train/volleyball.zip,34455353367,train,volleyball,v_TgxS8JLBVN0_7.mp4,TgxS8JLBVN0,87915066,87904184,9,34151131322
SportsShot,videos/train/volleyball.zip,34455353367,train,volleyball,v_TgxS8JLBVN0_8.mp4,TgxS8JLBVN0,109951372,109944744,9,34239035555
SportsShot,videos/train/volleyball.zip,34455353367,train,volleyball,v_TgxS8JLBVN0_9.mp4,TgxS8JLBVN0,106365216,106354730,9,34348980348
SportsShot,videos/validation/basketball.zip,11474189024,validation,basketball,basketball/v_HBJ9u9B1v3A_0.mp4,HBJ9u9B1v3A,216815591,216866656,8,0
SportsShot,videos/validation/basketball.zip,11474189024,validation,basketball,basketball/v_HBJ9u9B1v3A_1.mp4,HBJ9u9B1v3A,198779796,198828704,8,216866716
SportsShot,videos/validation/basketball.zip,11474189024,validation,basketball,basketball/v_HBJ9u9B1v3A_2.mp4,HBJ9u9B1v3A,216186332,216238032,8,415695480
SportsShot,videos/validation/basketball.zip,11474189024,validation,basketball,basketball/v_HBJ9u9B1v3A_3.mp4,HBJ9u9B1v3A,198465091,198511947,8,631933572
SportsShot,videos/validation/basketball.zip,11474189024,validation,basketball,basketball/v_HBJ9u9B1v3A_4.mp4,HBJ9u9B1v3A,187471440,187516021,8,830445579
SportsShot,videos/validation/basketball.zip,11474189024,validation,basketball,basketball/v_HBJ9u9B1v3A_5.mp4,HBJ9u9B1v3A,188584512,188628500,8,1017961660
SportsShot,videos/validation/basketball.zip,11474189024,validation,basketball,basketball/v_HBJ9u9B1v3A_6.mp4,HBJ9u9B1v3A,178567007,178606857,8,1206590220
SportsShot,videos/validation/basketball.zip,11474189024,validation,basketball,basketball/v_HBJ9u9B1v3A_7.mp4,HBJ9u9B1v3A,192418230,192464302,8,1385197137
SportsShot,videos/validation/basketball.zip,11474189024,validation,basketball,basketball/v_HBJ9u9B1v3A_8.mp4,HBJ9u9B1v3A,195150453,195196782,8,1577661499
SportsShot,videos/validation/basketball.zip,11474189024,validation,basketball,basketball/v_HBJ9u9B1v3A_9.mp4,HBJ9u9B1v3A,199061441,199109459,8,1772858341
SportsShot,videos/validation/basketball.zip,11474189024,validation,basketball,basketball/v_hDBjIvCw7Kk_0.mp4,hDBjIvCw7Kk,194222210,194267152,8,1971967860
SportsShot,videos/validation/basketball.zip,11474189024,validation,basketball,basketball/v_hDBjIvCw7Kk_1.mp4,hDBjIvCw7Kk,217226716,217277807,8,2166235072
SportsShot,videos/validation/basketball.zip,11474189024,validation,basketball,basketball/v_hDBjIvCw7Kk_2.mp4,hDBjIvCw7Kk,196948419,196995372,8,2383512939
SportsShot,videos/validation/basketball.zip,11474189024,validation,basketball,basketball/v_hDBjIvCw7Kk_3.mp4,hDBjIvCw7Kk,188985264,189029357,8,2580508371
SportsShot,videos/validation/basketball.zip,11474189024,validation,basketball,basketball/v_hDBjIvCw7Kk_4.mp4,hDBjIvCw7Kk,203903838,203950401,8,2769537788
SportsShot,videos/validation/basketball.zip,11474189024,validation,basketball,basketball/v_hDBjIvCw7Kk_5.mp4,hDBjIvCw7Kk,194494814,194540447,8,2973488249
SportsShot,videos/validation/basketball.zip,11474189024,validation,basketball,basketball/v_hDBjIvCw7Kk_6.mp4,hDBjIvCw7Kk,198952019,198998212,8,3168028756
SportsShot,videos/validation/basketball.zip,11474189024,validation,basketball,basketball/v_hDBjIvCw7Kk_7.mp4,hDBjIvCw7Kk,196686492,196731975,8,3367027028
SportsShot,videos/validation/basketball.zip,11474189024,validation,basketball,basketball/v_hDBjIvCw7Kk_8.mp4,hDBjIvCw7Kk,196379039,196423404,8,3563759063
SportsShot,videos/validation/basketball.zip,11474189024,validation,basketball,basketball/v_hDBjIvCw7Kk_9.mp4,hDBjIvCw7Kk,195774368,195821105,8,3760182527
SportsShot,videos/validation/basketball.zip,11474189024,validation,basketball,basketball/v_HipHRwsC3vg_0.mp4,HipHRwsC3vg,121233870,121242962,8,3956003692
SportsShot,videos/validation/basketball.zip,11474189024,validation,basketball,basketball/v_HipHRwsC3vg_1.mp4,HipHRwsC3vg,107499673,107507100,8,4077246714
SportsShot,videos/validation/basketball.zip,11474189024,validation,basketball,basketball/v_HipHRwsC3vg_2.mp4,HipHRwsC3vg,96188357,96193916,8,4184753874
SportsShot,videos/validation/basketball.zip,11474189024,validation,basketball,basketball/v_HipHRwsC3vg_3.mp4,HipHRwsC3vg,101145290,101153232,8,4280947850
SportsShot,videos/validation/basketball.zip,11474189024,validation,basketball,basketball/v_HipHRwsC3vg_4.mp4,HipHRwsC3vg,101957816,101964058,8,4382101142
SportsShot,videos/validation/basketball.zip,11474189024,validation,basketball,basketball/v_HipHRwsC3vg_5.mp4,HipHRwsC3vg,91915611,91920180,8,4484065260
SportsShot,videos/validation/basketball.zip,11474189024,validation,basketball,basketball/v_HipHRwsC3vg_6.mp4,HipHRwsC3vg,101915852,101921680,8,4575985500
SportsShot,videos/validation/basketball.zip,11474189024,validation,basketball,basketball/v_HipHRwsC3vg_7.mp4,HipHRwsC3vg,100833108,100839705,8,4677907240
SportsShot,videos/validation/basketball.zip,11474189024,validation,basketball,basketball/v_HipHRwsC3vg_8.mp4,HipHRwsC3vg,99013571,99022122,8,4778747005
SportsShot,videos/validation/basketball.zip,11474189024,validation,basketball,basketball/v_HipHRwsC3vg_9.mp4,HipHRwsC3vg,99228088,99234447,8,4877769187
SportsShot,videos/validation/basketball.zip,11474189024,validation,basketball,basketball/v_IpRitE7FMCk_0.mp4,IpRitE7FMCk,77968735,77979544,8,4977003694
SportsShot,videos/validation/basketball.zip,11474189024,validation,basketball,basketball/v_IpRitE7FMCk_1.mp4,IpRitE7FMCk,81077896,81088967,8,5054983298
SportsShot,videos/validation/basketball.zip,11474189024,validation,basketball,basketball/v_IpRitE7FMCk_2.mp4,IpRitE7FMCk,84044813,84055530,8,5136072325
SportsShot,videos/validation/basketball.zip,11474189024,validation,basketball,basketball/v_IpRitE7FMCk_3.mp4,IpRitE7FMCk,87188956,87201597,8,5220127915
SportsShot,videos/validation/basketball.zip,11474189024,validation,basketball,basketball/v_IpRitE7FMCk_4.mp4,IpRitE7FMCk,90713925,90725877,8,5307329572
SportsShot,videos/validation/basketball.zip,11474189024,validation,basketball,basketball/v_IpRitE7FMCk_5.mp4,IpRitE7FMCk,78813168,78823681,8,5398055509
SportsShot,videos/validation/basketball.zip,11474189024,validation,basketball,basketball/v_IpRitE7FMCk_6.mp4,IpRitE7FMCk,80688492,80700237,8,5476879250
SportsShot,videos/validation/basketball.zip,11474189024,validation,basketball,basketball/v_IpRitE7FMCk_7.mp4,IpRitE7FMCk,80340084,80350106,8,5557579547
SportsShot,videos/validation/basketball.zip,11474189024,validation,basketball,basketball/v_IpRitE7FMCk_8.mp4,IpRitE7FMCk,65557487,65565660,8,5637929713
SportsShot,videos/validation/basketball.zip,11474189024,validation,basketball,basketball/v_IpRitE7FMCk_9.mp4,IpRitE7FMCk,80403751,80414049,8,5703495433
SportsShot,videos/validation/basketball.zip,11474189024,validation,basketball,basketball/v_I-tZTTBt3rc_0.mp4,I-tZTTBt3rc,156252122,156289007,8,5783909542
SportsShot,videos/validation/basketball.zip,11474189024,validation,basketball,basketball/v_I-tZTTBt3rc_1.mp4,I-tZTTBt3rc,152592851,152627640,8,5940198609
SportsShot,videos/validation/basketball.zip,11474189024,validation,basketball,basketball/v_I-tZTTBt3rc_2.mp4,I-tZTTBt3rc,147947656,147981644,8,6092826309
SportsShot,videos/validation/basketball.zip,11474189024,validation,basketball,basketball/v_I-tZTTBt3rc_3.mp4,I-tZTTBt3rc,137260177,137290335,8,6240808013
SportsShot,videos/validation/basketball.zip,11474189024,validation,basketball,basketball/v_I-tZTTBt3rc_4.mp4,I-tZTTBt3rc,144934889,144967783,8,6378098408
SportsShot,videos/validation/basketball.zip,11474189024,validation,basketball,basketball/v_I-tZTTBt3rc_5.mp4,I-tZTTBt3rc,157423497,157460165,8,6523066251
SportsShot,videos/validation/basketball.zip,11474189024,validation,basketball,basketball/v_I-tZTTBt3rc_6.mp4,I-tZTTBt3rc,143566163,143598438,8,6680526476
SportsShot,videos/validation/basketball.zip,11474189024,validation,basketball,basketball/v_I-tZTTBt3rc_7.mp4,I-tZTTBt3rc,140173095,140203001,8,6824124974
SportsShot,videos/validation/basketball.zip,11474189024,validation,basketball,basketball/v_I-tZTTBt3rc_8.mp4,I-tZTTBt3rc,131482733,131512605,8,6964328035
SportsShot,videos/validation/basketball.zip,11474189024,validation,basketball,basketball/v_I-tZTTBt3rc_9.mp4,I-tZTTBt3rc,126015043,126042538,8,7095840700
SportsShot,videos/validation/basketball.zip,11474189024,validation,basketball,basketball/v_JbiWR0AWKys_0.mp4,JbiWR0AWKys,94507799,94513872,8,7221883298
SportsShot,videos/validation/basketball.zip,11474189024,validation,basketball,basketball/v_JbiWR0AWKys_1.mp4,JbiWR0AWKys,94066481,94074305,8,7316397230
SportsShot,videos/validation/basketball.zip,11474189024,validation,basketball,basketball/v_JbiWR0AWKys_2.mp4,JbiWR0AWKys,91739596,91748089,8,7410471595
SportsShot,videos/validation/basketball.zip,11474189024,validation,basketball,basketball/v_JbiWR0AWKys_3.mp4,JbiWR0AWKys,89703920,89710509,8,7502219744
SportsShot,videos/validation/basketball.zip,11474189024,validation,basketball,basketball/v_JbiWR0AWKys_4.mp4,JbiWR0AWKys,89427381,89434946,8,7591930313
SportsShot,videos/validation/basketball.zip,11474189024,validation,basketball,basketball/v_JbiWR0AWKys_5.mp4,JbiWR0AWKys,87364088,87373543,8,7681365319
SportsShot,videos/validation/basketball.zip,11474189024,validation,basketball,basketball/v_JbiWR0AWKys_6.mp4,JbiWR0AWKys,89847269,89853348,8,7768738922
SportsShot,videos/validation/basketball.zip,11474189024,validation,basketball,basketball/v_JbiWR0AWKys_7.mp4,JbiWR0AWKys,93043418,93053039,8,7858592330
SportsShot,videos/validation/basketball.zip,11474189024,validation,basketball,basketball/v_JbiWR0AWKys_8.mp4,JbiWR0AWKys,88898357,88904580,8,7951645429
SportsShot,videos/validation/basketball.zip,11474189024,validation,basketball,basketball/v_JbiWR0AWKys_9.mp4,JbiWR0AWKys,83633415,83639634,8,8040550069
SportsShot,videos/validation/basketball.zip,11474189024,validation,basketball,basketball/v_jZY5cZWGWKE_0.mp4,jZY5cZWGWKE,167719802,167759058,8,8124189763
SportsShot,videos/validation/basketball.zip,11474189024,validation,basketball,basketball/v_jZY5cZWGWKE_1.mp4,jZY5cZWGWKE,164366297,164405677,8,8291948881
SportsShot,videos/validation/basketball.zip,11474189024,validation,basketball,basketball/v_jZY5cZWGWKE_2.mp4,jZY5cZWGWKE,170012963,170052919,8,8456354618
SportsShot,videos/validation/basketball.zip,11474189024,validation,basketball,basketball/v_jZY5cZWGWKE_3.mp4,jZY5cZWGWKE,205193947,205242805,8,8626407597
SportsShot,videos/validation/basketball.zip,11474189024,validation,basketball,basketball/v_jZY5cZWGWKE_4.mp4,jZY5cZWGWKE,182665016,182707772,8,8831650462
SportsShot,videos/validation/basketball.zip,11474189024,validation,basketball,basketball/v_jZY5cZWGWKE_5.mp4,jZY5cZWGWKE,157001641,157037865,8,9014358294
SportsShot,videos/validation/basketball.zip,11474189024,validation,basketball,basketball/v_jZY5cZWGWKE_6.mp4,jZY5cZWGWKE,190462909,190508169,8,9171396219
SportsShot,videos/validation/basketball.zip,11474189024,validation,basketball,basketball/v_jZY5cZWGWKE_7.mp4,jZY5cZWGWKE,190944287,190991928,8,9361904448
SportsShot,videos/validation/basketball.zip,11474189024,validation,basketball,basketball/v_jZY5cZWGWKE_8.mp4,jZY5cZWGWKE,166987801,167028309,8,9552896436
SportsShot,videos/validation/basketball.zip,11474189024,validation,basketball,basketball/v_jZY5cZWGWKE_9.mp4,jZY5cZWGWKE,185405672,185451144,8,9719924805
SportsShot,videos/validation/basketball.zip,11474189024,validation,basketball,basketball/v_kguAFIlDI4E_0.mp4,kguAFIlDI4E,163394809,163431827,8,9905376009
SportsShot,videos/validation/basketball.zip,11474189024,validation,basketball,basketball/v_kguAFIlDI4E_1.mp4,kguAFIlDI4E,135780901,135809621,8,10068807896
SportsShot,videos/validation/basketball.zip,11474189024,validation,basketball,basketball/v_kguAFIlDI4E_2.mp4,kguAFIlDI4E,165792811,165830701,8,10204617577
SportsShot,videos/validation/basketball.zip,11474189024,validation,basketball,basketball/v_kguAFIlDI4E_3.mp4,kguAFIlDI4E,163731605,163767650,8,10370448338
SportsShot,videos/validation/basketball.zip,11474189024,validation,basketball,basketball/v_kguAFIlDI4E_4.mp4,kguAFIlDI4E,162309930,162347141,8,10534216048
SportsShot,videos/validation/basketball.zip,11474189024,validation,basketball,basketball/v_kguAFIlDI4E_5.mp4,kguAFIlDI4E,155031423,155067230,8,10696563249
SportsShot,videos/validation/basketball.zip,11474189024,validation,basketball,basketball/v_kguAFIlDI4E_6.mp4,kguAFIlDI4E,141509311,141540044,8,10851630539
SportsShot,videos/validation/basketball.zip,11474189024,validation,basketball,basketball/v_kguAFIlDI4E_7.mp4,kguAFIlDI4E,131437111,131462322,8,10993170643
SportsShot,videos/validation/basketball.zip,11474189024,validation,basketball,basketball/v_kguAFIlDI4E_8.mp4,kguAFIlDI4E,182518666,182558849,8,11124633025
SportsShot,videos/validation/basketball.zip,11474189024,validation,basketball,basketball/v_kguAFIlDI4E_9.mp4,kguAFIlDI4E,166952927,166990180,8,11307191934
SportsShot,videos/validation/football.zip,13800834399,validation,football,v__qFWBYktaRw_0.mp4,_qFWBYktaRw,242813185,242829850,9,0
SportsShot,videos/validation/football.zip,13800834399,validation,football,v__qFWBYktaRw_1.mp4,_qFWBYktaRw,246007016,246019741,9,242829899
SportsShot,videos/validation/football.zip,13800834399,validation,football,v__qFWBYktaRw_2.mp4,_qFWBYktaRw,244628238,244642395,9,488849689
SportsShot,videos/validation/football.zip,13800834399,validation,football,v__qFWBYktaRw_3.mp4,_qFWBYktaRw,208775146,208788909,9,733492133
SportsShot,videos/validation/football.zip,13800834399,validation,football,v__qFWBYktaRw_4.mp4,_qFWBYktaRw,181245772,181256223,9,942281091
SportsShot,videos/validation/football.zip,13800834399,validation,football,v__qFWBYktaRw_5.mp4,_qFWBYktaRw,171719210,171730656,9,1123537363
SportsShot,videos/validation/football.zip,13800834399,validation,football,v__qFWBYktaRw_6.mp4,_qFWBYktaRw,221192416,221205893,9,1295268068
SportsShot,videos/validation/football.zip,13800834399,validation,football,v__qFWBYktaRw_7.mp4,_qFWBYktaRw,232505576,232523083,9,1516474010
SportsShot,videos/validation/football.zip,13800834399,validation,football,v__qFWBYktaRw_8.mp4,_qFWBYktaRw,194751189,194762611,9,1748997142
SportsShot,videos/validation/football.zip,13800834399,validation,football,v__qFWBYktaRw_9.mp4,_qFWBYktaRw,218276512,218291449,9,1943759802
SportsShot,videos/validation/football.zip,13800834399,validation,football,v_7jKfOzHnxKw_0.mp4,7jKfOzHnxKw,54555677,54548555,9,2162051300
SportsShot,videos/validation/football.zip,13800834399,validation,football,v_7jKfOzHnxKw_1.mp4,7jKfOzHnxKw,61890790,61881758,9,2216599904
SportsShot,videos/validation/football.zip,13800834399,validation,football,v_7jKfOzHnxKw_2.mp4,7jKfOzHnxKw,58359863,58350991,9,2278481711
SportsShot,videos/validation/football.zip,13800834399,validation,football,v_7jKfOzHnxKw_3.mp4,7jKfOzHnxKw,55237127,55232030,9,2336832751
SportsShot,videos/validation/football.zip,13800834399,validation,football,v_7jKfOzHnxKw_4.mp4,7jKfOzHnxKw,66767590,66758117,9,2392064830
SportsShot,videos/validation/football.zip,13800834399,validation,football,v_7jKfOzHnxKw_5.mp4,7jKfOzHnxKw,51719133,51707797,9,2458822996
SportsShot,videos/validation/football.zip,13800834399,validation,football,v_7jKfOzHnxKw_6.mp4,7jKfOzHnxKw,59192736,59183526,9,2510530842
SportsShot,videos/validation/football.zip,13800834399,validation,football,v_7jKfOzHnxKw_7.mp4,7jKfOzHnxKw,56387340,56381240,9,2569714417
SportsShot,videos/validation/football.zip,13800834399,validation,football,v_7jKfOzHnxKw_8.mp4,7jKfOzHnxKw,67440409,67429634,9,2626095706
SportsShot,videos/validation/football.zip,13800834399,validation,football,v_7jKfOzHnxKw_9.mp4,7jKfOzHnxKw,59530043,59522575,9,2693525389
SportsShot,videos/validation/football.zip,13800834399,validation,football,v_7kWJSZRlItU_0.mp4,7kWJSZRlItU,159794980,159804493,9,2753048013
SportsShot,videos/validation/football.zip,13800834399,validation,football,v_7kWJSZRlItU_1.mp4,7kWJSZRlItU,169404671,169412467,9,2912852555
SportsShot,videos/validation/football.zip,13800834399,validation,football,v_7kWJSZRlItU_2.mp4,7kWJSZRlItU,197364114,197375488,9,3082265071
SportsShot,videos/validation/football.zip,13800834399,validation,football,v_7kWJSZRlItU_3.mp4,7kWJSZRlItU,169889250,169898288,9,3279640608
SportsShot,videos/validation/football.zip,13800834399,validation,football,v_7kWJSZRlItU_4.mp4,7kWJSZRlItU,180266257,180276456,9,3449538945
SportsShot,videos/validation/football.zip,13800834399,validation,football,v_7kWJSZRlItU_5.mp4,7kWJSZRlItU,160648717,160658513,9,3629815450
SportsShot,videos/validation/football.zip,13800834399,validation,football,v_7kWJSZRlItU_6.mp4,7kWJSZRlItU,198143271,198157655,9,3790474012
SportsShot,videos/validation/football.zip,13800834399,validation,football,v_7kWJSZRlItU_7.mp4,7kWJSZRlItU,147679820,147689801,9,3988631716
SportsShot,videos/validation/football.zip,13800834399,validation,football,v_7kWJSZRlItU_8.mp4,7kWJSZRlItU,205046009,205058160,9,4136321566
SportsShot,videos/validation/football.zip,13800834399,validation,football,v_7kWJSZRlItU_9.mp4,7kWJSZRlItU,157573692,157585521,9,4341379775
SportsShot,videos/validation/football.zip,13800834399,validation,football,v_8GIE197z5eU_0.mp4,8GIE197z5eU,143080961,143080530,9,4498965345
SportsShot,videos/validation/football.zip,13800834399,validation,football,v_8GIE197z5eU_1.mp4,8GIE197z5eU,229861230,229863578,9,4642045924
SportsShot,videos/validation/football.zip,13800834399,validation,football,v_8GIE197z5eU_2.mp4,8GIE197z5eU,176043466,176035589,9,4871909551
SportsShot,videos/validation/football.zip,13800834399,validation,football,v_8GIE197z5eU_3.mp4,8GIE197z5eU,165306248,165295667,9,5047945189
SportsShot,videos/validation/football.zip,13800834399,validation,football,v_8GIE197z5eU_4.mp4,8GIE197z5eU,161965281,161964380,9,5213240905
SportsShot,videos/validation/football.zip,13800834399,validation,football,v_8GIE197z5eU_5.mp4,8GIE197z5eU,201268295,201268042,9,5375205334
SportsShot,videos/validation/football.zip,13800834399,validation,football,v_8GIE197z5eU_6.mp4,8GIE197z5eU,189663390,189663499,9,5576473425
SportsShot,videos/validation/football.zip,13800834399,validation,football,v_8GIE197z5eU_7.mp4,8GIE197z5eU,190570853,190570901,9,5766136973
SportsShot,videos/validation/football.zip,13800834399,validation,football,v_8GIE197z5eU_8.mp4,8GIE197z5eU,164597037,164599190,9,5956707923
SportsShot,videos/validation/football.zip,13800834399,validation,football,v_8GIE197z5eU_9.mp4,8GIE197z5eU,210511278,210513287,9,6121307162
SportsShot,videos/validation/football.zip,13800834399,validation,football,v_8Ndq_1uw98w_0.mp4,8Ndq_1uw98w,230612355,230625765,9,6331820498
SportsShot,videos/validation/football.zip,13800834399,validation,football,v_8Ndq_1uw98w_1.mp4,8Ndq_1uw98w,167655163,167667091,9,6562446312
SportsShot,videos/validation/football.zip,13800834399,validation,football,v_8Ndq_1uw98w_2.mp4,8Ndq_1uw98w,183139496,183151411,9,6730113452
SportsShot,videos/validation/football.zip,13800834399,validation,football,v_8Ndq_1uw98w_3.mp4,8Ndq_1uw98w,186540875,186554016,9,6913264912
SportsShot,videos/validation/football.zip,13800834399,validation,football,v_8Ndq_1uw98w_4.mp4,8Ndq_1uw98w,210803533,210817981,9,7099818977
SportsShot,videos/validation/football.zip,13800834399,validation,football,v_8Ndq_1uw98w_5.mp4,8Ndq_1uw98w,177157151,177171259,9,7310637007
SportsShot,videos/validation/football.zip,13800834399,validation,football,v_8Ndq_1uw98w_6.mp4,8Ndq_1uw98w,211713046,211731038,9,7487808315
SportsShot,videos/validation/football.zip,13800834399,validation,football,v_8Ndq_1uw98w_7.mp4,8Ndq_1uw98w,170703515,170717778,9,7699539402
SportsShot,videos/validation/football.zip,13800834399,validation,football,v_8Ndq_1uw98w_8.mp4,8Ndq_1uw98w,207567770,207583415,9,7870257229
SportsShot,videos/validation/football.zip,13800834399,validation,football,v_8Ndq_1uw98w_9.mp4,8Ndq_1uw98w,191977097,191993598,9,8077840693
SportsShot,videos/validation/football.zip,13800834399,validation,football,v_8szWGZUtwEM_0.mp4,8szWGZUtwEM,246773715,246794578,9,8269834340
SportsShot,videos/validation/football.zip,13800834399,validation,football,v_8szWGZUtwEM_1.mp4,8szWGZUtwEM,195799568,195815360,9,8516628967
SportsShot,videos/validation/football.zip,13800834399,validation,football,v_8szWGZUtwEM_2.mp4,8szWGZUtwEM,177199713,177215237,9,8712444376
SportsShot,videos/validation/football.zip,13800834399,validation,football,v_8szWGZUtwEM_3.mp4,8szWGZUtwEM,180212700,180227102,9,8889659662
SportsShot,videos/validation/football.zip,13800834399,validation,football,v_8szWGZUtwEM_4.mp4,8szWGZUtwEM,213368934,213387065,9,9069886813
SportsShot,videos/validation/football.zip,13800834399,validation,football,v_8szWGZUtwEM_5.mp4,8szWGZUtwEM,194085973,194099451,9,9283273927
SportsShot,videos/validation/football.zip,13800834399,validation,football,v_8szWGZUtwEM_6.mp4,8szWGZUtwEM,166003176,166016337,9,9477373427
SportsShot,videos/validation/football.zip,13800834399,validation,football,v_8szWGZUtwEM_7.mp4,8szWGZUtwEM,225326055,225344845,9,9643389813
SportsShot,videos/validation/football.zip,13800834399,validation,football,v_8szWGZUtwEM_8.mp4,8szWGZUtwEM,202646063,202662659,9,9868734707
SportsShot,videos/validation/football.zip,13800834399,validation,football,v_8szWGZUtwEM_9.mp4,8szWGZUtwEM,231692122,231711500,9,10071397415
SportsShot,videos/validation/football.zip,13800834399,validation,football,v_9CeYDWG5wlM_0.mp4,9CeYDWG5wlM,189479703,189489759,9,10303108964
SportsShot,videos/validation/football.zip,13800834399,validation,football,v_9CeYDWG5wlM_1.mp4,9CeYDWG5wlM,180304661,180318012,9,10492598772
SportsShot,videos/validation/football.zip,13800834399,validation,football,v_9CeYDWG5wlM_2.mp4,9CeYDWG5wlM,192688041,192699132,9,10672916833
SportsShot,videos/validation/football.zip,13800834399,validation,football,v_9wLBkU3fs0k_0.mp4,9wLBkU3fs0k,144755969,144761910,9,10865616014
SportsShot,videos/validation/football.zip,13800834399,validation,football,v_9wLBkU3fs0k_1.mp4,9wLBkU3fs0k,147322894,147333110,9,11010377973
SportsShot,videos/validation/football.zip,13800834399,validation,football,v_9wLBkU3fs0k_2.mp4,9wLBkU3fs0k,199738295,199751800,9,11157711132
SportsShot,videos/validation/football.zip,13800834399,validation,football,v_9wLBkU3fs0k_3.mp4,9wLBkU3fs0k,143479619,143487209,9,11357462981
SportsShot,videos/validation/football.zip,13800834399,validation,football,v_9wLBkU3fs0k_4.mp4,9wLBkU3fs0k,142928652,142937843,9,11500950239
SportsShot,videos/validation/football.zip,13800834399,validation,football,v_9wLBkU3fs0k_5.mp4,9wLBkU3fs0k,136500602,136508860,9,11643888131
SportsShot,videos/validation/football.zip,13800834399,validation,football,v_9wLBkU3fs0k_6.mp4,9wLBkU3fs0k,124900545,124906579,9,11780397040
SportsShot,videos/validation/football.zip,13800834399,validation,football,v_9wLBkU3fs0k_7.mp4,9wLBkU3fs0k,176673934,176683883,9,11905303668
SportsShot,videos/validation/football.zip,13800834399,validation,football,v_9wLBkU3fs0k_8.mp4,9wLBkU3fs0k,137076371,137084912,9,12081987600
SportsShot,videos/validation/football.zip,13800834399,validation,football,v_9wLBkU3fs0k_9.mp4,9wLBkU3fs0k,148514652,148524209,9,12219072561
SportsShot,videos/validation/football.zip,13800834399,validation,football,v_a4Lt_hJdvNY_0.mp4,a4Lt_hJdvNY,247775705,247793965,9,12367596819
SportsShot,videos/validation/football.zip,13800834399,validation,football,v_a4Lt_hJdvNY_1.mp4,a4Lt_hJdvNY,129540962,129546267,9,12615390833
SportsShot,videos/validation/football.zip,13800834399,validation,football,v_a4Lt_hJdvNY_2.mp4,a4Lt_hJdvNY,200211471,200229375,9,12744937149
SportsShot,videos/validation/football.zip,13800834399,validation,football,v_a4Lt_hJdvNY_3.mp4,a4Lt_hJdvNY,229185355,229200573,9,12945166573
SportsShot,videos/validation/football.zip,13800834399,validation,football,v_a4Lt_hJdvNY_4.mp4,a4Lt_hJdvNY,208707607,208722289,9,13174367195
SportsShot,videos/validation/football.zip,13800834399,validation,football,v_a4Lt_hJdvNY_5.mp4,a4Lt_hJdvNY,159002715,159013256,9,13383089533
SportsShot,videos/validation/football.zip,13800834399,validation,football,v_a4Lt_hJdvNY_6.mp4,a4Lt_hJdvNY,258706762,258725602,9,13542102838
SportsShot,videos/validation/volleyball.zip,10457269117,validation,volleyball,v_USvSerWsvstky_0.mp4,USvSerWsvstky,131734085,131739520,9,0
SportsShot,videos/validation/volleyball.zip,10457269117,validation,volleyball,v_USvSerWsvstky_1.mp4,USvSerWsvstky,150133029,150140403,9,131739571
SportsShot,videos/validation/volleyball.zip,10457269117,validation,volleyball,v_USvSerWsvstky_2.mp4,USvSerWsvstky,135403094,135407877,9,281880025
SportsShot,videos/validation/volleyball.zip,10457269117,validation,volleyball,v_USvSerWsvstky_3.mp4,USvSerWsvstky,118852325,118855490,9,417287953
SportsShot,videos/validation/volleyball.zip,10457269117,validation,volleyball,v_USvSerWsvstky_4.mp4,USvSerWsvstky,135296204,135303117,9,536143494
SportsShot,videos/validation/volleyball.zip,10457269117,validation,volleyball,v_USvSerWsvstky_5.mp4,USvSerWsvstky,124873435,124878204,9,671446662
SportsShot,videos/validation/volleyball.zip,10457269117,validation,volleyball,v_USvSerWsvstky_6.mp4,USvSerWsvstky,122648116,122652452,9,796324917
SportsShot,videos/validation/volleyball.zip,10457269117,validation,volleyball,v_USvSerWsvstky_7.mp4,USvSerWsvstky,125891932,125897395,9,918977420
SportsShot,videos/validation/volleyball.zip,10457269117,validation,volleyball,v_USvSerWsvstky_8.mp4,USvSerWsvstky,115946953,115951892,9,1044874866
SportsShot,videos/validation/volleyball.zip,10457269117,validation,volleyball,v_USvSerWsvstky_9.mp4,USvSerWsvstky,112028091,112032601,9,1160826809
SportsShot,videos/validation/volleyball.zip,10457269117,validation,volleyball,v_VAqPRssMT_M_0.mp4,VAqPRssMT_M,86951715,86947494,9,1272859461
SportsShot,videos/validation/volleyball.zip,10457269117,validation,volleyball,v_VAqPRssMT_M_1.mp4,VAqPRssMT_M,92584301,92581117,9,1359807004
SportsShot,videos/validation/volleyball.zip,10457269117,validation,volleyball,v_VAqPRssMT_M_2.mp4,VAqPRssMT_M,73419034,73412592,9,1452388170
SportsShot,videos/validation/volleyball.zip,10457269117,validation,volleyball,v_VAqPRssMT_M_3.mp4,VAqPRssMT_M,71409322,71405741,9,1525800811
SportsShot,videos/validation/volleyball.zip,10457269117,validation,volleyball,v_VAqPRssMT_M_4.mp4,VAqPRssMT_M,72674411,72669192,9,1597206601
SportsShot,videos/validation/volleyball.zip,10457269117,validation,volleyball,v_VAqPRssMT_M_5.mp4,VAqPRssMT_M,86035585,86032604,9,1669875842
SportsShot,videos/validation/volleyball.zip,10457269117,validation,volleyball,v_VAqPRssMT_M_6.mp4,VAqPRssMT_M,81151701,81145613,9,1755908495
SportsShot,videos/validation/volleyball.zip,10457269117,validation,volleyball,v_VAqPRssMT_M_7.mp4,VAqPRssMT_M,71907341,71901520,9,1837054157
SportsShot,videos/validation/volleyball.zip,10457269117,validation,volleyball,v_VAqPRssMT_M_8.mp4,VAqPRssMT_M,84563717,84559905,9,1908955726
SportsShot,videos/validation/volleyball.zip,10457269117,validation,volleyball,v_VAqPRssMT_M_9.mp4,VAqPRssMT_M,84582744,84578796,9,1993515680
SportsShot,videos/validation/volleyball.zip,10457269117,validation,volleyball,v_VOAdZR38jhI_0.mp4,VOAdZR38jhI,92555795,92548635,9,2078094525
SportsShot,videos/validation/volleyball.zip,10457269117,validation,volleyball,v_VOAdZR38jhI_1.mp4,VOAdZR38jhI,90124452,90114092,9,2170643209
SportsShot,videos/validation/volleyball.zip,10457269117,validation,volleyball,v_VOAdZR38jhI_2.mp4,VOAdZR38jhI,82505532,82500034,9,2260757350
SportsShot,videos/validation/volleyball.zip,10457269117,validation,volleyball,v_VOAdZR38jhI_3.mp4,VOAdZR38jhI,83794706,83786350,9,2343257433
SportsShot,videos/validation/volleyball.zip,10457269117,validation,volleyball,v_VOAdZR38jhI_4.mp4,VOAdZR38jhI,84711432,84700514,9,2427043832
SportsShot,videos/validation/volleyball.zip,10457269117,validation,volleyball,v_VOAdZR38jhI_5.mp4,VOAdZR38jhI,100324098,100317469,9,2511744395
SportsShot,videos/validation/volleyball.zip,10457269117,validation,volleyball,v_VOAdZR38jhI_6.mp4,VOAdZR38jhI,80655723,80647480,9,2612061913
SportsShot,videos/validation/volleyball.zip,10457269117,validation,volleyball,v_VOAdZR38jhI_7.mp4,VOAdZR38jhI,94166644,94160048,9,2692709442
SportsShot,videos/validation/volleyball.zip,10457269117,validation,volleyball,v_VOAdZR38jhI_8.mp4,VOAdZR38jhI,84257858,84250208,9,2786869539
SportsShot,videos/validation/volleyball.zip,10457269117,validation,volleyball,v_VOAdZR38jhI_9.mp4,VOAdZR38jhI,85380187,85371968,9,2871119796
SportsShot,videos/validation/volleyball.zip,10457269117,validation,volleyball,v_vxbjUEgrJ1w_0.mp4,vxbjUEgrJ1w,212474085,212492470,9,2956491813
SportsShot,videos/validation/volleyball.zip,10457269117,validation,volleyball,v_vxbjUEgrJ1w_1.mp4,vxbjUEgrJ1w,192264505,192279297,9,3168984332
SportsShot,videos/validation/volleyball.zip,10457269117,validation,volleyball,v_vxbjUEgrJ1w_2.mp4,vxbjUEgrJ1w,143872647,143881181,9,3361263678
SportsShot,videos/validation/volleyball.zip,10457269117,validation,volleyball,v_vxbjUEgrJ1w_3.mp4,vxbjUEgrJ1w,175010981,175023025,9,3505144908
SportsShot,videos/validation/volleyball.zip,10457269117,validation,volleyball,v_vxbjUEgrJ1w_4.mp4,vxbjUEgrJ1w,168273828,168286764,9,3680167982
SportsShot,videos/validation/volleyball.zip,10457269117,validation,volleyball,v_vxbjUEgrJ1w_5.mp4,vxbjUEgrJ1w,202296920,202308807,9,3848454795
SportsShot,videos/validation/volleyball.zip,10457269117,validation,volleyball,v_vxbjUEgrJ1w_6.mp4,vxbjUEgrJ1w,208078188,208095800,9,4050763651
SportsShot,videos/validation/volleyball.zip,10457269117,validation,volleyball,v_vxbjUEgrJ1w_7.mp4,vxbjUEgrJ1w,200288972,200303515,9,4258859500
SportsShot,videos/validation/volleyball.zip,10457269117,validation,volleyball,v_vxbjUEgrJ1w_8.mp4,vxbjUEgrJ1w,161858375,161868155,9,4459163064
SportsShot,videos/validation/volleyball.zip,10457269117,validation,volleyball,v_vxbjUEgrJ1w_9.mp4,vxbjUEgrJ1w,158124014,158132562,9,4621031268
SportsShot,videos/validation/volleyball.zip,10457269117,validation,volleyball,v_wd3eKge3xxY_0.mp4,wd3eKge3xxY,163571684,163579327,9,4779163879
SportsShot,videos/validation/volleyball.zip,10457269117,validation,volleyball,v_wd3eKge3xxY_1.mp4,wd3eKge3xxY,182052296,182058610,9,4942743255
SportsShot,videos/validation/volleyball.zip,10457269117,validation,volleyball,v_wd3eKge3xxY_2.mp4,wd3eKge3xxY,186211381,186221689,9,5124801914
SportsShot,videos/validation/volleyball.zip,10457269117,validation,volleyball,v_wd3eKge3xxY_3.mp4,wd3eKge3xxY,192838282,192850076,9,5311023652
SportsShot,videos/validation/volleyball.zip,10457269117,validation,volleyball,v_wd3eKge3xxY_4.mp4,wd3eKge3xxY,152370400,152375219,9,5503873777
SportsShot,videos/validation/volleyball.zip,10457269117,validation,volleyball,v_wd3eKge3xxY_5.mp4,wd3eKge3xxY,202977534,202987765,9,5656249045
SportsShot,videos/validation/volleyball.zip,10457269117,validation,volleyball,v_wd3eKge3xxY_6.mp4,wd3eKge3xxY,168281949,168292007,9,5859236859
SportsShot,videos/validation/volleyball.zip,10457269117,validation,volleyball,v_wd3eKge3xxY_7.mp4,wd3eKge3xxY,182819240,182828778,9,6027528915
SportsShot,videos/validation/volleyball.zip,10457269117,validation,volleyball,v_wd3eKge3xxY_8.mp4,wd3eKge3xxY,183011320,183020835,9,6210357742
SportsShot,videos/validation/volleyball.zip,10457269117,validation,volleyball,v_wd3eKge3xxY_9.mp4,wd3eKge3xxY,165380864,165388029,9,6393378626
SportsShot,videos/validation/volleyball.zip,10457269117,validation,volleyball,v_xd9oKtYYSGQ_0.mp4,xd9oKtYYSGQ,107834178,107830413,9,6558766704
SportsShot,videos/validation/volleyball.zip,10457269117,validation,volleyball,v_xd9oKtYYSGQ_1.mp4,xd9oKtYYSGQ,100623138,100618339,9,6666597166
SportsShot,videos/validation/volleyball.zip,10457269117,validation,volleyball,v_xd9oKtYYSGQ_2.mp4,xd9oKtYYSGQ,119252685,119247668,9,6767215554
SportsShot,videos/validation/volleyball.zip,10457269117,validation,volleyball,v_xd9oKtYYSGQ_3.mp4,xd9oKtYYSGQ,102762190,102761065,9,6886463271
SportsShot,videos/validation/volleyball.zip,10457269117,validation,volleyball,v_xd9oKtYYSGQ_4.mp4,xd9oKtYYSGQ,115258248,115255860,9,6989224385
SportsShot,videos/validation/volleyball.zip,10457269117,validation,volleyball,v_xd9oKtYYSGQ_5.mp4,xd9oKtYYSGQ,99590007,99586974,9,7104480294
SportsShot,videos/validation/volleyball.zip,10457269117,validation,volleyball,v_xd9oKtYYSGQ_6.mp4,xd9oKtYYSGQ,110081209,110077943,9,7204067317
SportsShot,videos/validation/volleyball.zip,10457269117,validation,volleyball,v_xd9oKtYYSGQ_7.mp4,xd9oKtYYSGQ,116902590,116899522,9,7314145309
SportsShot,videos/validation/volleyball.zip,10457269117,validation,volleyball,v_xd9oKtYYSGQ_8.mp4,xd9oKtYYSGQ,129920031,129915989,9,7431044880
SportsShot,videos/validation/volleyball.zip,10457269117,validation,volleyball,v_xd9oKtYYSGQ_9.mp4,xd9oKtYYSGQ,106245721,106241856,9,7560960918
SportsShot,videos/validation/volleyball.zip,10457269117,validation,volleyball,v_xwThjDguJlc_0.mp4,xwThjDguJlc,114647377,114643791,9,7667202823
SportsShot,videos/validation/volleyball.zip,10457269117,validation,volleyball,v_xwThjDguJlc_1.mp4,xwThjDguJlc,108593123,108590039,9,7781846663
SportsShot,videos/validation/volleyball.zip,10457269117,validation,volleyball,v_xwThjDguJlc_2.mp4,xwThjDguJlc,118579840,118576486,9,7890436751
SportsShot,videos/validation/volleyball.zip,10457269117,validation,volleyball,v_xwThjDguJlc_3.mp4,xwThjDguJlc,118939363,118939257,9,8009013286
SportsShot,videos/validation/volleyball.zip,10457269117,validation,volleyball,v_xwThjDguJlc_4.mp4,xwThjDguJlc,93534576,93530113,9,8127952592
SportsShot,videos/validation/volleyball.zip,10457269117,validation,volleyball,v_xwThjDguJlc_5.mp4,xwThjDguJlc,116112415,116109614,9,8221482754
SportsShot,videos/validation/volleyball.zip,10457269117,validation,volleyball,v_xwThjDguJlc_6.mp4,xwThjDguJlc,106291259,106289717,9,8337592417
SportsShot,videos/validation/volleyball.zip,10457269117,validation,volleyball,v_xwThjDguJlc_7.mp4,xwThjDguJlc,100331522,100329112,9,8443882183
SportsShot,videos/validation/volleyball.zip,10457269117,validation,volleyball,v_xwThjDguJlc_8.mp4,xwThjDguJlc,119273328,119270577,9,8544211344
SportsShot,videos/validation/volleyball.zip,10457269117,validation,volleyball,v_xwThjDguJlc_9.mp4,xwThjDguJlc,103194125,103192492,9,8663481970
SportsShot,videos/validation/volleyball.zip,10457269117,validation,volleyball,v_XyQ_bUUwby0_0.mp4,XyQ_bUUwby0,148463686,148470725,9,8766674511
SportsShot,videos/validation/volleyball.zip,10457269117,validation,volleyball,v_XyQ_bUUwby0_1.mp4,XyQ_bUUwby0,172067109,172075081,9,8915145285
SportsShot,videos/validation/volleyball.zip,10457269117,validation,volleyball,v_XyQ_bUUwby0_2.mp4,XyQ_bUUwby0,156485383,156492749,9,9087220415
SportsShot,videos/validation/volleyball.zip,10457269117,validation,volleyball,v_XyQ_bUUwby0_3.mp4,XyQ_bUUwby0,157084498,157091580,9,9243713213
SportsShot,videos/validation/volleyball.zip,10457269117,validation,volleyball,v_XyQ_bUUwby0_4.mp4,XyQ_bUUwby0,168533759,168545463,9,9400804842
SportsShot,videos/validation/volleyball.zip,10457269117,validation,volleyball,v_XyQ_bUUwby0_5.mp4,XyQ_bUUwby0,191663067,191674004,9,9569350354
SportsShot,videos/validation/volleyball.zip,10457269117,validation,volleyball,v_XyQ_bUUwby0_6.mp4,XyQ_bUUwby0,186954142,186966673,9,9761024407
SportsShot,videos/validation/volleyball.zip,10457269117,validation,volleyball,v_XyQ_bUUwby0_7.mp4,XyQ_bUUwby0,182059367,182071840,9,9947991129
SportsShot,videos/validation/volleyball.zip,10457269117,validation,volleyball,v_XyQ_bUUwby0_8.mp4,XyQ_bUUwby0,174623366,174633474,9,10130063018
SportsShot,videos/validation/volleyball.zip,10457269117,validation,volleyball,v_XyQ_bUUwby0_9.mp4,XyQ_bUUwby0,152555760,152566705,9,10304696541
